Property,Property ID,Owner,KeyInstn,Equity Ownership (%),Company type,Owner country,Parent Company Name,Parent Company Country,Parent company KeyInstn,Parent company type,Ultimate Parent Company Name,Ultimate Parent Company Country,Ultimate Parent company KeyInstn,Ultimate Parent company type,Percent Owned All-Insitutions,Insitutions- Banks/ Investment banks,Charitable Foundations,Corporate Pensions sponsors,Educational/cultural endowments,Family Offices/Trusts,Gov pensions sponsors,Insurance companies,Investment manager,REIT,Unclassified,Union Pensions sponsors,Hedge Fund Managers <5% stake,Soverign Welth Funds <5% stake,VC/PE firms <5% stake,Insiders,Strategic Hedge Funds Managers >=5% stake,Strategic VC/PE firms >=5% stake,Sovereign Wealth Funds >=5% stake,Strategic company controlled foundations,Strategic ESOP,Strategic State Owner,Strategic Corporation (Private),Strategic Corporation (Public)
Aitik,27291,Boliden AB (publ),4348654,100,Public Company,Sweden,,,,Public Company,,,,Public Company,44.03,0,,,,0,0.57,0,41.81,3,0.01,,-1.75,0.22,0.17,1.83,,,,,,,,
Aktogay,28811,KAZ Minerals Limited,4199214,100,Private Company,United Kingdom,Nova Resources B.V.,Netherlands,23431064,Private Company,Trianon Limited,Kazakhstan,112238023,Private Company,,,,,,,,,,,,,,,,,,,,,,,,
Aktogay SX-EW,79434,KAZ Minerals Limited,4199214,100,Private Company,United Kingdom,Nova Resources B.V.,Netherlands,23431064,Private Company,Trianon Limited,Kazakhstan,112238023,Private Company,,,,,,,,,,,,,,,,,,,,,,,,
Alex,81253,Xinjiang Xinxin Mining Industry Co. Ltd.,4355482,100,Public Company,China,Xinjiang NonFerrous Metal Industry (Group) Co.Ltd,China,4415549,Private Company,Xinjiang NonFerrous Metal Industry (Group) Co.Ltd,China,4415549,Private Company,5.56,,,,,,,,5.56,,,,,,,12.8,,,,,,,46.61,2.69
Aljustrel,26483,I'M - SGPS SA,4360795,100,Private Company,Portugal,,,,Public Company,,,,Public Company,,,,,,,,,,,,,,,,,,,,,,,,
Amandelbult,31295,Valterra Platinum Ltd.,4348055,100,Public Company,South Africa,,,,Public Company,,,,Public Company,54.07,0.05,,,,,0.27,,49.54,,0.82,,0.66,2.74,,0.01,,,,,,,0.01,
Amawusu,81246,Siziwangqi Amawusu Mining Co. Ltd.Siziwangqi Amawusu Mining Co. Ltd.,10930027,100,Private Company,China,,,,Public Company,,,,Public Company,,,,,,,,,,,,,,,,,,,,,,,,
Andina Division,27525,Codelco,4349314,100,Private Company,Chile,Chile,Chile,4412501,Government Institution,Chile,Chile,4412501,Government Institution,,,,,,,,,,,,,,,,,,,,,,,,
Anqing,27467,Tongdu Copper Works,4354915,100,Private Company,China,,,,Public Company,,,,Public Company,,,,,,,,,,,,,,,,,,,,,,,,
Antamina,27115,BHP Group Ltd.,4121840,33.75,Public Company,Australia,,,,Public Company,,,,Public Company,41.43,0.85,,0,,0.04,3.49,0.08,35.6,,0.06,,0.1,1.19,0.03,0.03,,,,,,2.98,0,
Antamina,27115,Glencore PLC,4113732,33.75,Public Company,Switzerland,,,,Public Company,,,,Public Company,61.76,3.68,1.77,0.03,,0,0.29,0.08,54.17,,0.15,,0.25,1.11,0.23,12.83,,8.93,,,0.19,0.05,0.02,
Antamina,27115,Mitsubishi Corp.,4065098,10,Public Company,Japan,,,,Public Company,,,,Public Company,48.08,0.39,,4.83,,0,0.41,11.22,26.92,,2.52,,0.32,1.47,0.01,0.08,,,,,,,,
Antamina,27115,Teck Resources Ltd.,4141965,22.5,Public Company,Canada,,,,Public Company,,,,Public Company,73.55,4.31,,0.08,,0.04,2.12,0.02,52.4,,0.03,0.04,7.59,5.77,1.16,0.08,,,,,,0.05,4.21,
Antapaccay,36915,Glencore PLC,4113732,100,Public Company,Switzerland,,,,Public Company,,,,Public Company,61.76,3.68,1.77,0.03,,0,0.29,0.08,54.17,,0.15,,0.25,1.11,0.23,12.83,,8.93,,,0.19,0.05,0.02,
Antas,35780,BHP Group Ltd.,4121840,100,Public Company,Australia,,,,Public Company,,,,Public Company,41.43,0.85,,0,,0.04,3.49,0.08,35.6,,0.06,,0.1,1.19,0.03,0.03,,,,,,2.98,0,
Antucoya,30340,Antofagasta PLC,4348083,70,Public Company,United Kingdom,Metalinvest Anstalt,Liechtenstein,4409674,Private Company,E. Abaroa Foundation,Liechtenstein,4409661,Private Company,28.13,1.26,0.48,0.02,,,0.27,0.07,26.27,,0,,-0.84,0.53,0.06,4.26,,,,,,,61.25,0.03
Antucoya,30340,Marubeni Corp.,4041871,30,Public Company,Japan,,,,Public Company,,,,Public Company,66.98,2.17,,2.31,,0,0.26,10.54,48.17,,2,,0.01,1.51,0.01,0.09,,,,,,,,
Aranzazu,30526,Aura Minerals Inc.,4348292,100,Public Company,USA,,,,Public Company,,,,Public Company,31.26,2.62,,,,0.14,0.12,,19.99,,0,,8.21,0.17,0.01,52.24,,,,,,,0,
Aripuana,29814,Nexa Resources SA,4666985,100,Public Company,Luxembourg,Votorantim S.A.,Brazil,4355257,Private Company,JEMF Participações S.A.,Brazil,7169260,Private Company,12.77,1.52,,,,0,0.03,,5.56,,0.01,,5.64,,0.01,,,,,,,,64.68,
Aripuana,29814,Sumner Group Mining plc,7927584,100,Private Company,Peru,,,,Public Company,,,,Public Company,,,,,,,,,,,,,,,,,,,,,,,,
Ashele,28228,People's Government of Gansu Province,4350334,15,Government Institution,China,,,,Public Company,,,,Public Company,,,,,,,,,,,,,,,,,,,,,,,,
Ashele,28228,Xinjiang NonFerrous Metal Industry (Group) Co.Ltd.,4415549,34,Private Company,China,,,,Public Company,,,,Public Company,,,,,,,,,,,,,,,,,,,,,,,,
Ashele,28228,Zijin Mining Group Co. Ltd.,4355642,51,Public Company,China,,,,Public Company,,,,Public Company,32.01,2.33,,,,,0.02,,27.92,,0.02,,0.06,1.62,0.04,0.09,,,,,0.16,,24,
Asientos,31282,Minera Frisco S.A.B. de C.V.,4352362,99.99,Public Company,Mexico,,,,Public Company,,,,Public Company,0.3,,,,,,,,0.3,,,,,,,6.47,,,,,,,,
Atlas Toledo,26908,Atlas Consolidated Mining & Development Corp.,4348270,100,Public Company,Philippines,,,,Public Company,,,,Public Company,0.63,,,,,,,,0.63,,,,,,,2.99,,,,,,,37.17,34.07
Avino,26257,Avino Silver & Gold Mines Ltd.,4348363,99.67,Public Company,Canada,,,,Public Company,,,,Public Company,22.61,1.31,,0.01,,0.22,0.16,,17.98,,,,2.92,0.01,0,6.37,,,,,,,,0
Avino,26257,Private Interest,4353456,0.33,Private Company,China,,,,Public Company,,,,Public Company,,,,,,,,,,,,,,,,,,,,,,,,
Bagdad,24518,Freeport-McMoRan Inc.,4004107,100,Public Company,USA,,,,Public Company,,,,Public Company,87.26,4.93,,0.12,,0.26,1.73,0.17,73.98,0,0.51,0.02,5.29,0.07,0.17,0.42,,,,,,0.14,0.02,
Bairen,81247,Inner Mongolia Bayern Mining Co. Ltd.,10930039,100,Private Company,China,,,,Public Company,,,,Public Company,,,,,,,,,,,,,,,,,,,,,,,,
Baita Plai,75735,Vast Resources PLC,4347817,100,Public Company,United Kingdom,,,,Public Company,,,,Public Company,80.06,9.02,,,,,,,71.04,,,,,,,8.23,,,,,,,1.49,0.38
Baiyin Shenbu,80829,"Baiyin Deep Mining Co., Ltd.",10948123,100,Private Company,China,,,,Public Company,,,,Public Company,,,,,,,,,,,,,,,,,,,,,,,,
Baiyunshan,80812,Yangxin County Xincheng Mining Co. Ltd.,10931218,100,Private Company,China,,,,Public Company,,,,Public Company,,,,,,,,,,,,,,,,,,,,,,,,
Bashkir,30486,Ural Mining & Metallurgical Co.,4355114,79.78,Private Company,Russia,SELMARECO LTD.,Cyprus,25831363,Private Company,Mineral Power Limited,Hong Kong,12767702,Private Company,,,,,,,,,,,,,,,,,,,,,,,,
Batu Hijau,28386,PT Amman Mineral Internasional Tbk,4754148,99.99,Public Company,Indonesia,,,,Public Company,,,,Public Company,2.17,,,,,,0.05,,2.02,,0,,0,0.09,,1.01,,,,,,,78.64,
Batu Hijau,28386,PT AP Investment,7700419,0.01,Private Company,Indonesia,,,,Public Company,,,,Public Company,,,,,,,,,,,,,,,,,,,,,,,,
Bingham Canyon,24783,Rio Tinto Group,4149660,100,Public Company,United Kingdom,,,,Public Company,,,,Public Company,71.76,3.72,0.17,0.91,,0.15,4.42,1.27,57.36,,0.2,,0.84,2.56,0.15,0.02,,,,,0.44,0.16,11.23,0.07
Bisha,32625,Eritrean National Mining Corp.,4350038,45,Private Company,Eritrea,,,,Public Company,,,,Public Company,,,,,,,,,,,,,,,,,,,,,,,,
Bisha,32625,Zijin Mining Group Co. Ltd.,4355642,55,Public Company,China,,,,Public Company,,,,Public Company,32.01,2.33,,,,,0.02,,27.92,,0.02,,0.06,1.62,0.04,0.09,,,,,0.16,,24,
Bizhigou,80814,Shanxi Zhongtiaoshan Nonferrous Metals Group Zizigou Mining Co. Ltd.,10931202,100,Private Company,China,,,,Public Company,,,,Public Company,,,,,,,,,,,,,,,,,,,,,,,,
Black Mountain,27286,Exxaro Resources Ltd.,4226974,26,Public Company,South Africa,,,,Public Company,,,,Public Company,68.86,,,,,,0.18,,67.76,,0.86,,0.07,,,0.11,,,,,,,,
Black Mountain,27286,Vedanta Ltd.,4354101,74,Public Company,India,,,,Public Company,,,,Public Company,17.57,0,,,,,0.05,4.92,12.16,0.03,0.41,,0,,,0.01,,,,,,0.23,58.37,
Boddington,25613,Newmont Corp.,4075105,100,Public Company,USA,,,,Public Company,,,,Public Company,81.17,3.13,,0.28,,0.21,2.48,0.14,70.67,,0.39,0.02,2.34,1.48,0.03,0.07,,,,,,0.12,0.04,
Boliden Area,27166,Boliden AB (publ),4348654,100,Public Company,Sweden,,,,Public Company,,,,Public Company,44.03,0,,,,0,0.57,0,41.81,3,0.01,,-1.75,0.22,0.17,1.83,,,,,,,,
Bolivar,33381,Alpayana S.A.C.,29771747,100,Private Company,Peru,,,,Public Company,,,,Public Company,,,,,,,,,,,,,,,,,,,,,,,,
Booysendal North,32552,Northam Platinum Holdings Ltd.,4264043,100,Public Company,South Africa,,,,Public Company,,,,Public Company,77.48,0.72,,,,,0.22,,71.46,,0.95,,0.19,3.94,0,0.34,5.34,,,,,,,
Booysendal South,38707,Northam Platinum Holdings Ltd.,4264043,100,Public Company,South Africa,,,,Public Company,,,,Public Company,77.48,0.72,,,,,0.22,,71.46,,0.95,,0.19,3.94,0,0.34,5.34,,,,,,,
Bor Basin,27543,RTB Bor Group d.o.o.,4428541,37,Private Company,Serbia,Zijin Mining Group Company Limited,China,4355642,Public Company,Zijin Mining Group Company Limited,China,4355642,Public Company,,,,,,,,,,,,,,,,,,,,,,,,
Bor Basin,27543,Zijin Mining Group Co. Ltd.,4355642,63,Public Company,China,,,,Public Company,,,,Public Company,32.01,2.33,,,,,0.02,,27.92,,0.02,,0.06,1.62,0.04,0.09,,,,,0.16,,24,
Bozshakol,29312,KAZ Minerals Limited,4199214,100,Private Company,United Kingdom,Nova Resources B.V.,Netherlands,23431064,Private Company,Trianon Limited,Kazakhstan,112238023,Private Company,,,,,,,,,,,,,,,,,,,,,,,,
Bozymchak,35199,KAZ Minerals Limited,4199214,100,Private Company,United Kingdom,Nova Resources B.V.,Netherlands,23431064,Private Company,Trianon Limited,Kazakhstan,112238023,Private Company,,,,,,,,,,,,,,,,,,,,,,,,
Buenavista,26672,Mexico,4437706,1.7,Government Institution,Mexico,,,,Public Company,,,,Public Company,,,,,,,,,,,,,,,,,,,,,,,,
Buenavista,26672,Southern Copper Corp.,4354459,98.3,Public Company,USA,Americas Mining Corporation,USA,4356310,Private Company,"Grupo México, S.A.B. de C.V.",Mexico,4350827,Public Company,9.6,0.52,,0.01,,0.07,0.29,0,8.12,,0.03,,0.44,0.09,0.04,0.06,,,,,,0.01,0,88.9
Buenavista SX-EW,75974,Mexico,4437706,1.7,Government Institution,Mexico,,,,Public Company,,,,Public Company,,,,,,,,,,,,,,,,,,,,,,,,
Buenavista SX-EW,75974,Southern Copper Corp.,4354459,98.3,Public Company,USA,Americas Mining Corporation,USA,4356310,Private Company,"Grupo México, S.A.B. de C.V.",Mexico,4350827,Public Company,9.6,0.52,,0.01,,0.07,0.29,0,8.12,,0.03,,0.44,0.09,0.04,0.06,,,,,,0.01,0,88.9
Bulyanhulu,27160,Barrick Mining Corp.,4120225,84,Public Company,Canada,,,,Public Company,,,,Public Company,65.46,4.35,,0.05,,0.15,1.63,0.04,54.32,,0.32,0.02,3.99,0.17,0.43,0.28,,,,,,0.06,0.02,
Bulyanhulu,27160,Tanzania,4350733,16,Government Institution,Tanzania,,,,Public Company,,,,Public Company,,,,,,,,,,,,,,,,,,,,,,,,
Buribayevsky,33190,People's Government of Gansu Province,4350334,35.34,Government Institution,China,,,,Public Company,,,,Public Company,,,,,,,,,,,,,,,,,,,,,,,,
Buribayevsky,33190,Ural Mining & Metallurgical Co.,4355114,64.66,Private Company,Russia,SELMARECO LTD.,Cyprus,25831363,Private Company,Mineral Power Limited,Hong Kong,12767702,Private Company,,,,,,,,,,,,,,,,,,,,,,,,
Bystrinskoye,33413,CIS Natural Resources Fund,6168783,36.66,Private Fund,Russia,,,,Public Company,,,,Public Company,,,,,,,,,,,,,,,,,,,,,,,,
Bystrinskoye,33413,Highland Fund,4649896,13.33,Private Company,China,,,,Public Company,,,,Public Company,,,,,,,,,,,,,,,,,,,,,,,,
Bystrinskoye,33413,PJSC Mining and Metallurgical Co. Norilsk Nickel,4352853,50.01,Public Company,Russia,,,,Public Company,,,,Public Company,2.97,,,,,0,0.09,0,2.81,,0,,0,,0.06,,,,,,,,,
Campo Morado,29404,Luca Mining Corp.,4354402,99.9,Public Company,Canada,,,,Public Company,,,,Public Company,3.67,0.12,,,,,,,3.55,,,,,,,2.44,,,,,,,0.66,
Campo Morado,29404,Reynas Minas SA de CV,4622758,0.1,Private Company,Mexico,,,,Public Company,,,,Public Company,,,,,,,,,,,,,,,,,,,,,,,,
Candelaria,27244,Lundin Mining Corp.,4351931,80,Public Company,Canada,,,,Public Company,,,,Public Company,46.58,0.01,,,,,0.25,,46.8,,0.15,,-0.63,,0,0.79,,,,,,,20.18,
Candelaria,27244,Sumitomo Corp.,4047416,4,Public Company,Japan,,,,Public Company,,,,Public Company,50.87,0.58,,,,0,0.35,14.22,31.95,,2.15,,0.26,1.33,0.02,0.05,,,,,,,,
Candelaria,27244,Sumitomo Metal Mining Co. Ltd.,4354638,16,Public Company,Japan,,,,Public Company,,,,Public Company,48.32,,,0.55,,0,4,1.39,37.43,,3.08,,0.12,1.74,0.01,0.02,,,,,,,,5.51
Capela,27826,Industrias Peñoles SAB de CV,4351226,100,Public Company,Mexico,,,,Public Company,,,,Public Company,15.8,0.01,,,,,0.25,,15.52,,0.01,,0.01,,,,,,,,,,0.06,
Caraíba,27830,Ero Copper Corp.,8252418,99.6,Public Company,Canada,,,,Public Company,,,,Public Company,69.91,3.48,,0.01,,0.09,0.19,,55.94,,,,9.62,,0.56,2.43,,,,,,0.02,,
Carlota,28022,KGHM Polska Miedz SA,4351589,100,Public Company,Poland,,,,Public Company,,,,Public Company,44.54,0.82,,2.9,,,0.17,0,38.35,,0.01,,1.53,0.76,0.01,,,,,,,31.79,,
Carmen de Andacollo,27530,Empresa Nacional de Minería,4349977,10,Private Company,Chile,,,,Public Company,,,,Public Company,,,,,,,,,,,,,,,,,,,,,,,,
Carmen de Andacollo,27530,Teck Resources Ltd.,4141965,90,Public Company,Canada,,,,Public Company,,,,Public Company,73.55,4.31,,0.08,,0.04,2.12,0.02,52.4,,0.03,0.04,7.59,5.77,1.16,0.08,,,,,,0.05,4.21,
Carrapateena,33838,BHP Group Ltd.,4121840,100,Public Company,Australia,,,,Public Company,,,,Public Company,41.43,0.85,,0,,0.04,3.49,0.08,35.6,,0.06,,0.1,1.19,0.03,0.03,,,,,,2.98,0,
Caserones,29152,JX Advanced Metals Corp.,4361542,30,Public Company,Japan,,,,Public Company,,,,Public Company,19.54,,,,,,3.24,0,13.73,,1.27,,0.33,0.97,0,,,,,,,,,41.39
Caserones,29152,Lundin Mining Corp.,4351931,70,Public Company,Canada,,,,Public Company,,,,Public Company,46.58,0.01,,,,,0.25,,46.8,,0.15,,-0.63,,0,0.79,,,,,,,20.18,
Caserones SX-EW,76101,JX Advanced Metals Corp.,4361542,100,Public Company,Japan,,,,Public Company,,,,Public Company,19.54,,,,,,3.24,0,13.73,,1.27,,0.33,0.97,0,,,,,,,,,41.39
Cayeli,25754,First Quantum Minerals Ltd.,4350215,100,Public Company,Canada,,,,Public Company,,,,Public Company,44.68,0,,,,,0.45,,42.32,,0.01,,0.1,1.8,0,0.14,,,,,,,0.03,18.6
Centinela Oxide,27981,Antofagasta PLC,4348083,70,Public Company,United Kingdom,Metalinvest Anstalt,Liechtenstein,4409674,Private Company,E. Abaroa Foundation,Liechtenstein,4409661,Private Company,28.13,1.26,0.48,0.02,,,0.27,0.07,26.27,,0,,-0.84,0.53,0.06,4.26,,,,,,,61.25,0.03
Centinela Oxide,27981,Marubeni Corp.,4041871,30,Public Company,Japan,,,,Public Company,,,,Public Company,66.98,2.17,,2.31,,0,0.26,10.54,48.17,,2,,0.01,1.51,0.01,0.09,,,,,,,,
Centinela Sulfide,30972,Antofagasta PLC,4348083,70,Public Company,United Kingdom,Metalinvest Anstalt,Liechtenstein,4409674,Private Company,E. Abaroa Foundation,Liechtenstein,4409661,Private Company,28.13,1.26,0.48,0.02,,,0.27,0.07,26.27,,0,,-0.84,0.53,0.06,4.26,,,,,,,61.25,0.03
Centinela Sulfide,30972,Marubeni Corp.,4041871,30,Public Company,Japan,,,,Public Company,,,,Public Company,66.98,2.17,,2.31,,0,0.26,10.54,48.17,,2,,0.01,1.51,0.01,0.09,,,,,,,,
Central Region,28638,Cuprum Holding Ltd.,4410234,100,Private Company,Malta,,,,Public Company,,,,Public Company,,,,,,,,,,,,,,,,,,,,,,,,
Cerro Corona,28818,Gold Fields Ltd.,4144674,99.53,Public Company,South Africa,,,,Public Company,,,,Public Company,94.16,14.35,,0.01,,0.07,0.38,0.01,75.52,,1.02,,1.05,1.73,0.02,0.03,,,,,,,,
Cerro Corona,28818,Private Interest,4353456,0.47,Private Company,China,,,,Public Company,,,,Public Company,,,,,,,,,,,,,,,,,,,,,,,,
Cerro de Maimon,25700,Shenzhen Zhongjin Lingnan Nonfemet Co. Ltd.,4355633,100,Public Company,China,,,,Public Company,,,,Public Company,4.72,,,,,,,,4.71,,0.01,,,,,,,,,,,,30.06,
Cerro Lindo,29509,Nexa Resources Perú SAA,4349227,100,Public Company,Peru,Nexa Resources - Cajamarquilla S.A.,Peru,4407778,Private Company,JEMF Participações S.A.,Brazil,7169260,Private Company,7.72,,,,,,,,7.72,,,,,,,,,,,,,,82.47,
Cerro Verde,27055,Compañía de Minas Buenaventura SAA,4349204,19.58,Public Company,Peru,,,,Public Company,,,,Public Company,46.2,1.94,,1.47,,0.13,0.57,,41.37,,0.16,,0.53,0.03,,13.21,,,,,,,18.92,
Cerro Verde,27055,Freeport-McMoRan Inc.,4004107,55.08,Public Company,USA,,,,Public Company,,,,Public Company,87.26,4.93,,0.12,,0.26,1.73,0.17,73.98,0,0.51,0.02,5.29,0.07,0.17,0.42,,,,,,0.14,0.02,
Cerro Verde,27055,Sumitomo Corp.,4047416,4.2,Public Company,Japan,,,,Public Company,,,,Public Company,50.87,0.58,,,,0,0.35,14.22,31.95,,2.15,,0.26,1.33,0.02,0.05,,,,,,,,
Cerro Verde,27055,Sumitomo Metal Mining Co. Ltd.,4354638,16.8,Public Company,Japan,,,,Public Company,,,,Public Company,48.32,,,0.55,,0,4,1.39,37.43,,3.08,,0.12,1.74,0.01,0.02,,,,,,,,5.51
Cerro Verde SX-EW,75975,Compañía de Minas Buenaventura SAA,4349204,19.58,Public Company,Peru,,,,Public Company,,,,Public Company,46.2,1.94,,1.47,,0.13,0.57,,41.37,,0.16,,0.53,0.03,,13.21,,,,,,,18.92,
Cerro Verde SX-EW,75975,Freeport-McMoRan Inc.,4004107,55.08,Public Company,USA,,,,Public Company,,,,Public Company,87.26,4.93,,0.12,,0.26,1.73,0.17,73.98,0,0.51,0.02,5.29,0.07,0.17,0.42,,,,,,0.14,0.02,
Cerro Verde SX-EW,75975,Sumitomo Metal Mining Co. Ltd.,4354638,21,Public Company,Japan,,,,Public Company,,,,Public Company,48.32,,,0.55,,0,4,1.39,37.43,,3.08,,0.12,1.74,0.01,0.02,,,,,,,,5.51
Chambishi,28268,China Nonferrous Mining Corp. Ltd.,4349160,85,Public Company,China,China Nonferrous Mining Development Limited,BVI,4416391,Private Company,State-owned Assets Supervision and Administration Commission of the State Counci,China,4649432,Government Institution,9.74,0.06,,,,,,,9.69,,,,,,,,,,,,,,66.63,
Chambishi,28268,ZCCM Investments Holdings PLC,4355602,15,Public Company,Zambia,Industrial Development Corporation (Zambia) Limited,Zambia,4466550,Government Institution,Industrial Development Corporation (Zambia) Limited,Zambia,4466550,Government Institution,5.96,,,,,,5.96,,,,,,,,,,,,,,,30.81,,
Changhong,81644,Private Interest,4353456,100,Private Company,China,,,,Public Company,,,,Public Company,,,,,,,,,,,,,,,,,,,,,,,,
Chapada,29357,Lundin Mining Corp.,4351931,100,Public Company,Canada,,,,Public Company,,,,Public Company,46.58,0.01,,,,,0.25,,46.8,,0.15,,-0.63,,0,0.79,,,,,,,20.18,
Charcas,28283,Southern Copper Corp.,4354459,100,Public Company,USA,Americas Mining Corporation,USA,4356310,Private Company,"Grupo México, S.A.B. de C.V.",Mexico,4350827,Public Company,9.6,0.52,,0.01,,0.07,0.29,0,8.12,,0.03,,0.44,0.09,0.04,0.06,,,,,,0.01,0,88.9
Chelopech,28244,DPM Metals Inc.,4349826,100,Public Company,Canada,,,,Public Company,,,,Public Company,54.31,3.36,,0.01,,,0.02,,48.65,,,,1.54,0.73,,3.14,16.83,,,,,,,
Chengmenshan,33372,Jiangxi Copper Co. Ltd.,4351423,100,Public Company,China,Jiangxi Copper Corporation Limited,China,4406764,Private Company,State-owned Assets Supervision and Administration Commission of Jiangxi Province,China,10606288,Government Institution,17.01,3.12,,,,,,,13.01,,0.01,,0.04,0.83,0,0.55,,,,,,,45.86,
Chino,24733,Freeport-McMoRan Inc.,4004107,100,Public Company,USA,,,,Public Company,,,,Public Company,87.26,4.93,,0.12,,0.26,1.73,0.17,73.98,0,0.51,0.02,5.29,0.07,0.17,0.42,,,,,,0.14,0.02,
Chino SX-EW,75976,Freeport-McMoRan Inc.,4004107,100,Public Company,USA,,,,Public Company,,,,Public Company,87.26,4.93,,0.12,,0.26,1.73,0.17,73.98,0,0.51,0.02,5.29,0.07,0.17,0.42,,,,,,0.14,0.02,
Chungar,31651,Volcan Compañía Minera SAA,4355250,100,Public Company,Peru,Transition Metals AG,Switzerland,117657833,Private Company,Integra Capital S.A.,Argentina,5763197,Private Company,2.16,,,,,,,,2.16,,,,,,,8.25,,,,,,,26.29,0.38
Chuquicamata,26697,Codelco,4349314,100,Private Company,Chile,Chile,Chile,4412501,Government Institution,Chile,Chile,4412501,Government Institution,,,,,,,,,,,,,,,,,,,,,,,,
Cobar,28004,Harmony Gold Mining Co. Ltd.,4155293,100,Public Company,South Africa,,,,Public Company,,,,Public Company,63.2,0.47,,0.01,,3.89,0.54,,52.11,,1.94,,3.05,1.2,0,0.1,,,,,1.95,,,10.83
Collahuasi,27283,Anglo American PLC,4193273,44,Public Company,United Kingdom,,,,Public Company,,,,Public Company,78.13,3.84,,0.23,,0.01,1.58,0.16,68.04,,0.67,0.04,-0.09,3.33,0.31,0.09,,,,,1.12,0.12,9.8,0.09
Collahuasi,27283,Glencore PLC,4113732,44,Public Company,Switzerland,,,,Public Company,,,,Public Company,61.76,3.68,1.77,0.03,,0,0.29,0.08,54.17,,0.15,,0.25,1.11,0.23,12.83,,8.93,,,0.19,0.05,0.02,
Collahuasi,27283,Mitsui & Co. Ltd.,4086798,11.03,Public Company,Japan,,,,Public Company,,,,Public Company,51.3,1.44,,,,0,0.29,10.97,34.28,,2.41,,0.42,1.49,0.01,0.07,,,,,,,,
Collahuasi,27283,Mitsui Kinzoku Company Ltd.,4352523,0.97,Public Company,Japan,,,,Public Company,,,,Public Company,58.1,0.81,,,,,0.35,0,52.97,,2.3,,0.04,1.62,0.01,0.12,,,,,3.17,,,
Constancia,33414,Hudbay Minerals Inc.,4351119,100,Public Company,Canada,,,,Public Company,,,,Public Company,69.03,4.2,,1.24,,0.14,0.55,0,50.29,,0.02,,11.15,1.19,0.26,0.17,,,,,,0.02,3.58,
Continental,24673,Montana Resources LLP,4495972,100,Private Company,USA,Washington Corporations,USA,6619710,Private Company,The Washington Companies,USA,6623075,Private Company,,,,,,,,,,,,,,,,,,,,,,,,
Copper Mountain,26105,Hudbay Minerals Inc.,4351119,100,Public Company,Canada,,,,Public Company,,,,Public Company,69.03,4.2,,1.24,,0.14,0.55,0,50.29,,0.02,,11.15,1.19,0.26,0.17,,,,,,0.02,3.58,
Cosala,30268,Americas Gold and Silver Corp.,4354065,100,Public Company,Canada,,,,Public Company,,,,Public Company,44.94,1.38,,0.01,,0.08,0.12,,37.85,,,,5.51,0,0,3.83,,,,,,,13.29,
Cozamin,32931,Capstone Copper Corp.,4348938,100,Public Company,Canada,,,,Public Company,,,,Public Company,41.77,,,,,,0.07,,32.1,,,,0.67,3.27,5.65,3.05,,,,,,,6.64,
Cuajone,26653,Southern Copper Corp.,4354459,100,Public Company,USA,Americas Mining Corporation,USA,4356310,Private Company,"Grupo México, S.A.B. de C.V.",Mexico,4350827,Public Company,9.6,0.52,,0.01,,0.07,0.29,0,8.12,,0.03,,0.44,0.09,0.04,0.06,,,,,,0.01,0,88.9
Dahongshan,29744,Yunnan Copper Co.Ltd.,4355551,100,Public Company,China,"Yunnan Copper Industry (Group) Co., Ltd.",China,9046546,Private Company,State-owned Assets Supervision and Administration Commission of the State Counci,China,4649432,Government Institution,8.21,2.05,,,,,,,4.75,,,,,0.33,1.08,0.43,,,,,,,6.29,
Dajingzi,81250,"Chifeng Dajingzi Mining Co., Ltd.",10948224,100,Private Company,China,,,,Public Company,,,,Public Company,,,,,,,,,,,,,,,,,,,,,,,,
Daluowan,81201,Private Interest,4353456,100,Private Company,China,,,,Public Company,,,,Public Company,,,,,,,,,,,,,,,,,,,,,,,,
Dapingzhang,35291,Grand Long Enterprises Ltd.,4350764,40,Private Company,BVI,,,,Public Company,,,,Public Company,,,,,,,,,,,,,,,,,,,,,,,,
Dapingzhang,35291,"Yunnan Dingtai Investment Co., Ltd.",6730095,10,Private Company,China,,,,Public Company,,,,Public Company,,,,,,,,,,,,,,,,,,,,,,,,
Dapingzhang,35291,Yuxi Resources Corp.,6496329,50,Private Company,China,"Yunnan Copper Co.,Ltd",China,4355551,Public Company,State-owned Assets Supervision and Administration Commission of the State Counci,China,4649432,Government Institution,,,,,,,,,,,,,,,,,,,,,,,,
Datong,80818,China State-Owned Mining Enterprise,10393182,100,Private Company,China,,,,Public Company,,,,Public Company,,,,,,,,,,,,,,,,,,,,,,,,
Deerni,30531,Zijin Mining Group Co. Ltd.,4355642,100,Public Company,China,,,,Public Company,,,,Public Company,32.01,2.33,,,,,0.02,,27.92,,0.02,,0.06,1.62,0.04,0.09,,,,,0.16,,24,
Deflector,28512,Vault Minerals Ltd.,4353673,100,Public Company,Australia,,,,Public Company,,,,Public Company,51.32,1.44,,,,,0.51,,47.91,,,,,1.45,,0.42,5.01,,,,,,,
Dexing Complex,27385,Jiangxi Copper Co. Ltd.,4351423,100,Public Company,China,Jiangxi Copper Corporation Limited,China,4406764,Private Company,State-owned Assets Supervision and Administration Commission of Jiangxi Province,China,10606288,Government Institution,17.01,3.12,,,,,,,13.01,,0.01,,0.04,0.83,0,0.55,,,,,,,45.86,
Deziwa,36928,China Nonferrous Mining Corp. Ltd.,4349160,51,Public Company,China,China Nonferrous Mining Development Limited,BVI,4416391,Private Company,State-owned Assets Supervision and Administration Commission of the State Counci,China,4649432,Government Institution,9.74,0.06,,,,,,,9.69,,,,,,,,,,,,,,66.63,
Deziwa,36928,Gécamines SA,4350360,49,Private Company,Dem. Rep. Congo,Dem. Rep. Congo,Dem. Rep. Congo,4350734,Government Institution,Dem. Rep. Congo,Dem. Rep. Congo,4350734,Government Institution,,,,,,,,,,,,,,,,,,,,,,,,
Didipio,28530,OceanaGold Corp.,4352997,80,Public Company,Canada,,,,Public Company,,,,Public Company,47.58,0,,,,,0.04,,45.41,,,,2.14,,,0.4,,,,,,,,
Didipio,28530,Private Interest,4353456,20,Private Company,China,,,,Public Company,,,,Public Company,,,,,,,,,,,,,,,,,,,,,,,,
Doe Run Mines,25493,The Doe Run Resources Corp.,4120762,100,Private Company,USA,"The Renco Group, Inc.",USA,4157697,Private Company,"The Renco Group, Inc.",USA,4157697,Private Company,,,,,,,,,,,,,,,,,,,,,,,,
Dongguashan,29285,Tongling Nonferrous Metals Group Co. Ltd.,4314727,100,Public Company,China,,,,Public Company,,,,Public Company,11.55,,,,,,,1.06,9.97,,0,,,0.52,,0,,,,,,,46.14,
Dongjin,81258,Kunming Dongshen Mining Co. Ltd.,10947811,100,Private Company,China,,,,Public Company,,,,Public Company,,,,,,,,,,,,,,,,,,,,,,,,
Dongshengmiao,80256,Wancheng Commercial Dongshengmiao Co. Ltd.,4403566,100,Private Company,China,Hainan Qianjinda Investment Company Limited,China,8290879,Private Company,Hainan Qianjinda Investment Company Limited,China,8290879,Private Company,,,,,,,,,,,,,,,,,,,,,,,,
Duobaoshan,33791,Zijin Mining Group Co. Ltd.,4355642,100,Public Company,China,,,,Public Company,,,,Public Company,32.01,2.33,,,,,0.02,,27.92,,0.02,,0.06,1.62,0.04,0.09,,,,,0.16,,24,
Eagle,33795,Lundin Mining Corp.,4351931,100,Public Company,Canada,,,,Public Company,,,,Public Company,46.58,0.01,,,,,0.25,,46.8,,0.15,,-0.63,,0,0.79,,,,,,,20.18,
East Region Operations,30277,KAZ Minerals Limited,4199214,100,Private Company,United Kingdom,Nova Resources B.V.,Netherlands,23431064,Private Company,Trianon Limited,Kazakhstan,112238023,Private Company,,,,,,,,,,,,,,,,,,,,,,,,
East Yellow Mountain,33386,Xinjiang Xinxin Mining Industry Co. Ltd.,4355482,100,Public Company,China,Xinjiang NonFerrous Metal Industry (Group) Co.Ltd,China,4415549,Private Company,Xinjiang NonFerrous Metal Industry (Group) Co.Ltd,China,4415549,Private Company,5.56,,,,,,,,5.56,,,,,,,12.8,,,,,,,46.61,2.69
El Abra,27678,Codelco,4349314,49,Private Company,Chile,Chile,Chile,4412501,Government Institution,Chile,Chile,4412501,Government Institution,,,,,,,,,,,,,,,,,,,,,,,,
El Abra,27678,Freeport-McMoRan Inc.,4004107,51,Public Company,USA,,,,Public Company,,,,Public Company,87.26,4.93,,0.12,,0.26,1.73,0.17,73.98,0,0.51,0.02,5.29,0.07,0.17,0.42,,,,,,0.14,0.02,
El Brocal,26711,Compañía de Minas Buenaventura SAA,4349204,61.43,Public Company,Peru,,,,Public Company,,,,Public Company,46.2,1.94,,1.47,,0.13,0.57,,41.37,,0.16,,0.53,0.03,,13.21,,,,,,,18.92,
El Porvenir,28596,Nexa Resources Perú SAA,4349227,100,Public Company,Peru,Nexa Resources - Cajamarquilla S.A.,Peru,4407778,Private Company,JEMF Participações S.A.,Brazil,7169260,Private Company,7.72,,,,,,,,7.72,,,,,,,,,,,,,,82.47,
El Soldado,26722,Anglo American PLC,4193273,50.06,Public Company,United Kingdom,,,,Public Company,,,,Public Company,78.13,3.84,,0.23,,0.01,1.58,0.16,68.04,,0.67,0.04,-0.09,3.33,0.31,0.09,,,,,1.12,0.12,9.8,0.09
El Soldado,26722,Codelco,4349314,20,Private Company,Chile,Chile,Chile,4412501,Government Institution,Chile,Chile,4412501,Government Institution,,,,,,,,,,,,,,,,,,,,,,,,
El Soldado,26722,Mitsubishi Corp.,4065098,20.44,Public Company,Japan,,,,Public Company,,,,Public Company,48.08,0.39,,4.83,,0,0.41,11.22,26.92,,2.52,,0.32,1.47,0.01,0.08,,,,,,,,
El Soldado,26722,Mitsui & Co. Ltd.,4086798,9.5,Public Company,Japan,,,,Public Company,,,,Public Company,51.3,1.44,,,,0,0.29,10.97,34.28,,2.41,,0.42,1.49,0.01,0.07,,,,,,,,
El Teniente,26696,Codelco,4349314,100,Private Company,Chile,Chile,Chile,4412501,Government Institution,Chile,Chile,4412501,Government Institution,,,,,,,,,,,,,,,,,,,,,,,,
El Teniente Tailings,32770,Codelco,4349314,100,Private Company,Chile,Chile,Chile,4412501,Government Institution,Chile,Chile,4412501,Government Institution,,,,,,,,,,,,,,,,,,,,,,,,
El Valle,28963,Orvana Minerals Corp.,4353125,100,Public Company,Canada,Fabulosa Mines Limited,Cyprus,4350131,Private Company,Andean Resources SA,Panama,19881679,Private Company,0.07,,,,,,,,0.07,,,,,,,1.95,,,,,,,51.91,
Eland,34342,Northam Platinum Holdings Ltd.,4264043,100,Public Company,South Africa,,,,Public Company,,,,Public Company,77.48,0.72,,,,,0.22,,71.46,,0.95,,0.19,3.94,0,0.34,5.34,,,,,,,
Ellatzite,28750,Geotechmin Ood,4502292,100,Private Company,Bulgaria,,,,Public Company,,,,Public Company,,,,,,,,,,,,,,,,,,,,,,,,
Eloise,28703,AIC Mines Ltd.,8967572,100,Public Company,Australia,,,,Public Company,,,,Public Company,8.59,0.58,,,,,0,,7.65,,,,,0.35,,4.77,,,,,,,28.69,5.48
Erdenet,27495,Mongolia,4350708,51,Government Institution,Mongolia,,,,Public Company,,,,Public Company,,,,,,,,,,,,,,,,,,,,,,,,
Erdenet,27495,Mongolian Copper Corp. LLC,4757905,49,Private Company,Mongolia,,,,Public Company,,,,Public Company,,,,,,,,,,,,,,,,,,,,,,,,
Ernest Henry,28428,Evolution Mining Ltd.,4350088,100,Public Company,Australia,,,,Public Company,,,,Public Company,66.52,1.39,,0.02,,,17.47,0,45.65,,0.01,,0.13,1.82,0.02,0.6,,,,,,,0.23,
Erzhulong,81213,Qinghai Xinguang Mining and Trade Co. Ltd.,10930084,100,Private Company,China,,,,Public Company,,,,Public Company,,,,,,,,,,,,,,,,,,,,,,,,
Escondida,26490,BHP Group Ltd.,4121840,57.5,Public Company,Australia,,,,Public Company,,,,Public Company,41.43,0.85,,0,,0.04,3.49,0.08,35.6,,0.06,,0.1,1.19,0.03,0.03,,,,,,2.98,0,
Escondida,26490,JX Advanced Metals Corp.,4361542,3,Public Company,Japan,,,,Public Company,,,,Public Company,19.54,,,,,,3.24,0,13.73,,1.27,,0.33,0.97,0,,,,,,,,,41.39
Escondida,26490,Mitsubishi Corp.,4065098,8.25,Public Company,Japan,,,,Public Company,,,,Public Company,48.08,0.39,,4.83,,0,0.41,11.22,26.92,,2.52,,0.32,1.47,0.01,0.08,,,,,,,,
Escondida,26490,Mitsubishi Materials Corp.,4212961,1.25,Public Company,Japan,,,,Public Company,,,,Public Company,49.38,,,2.37,,,,1.28,42.05,,1.96,,,1.7,0.01,0.13,,,,,,,,
Escondida,26490,Rio Tinto Group,4149660,30,Public Company,United Kingdom,,,,Public Company,,,,Public Company,71.76,3.72,0.17,0.91,,0.15,4.42,1.27,57.36,,0.2,,0.84,2.56,0.15,0.02,,,,,0.44,0.16,11.23,0.07
Escondida SX-EW,75982,BHP Group Ltd.,4121840,57.5,Public Company,Australia,,,,Public Company,,,,Public Company,41.43,0.85,,0,,0.04,3.49,0.08,35.6,,0.06,,0.1,1.19,0.03,0.03,,,,,,2.98,0,
Escondida SX-EW,75982,JX Advanced Metals Corp.,4361542,3,Public Company,Japan,,,,Public Company,,,,Public Company,19.54,,,,,,3.24,0,13.73,,1.27,,0.33,0.97,0,,,,,,,,,41.39
Escondida SX-EW,75982,Mitsubishi Corp.,4065098,8.25,Public Company,Japan,,,,Public Company,,,,Public Company,48.08,0.39,,4.83,,0,0.41,11.22,26.92,,2.52,,0.32,1.47,0.01,0.08,,,,,,,,
Escondida SX-EW,75982,Mitsubishi Materials Corp.,4212961,1.25,Public Company,Japan,,,,Public Company,,,,Public Company,49.38,,,2.37,,,,1.28,42.05,,1.96,,,1.7,0.01,0.13,,,,,,,,
Escondida SX-EW,75982,Rio Tinto Group,4149660,30,Public Company,United Kingdom,,,,Public Company,,,,Public Company,71.76,3.72,0.17,0.91,,0.15,4.42,1.27,57.36,,0.2,,0.84,2.56,0.15,0.02,,,,,0.44,0.16,11.23,0.07
Etoile,36399,Dem. Rep. Congo,4350734,5,Government Institution,Dem. Rep. Congo,,,,Public Company,,,,Public Company,,,,,,,,,,,,,,,,,,,,,,,,
Etoile,36399,Shalina Resources Ltd.,4365787,95,Private Company,United Kingdom,Shalina Group Limited,United Arab Emirates,7574015,Private Company,Shalina Group Limited,United Arab Emirates,7574015,Private Company,,,,,,,,,,,,,,,,,,,,,,,,
Fenghuangshan,29286,Tongling Nonferrous Metals Group Co. Ltd.,4314727,100,Public Company,China,,,,Public Company,,,,Public Company,11.55,,,,,,,1.06,9.97,,0,,,0.52,,0,,,,,,,46.14,
Fengjiashan,81205,Hubei Fengjiashan Mining Co. Ltd.,10930017,100,Private Company,China,,,,Public Company,,,,Public Company,,,,,,,,,,,,,,,,,,,,,,,,
Fengshan,80697,China Daye Non-Ferrous Metals Mining Ltd.,4349131,95.35,Public Company,Hong Kong,"Daye Nonferrous Metals Group Holdings Co., Ltd.",China,4358637,Private Company,State-owned Assets Supervision and Administration Commission of the State Counci,China,4649432,Government Institution,0.48,,,,,,,,0.48,,,,,,,0.01,,,,,,,66.85,
Franke,35428,Grupo Minero Las Cenizas SA,4350830,100,Private Company,Chile,,,,Public Company,,,,Public Company,,,,,,,,,,,,,,,,,,,,,,,,
Frontier,32917,Dem. Rep. Congo,4350734,5,Government Institution,Dem. Rep. Congo,,,,Public Company,,,,Public Company,,,,,,,,,,,,,,,,,,,,,,,,
Frontier,32917,Eurasian Resources Group SARL,4581024,95,Private Company,Luxembourg,,,,Public Company,,,,Public Company,,,,,,,,,,,,,,,,,,,,,,,,
Fuyuan,81248,Inner Mongolia Chifeng Fuyuan Mining Co. Ltd.,10930033,100,Private Company,China,,,,Public Company,,,,Public Company,,,,,,,,,,,,,,,,,,,,,,,,
Gabriela Mistral,30555,Codelco,4349314,100,Private Company,Chile,Chile,Chile,4412501,Government Institution,Chile,Chile,4412501,Government Institution,,,,,,,,,,,,,,,,,,,,,,,,
Gaisky Complex,28092,Ural Mining & Metallurgical Co.,4355114,100,Private Company,Russia,SELMARECO LTD.,Cyprus,25831363,Private Company,Mineral Power Limited,Hong Kong,12767702,Private Company,,,,,,,,,,,,,,,,,,,,,,,,
Garpenberg,29632,Boliden AB (publ),4348654,100,Public Company,Sweden,,,,Public Company,,,,Public Company,44.03,0,,,,0,0.57,0,41.81,3,0.01,,-1.75,0.22,0.17,1.83,,,,,,,,
Gibraltar,26577,Trekor Metals Ltd.,4354747,100,Public Company,Canada,,,,Public Company,,,,Public Company,53.8,4.08,,0.01,,0.12,0.65,,40.39,,,,8.41,,0.13,1.71,,,,,,0.09,,
Golden Grove,25685,29Metals Ltd.,29181633,100,Public Company,Australia,,,,Public Company,,,,Public Company,32.65,2.13,,,,,11.83,,6.41,12.28,,,,,,0.49,,5.69,,,,,2.46,24.33
Goldex,26006,Agnico Eagle Mines Ltd.,4347844,100,Public Company,Canada,,,,Public Company,,,,Public Company,65.79,3.25,,0.09,,0.13,2.12,0.03,57.49,0,0.02,0.02,0.91,1.7,0.04,0.08,,,,,,0.06,,
Grasberg,26568,Freeport-McMoRan Inc.,4004107,48.76,Public Company,USA,,,,Public Company,,,,Public Company,87.26,4.93,,0.12,,0.26,1.73,0.17,73.98,0,0.51,0.02,5.29,0.07,0.17,0.42,,,,,,0.14,0.02,
Grasberg,26568,PT Mineral Industri Indonesia (Persero),4557433,51.24,Private Company,Indonesia,Indonesia,Indonesia,4551414,Government Institution,Indonesia,Indonesia,4551414,Government Institution,,,,,,,,,,,,,,,,,,,,,,,,
Guelb Moghrein,28286,First Quantum Minerals Ltd.,4350215,100,Public Company,Canada,,,,Public Company,,,,Public Company,44.68,0,,,,,0.45,,42.32,,0.01,,0.1,1.8,0,0.14,,,,,,,0.03,18.6
Heijing,80821,Huili County Heiyu Mining Co. Ltd.,10931228,100,Private Company,China,,,,Public Company,,,,Public Company,,,,,,,,,,,,,,,,,,,,,,,,
Heiniudong,81508,Unnamed Owner,4400798,100,Private Company,USA,,,,Public Company,,,,Public Company,,,,,,,,,,,,,,,,,,,,,,,,
Hemeida Industrial and Trading Company,81231,Kunming Hemeida Industry and Trade Co. Ltd.,10928331,100,Private Company,China,,,,Public Company,,,,Public Company,,,,,,,,,,,,,,,,,,,,,,,,
Highland Valley,26575,Teck Resources Ltd.,4141965,100,Public Company,Canada,,,,Public Company,,,,Public Company,73.55,4.31,,0.08,,0.04,2.12,0.02,52.4,,0.03,0.04,7.59,5.77,1.16,0.08,,,,,,0.05,4.21,
Hongwei,81204,Daye Xinghong Mining Co. Ltd.,10930015,100,Private Company,China,,,,Public Company,,,,Public Company,,,,,,,,,,,,,,,,,,,,,,,,
Huachin,76077,China Nonferrous Mining Corp. Ltd.,4349160,67.5,Public Company,China,China Nonferrous Mining Development Limited,BVI,4416391,Private Company,State-owned Assets Supervision and Administration Commission of the State Counci,China,4649432,Government Institution,9.74,0.06,,,,,,,9.69,,,,,,,,,,,,,,66.63,
Huachin,76077,Huachin SPRL,4475609,32.5,Private Company,Zambia,,,,Public Company,,,,Public Company,,,,,,,,,,,,,,,,,,,,,,,,
Huaron,27879,Pan American Silver Corp.,4353203,100,Public Company,Canada,,,,Public Company,,,,Public Company,56.39,2.92,,0.02,,0.21,1.16,0.08,44.96,,0,0,5.23,1.43,0.38,0.09,,,,,,0,,
Huayu,80388,Tibet Huayu Mining Co. Ltd.,4673335,100,Public Company,China,,,,Public Company,,,,Public Company,9.86,0.6,,,,,,,9.26,,0,,,,0,0.05,,15.22,,,,,10.76,
Hunchun,33149,Zijin Mining Group Co. Ltd.,4355642,100,Public Company,China,,,,Public Company,,,,Public Company,32.01,2.33,,,,,0.02,,27.92,,0.02,,0.06,1.62,0.04,0.09,,,,,0.16,,24,
Huogeqi,30656,Western Mining Co.Ltd.,4355346,100,Public Company,China,"Western Mining Group Co., Ltd.",China,10355625,Private Company,Qinghai State Owned Assets Supervision & Administration Commission,China,111774141,Government Institution,22.44,6.81,,,,,,1.06,13.38,,0.03,,0.01,1.14,,1.95,,,,,,,35.11,
Huzhan,80804,"Shuyang County Qianpu Mining Co., Ltd.",10947692,100,Private Company,China,,,,Public Company,,,,Public Company,,,,,,,,,,,,,,,,,,,,,,,,
IMMSA,29434,Southern Copper Corp.,4354459,100,Public Company,USA,Americas Mining Corporation,USA,4356310,Private Company,"Grupo México, S.A.B. de C.V.",Mexico,4350827,Public Company,9.6,0.52,,0.01,,0.07,0.29,0,8.12,,0.03,,0.44,0.09,0.04,0.06,,,,,,0.01,0,88.9
Impala Bafokeng,30267,Impala Platinum Holdings Ltd.,4351190,87,Public Company,South Africa,,,,Public Company,,,,Public Company,69.08,0,,0.01,,6.56,0.24,,57.95,,0.82,,0.74,2.76,,0.06,,,,,,,,
Impala Bafokeng,30267,Private Interest,4353456,13,Private Company,China,,,,Public Company,,,,Public Company,,,,,,,,,,,,,,,,,,,,,,,,
Impala Canada,25979,Impala Platinum Holdings Ltd.,4351190,100,Public Company,South Africa,,,,Public Company,,,,Public Company,69.08,0,,0.01,,6.56,0.24,,57.95,,0.82,,0.74,2.76,,0.06,,,,,,,,
Jabal Sayid,25698,Barrick Mining Corp.,4120225,50,Public Company,Canada,,,,Public Company,,,,Public Company,65.46,4.35,,0.05,,0.15,1.63,0.04,54.32,,0.32,0.02,3.99,0.17,0.43,0.28,,,,,,0.06,0.02,
Jabal Sayid,25698,Saudi Arabian Mining Company (Maaden),4351955,50,Public Company,Saudi Arabia,Public Investment Fund,Saudi Arabia,4409975,Private Company,Saudi Arabia,Saudi Arabia,4486733,Government Institution,3.91,,,,,,0.08,,3.8,,0,,0.02,0,,0,,,63.89,,,,,
Jiama,32856,China Gold International Resources Corp. Ltd.,4349139,100,Public Company,Canada,China National Gold Group Hong Kong Limited,Hong Kong,4415455,Private Company,State-owned Assets Supervision and Administration Commission of the State Counci,China,4649432,Government Institution,18.65,0.03,,,,,,,17.96,,0,,0.01,0.64,,0.01,,,,,,,40.01,
Jilongshan,34035,Zhongjin Gold Corp.Ltd.,4355632,55,Public Company,China,"China National Gold Group Co., Ltd",China,4349151,Private Company,State-owned Assets Supervision and Administration Commission of the State Counci,China,4649432,Government Institution,17.64,3.05,,,,,,,13.17,,0.08,,0,0.46,0.88,0,,,,,,,49.09,
Jinchuan,27136,JinChuan Group Co.Ltd.,4351437,100,Private Company,China,State-Owned Assets Supervision And Administration Commission Of Gansu Provincial,China,8393263,Government Institution,State-Owned Assets Supervision And Administration Commission Of Gansu Provincial,China,8393263,Government Institution,,,,,,,,,,,,,,,,,,,,,,,,
Jingbian,80803,Private Interest,4353456,100,Private Company,China,,,,Public Company,,,,Public Company,,,,,,,,,,,,,,,,,,,,,,,,
Jinshen,81270,Anhui Chizhou Jinsen Mining Co. Ltd.,10947965,100,Private Company,China,,,,Public Company,,,,Public Company,,,,,,,,,,,,,,,,,,,,,,,,
Jiujiang,80801,Jiujiang Mining and Metallurgy Co. Ltd.,10931001,100,Private Company,China,,,,Public Company,,,,Public Company,,,,,,,,,,,,,,,,,,,,,,,,
Jiuquan,36374,Sunan County Qilianshan Mining Co. Ltd.,10929924,100,Private Company,China,,,,Public Company,,,,Public Company,,,,,,,,,,,,,,,,,,,,,,,,
Jixing,80808,Inner Mongolia Yufeng Mining Group Co. Ltd.,10931172,100,Private Company,China,,,,Public Company,,,,Public Company,,,,,,,,,,,,,,,,,,,,,,,,
Julcani,28605,Compañía de Minas Buenaventura SAA,4349204,100,Public Company,Peru,,,,Public Company,,,,Public Company,46.2,1.94,,1.47,,0.13,0.57,,41.37,,0.16,,0.53,0.03,,13.21,,,,,,,18.92,
Kainantu,31239,K92 Mining Inc.,4494844,100,Public Company,Canada,,,,Public Company,,,,Public Company,56.03,,,,,,,,54.75,,,,0.4,0.81,0.07,2.72,,,,,,,0.05,
Kalatongke,34844,Xinjiang Xinxin Mining Industry Co. Ltd.,4355482,100,Public Company,China,Xinjiang NonFerrous Metal Industry (Group) Co.Ltd,China,4415549,Private Company,Xinjiang NonFerrous Metal Industry (Group) Co.Ltd,China,4415549,Private Company,5.56,,,,,,,,5.56,,,,,,,12.8,,,,,,,46.61,2.69
Kalongwe,38132,Chengtun Mining Group Co. Ltd.,4649760,85,Public Company,China,,,,Public Company,,,,Public Company,15.31,3.95,,,,,,,11.29,,0.07,,,,,1.44,,,,,,,17.94,
Kalongwe,38132,Dem. Rep. Congo,4350734,5,Government Institution,Dem. Rep. Congo,,,,Public Company,,,,Public Company,,,,,,,,,,,,,,,,,,,,,,,,
Kalongwe,38132,La Generale Industrielle et Commerciale au Congo SPRL,4567062,10,Private Company,Dem. Rep. Congo,,,,Public Company,,,,Public Company,,,,,,,,,,,,,,,,,,,,,,,,
Kamoa-Kakula,38134,Crystal River Global Limited,4591875,0.8,Private Company,Hong Kong,,,,Public Company,,,,Public Company,,,,,,,,,,,,,,,,,,,,,,,,
Kamoa-Kakula,38134,Dem. Rep. Congo,4350734,20,Government Institution,Dem. Rep. Congo,,,,Public Company,,,,Public Company,,,,,,,,,,,,,,,,,,,,,,,,
Kamoa-Kakula,38134,Ivanhoe Mines Ltd.,4351368,39.6,Public Company,Canada,,,,Public Company,,,,Public Company,41.06,0.19,,,,,0.16,,35.97,,0,,-0.05,4.79,0,11.67,,,,,,,21.17,12.16
Kamoa-Kakula,38134,Zijin Mining Group Co. Ltd.,4355642,39.6,Public Company,China,,,,Public Company,,,,Public Company,32.01,2.33,,,,,0.02,,27.92,,0.02,,0.06,1.62,0.04,0.09,,,,,0.16,,24,
Kamoto SX-EW,79271,Dem. Rep. Congo,4350734,25,Government Institution,Dem. Rep. Congo,,,,Public Company,,,,Public Company,,,,,,,,,,,,,,,,,,,,,,,,
Kamoto SX-EW,79271,Glencore PLC,4113732,75,Public Company,Switzerland,,,,Public Company,,,,Public Company,61.76,3.68,1.77,0.03,,0,0.29,0.08,54.17,,0.15,,0.25,1.11,0.23,12.83,,8.93,,,0.19,0.05,0.02,
Kanmantoo,33083,Hillgrove Resources Ltd.,4351054,100,Public Company,Australia,,,,Public Company,,,,Public Company,2.01,,,,,,0,,2.01,,,,,,,5.78,,,,,,,15.65,4.83
Kansanshi,26668,First Quantum Minerals Ltd.,4350215,80,Public Company,Canada,,,,Public Company,,,,Public Company,44.68,0,,,,,0.45,,42.32,,0.01,,0.1,1.8,0,0.14,,,,,,,0.03,18.6
Kansanshi,26668,ZCCM Investments Holdings PLC,4355602,20,Public Company,Zambia,Industrial Development Corporation (Zambia) Limited,Zambia,4466550,Government Institution,Industrial Development Corporation (Zambia) Limited,Zambia,4466550,Government Institution,5.96,,,,,,5.96,,,,,,,,,,,,,,,30.81,,
Kansanshi SX-EW,75983,First Quantum Minerals Ltd.,4350215,80,Public Company,Canada,,,,Public Company,,,,Public Company,44.68,0,,,,,0.45,,42.32,,0.01,,0.1,1.8,0,0.14,,,,,,,0.03,18.6
Kansanshi SX-EW,75983,ZCCM Investments Holdings PLC,4355602,20,Public Company,Zambia,Industrial Development Corporation (Zambia) Limited,Zambia,4466550,Government Institution,Industrial Development Corporation (Zambia) Limited,Zambia,4466550,Government Institution,5.96,,,,,,5.96,,,,,,,,,,,,,,,30.81,,
Kapan,31402,Gold Mining Company LLC,112903991,100,Private Company,Armenia,,,,Public Company,,,,Public Company,,,,,,,,,,,,,,,,,,,,,,,,
Karaganda Region,29432,Cuprum Holding Ltd.,4410234,100,Private Company,Malta,,,,Public Company,,,,Public Company,,,,,,,,,,,,,,,,,,,,,,,,
Kazzinc Consolidated,29980,Kazzinc Ltd.,4394063,100,Private Company,Kazakhstan,Glencore plc,Switzerland,4113732,Public Company,Glencore plc,Switzerland,4113732,Public Company,,,,,,,,,,,,,,,,,,,,,,,,
Kevitsa,29179,Boliden AB (publ),4348654,100,Public Company,Sweden,,,,Public Company,,,,Public Company,44.03,0,,,,0,0.57,0,41.81,3,0.01,,-1.75,0.22,0.17,1.83,,,,,,,,
KGHM Polska Miedz,28257,KGHM Polska Miedz SA,4351589,100,Public Company,Poland,,,,Public Company,,,,Public Company,44.54,0.82,,2.9,,,0.17,0,38.35,,0.01,,1.53,0.76,0.01,,,,,,,31.79,,
Khoemacau,36026,Compass Investment Co. Ltd,10602702,40.5,Private Company,Hong Kong,Pagoda Tree Investment Company Limited,Hong Kong,10602685,Private Company,Pagoda Tree Investment Company Limited,Hong Kong,10602685,Private Company,,,,,,,,,,,,,,,,,,,,,,,,
Khoemacau,36026,MMG Ltd.,4352491,55,Public Company,Australia,China Minmetals H.K. (Holdings) Limited,Hong Kong,4510108,Private Company,State-owned Assets Supervision and Administration Commission of the State Counci,China,4649432,Government Institution,24.91,10.69,,,,,,,14.12,,0,,0.1,,0,0.01,,,,,,,63.72,
Kidd Creek,27145,Glencore PLC,4113732,100,Public Company,Switzerland,,,,Public Company,,,,Public Company,61.76,3.68,1.77,0.03,,0,0.29,0.08,54.17,,0.15,,0.25,1.11,0.23,12.83,,8.93,,,0.19,0.05,0.02,
Kinsevere,33340,MMG Ltd.,4352491,100,Public Company,Australia,China Minmetals H.K. (Holdings) Limited,Hong Kong,4510108,Private Company,State-owned Assets Supervision and Administration Commission of the State Counci,China,4649432,Government Institution,24.91,10.69,,,,,,,14.12,,0,,0.1,,0,0.01,,,,,,,63.72,
Kipoi SX-EW,80064,Gécamines SA,4350360,5,Private Company,Dem. Rep. Congo,Dem. Rep. Congo,Dem. Rep. Congo,4350734,Government Institution,Dem. Rep. Congo,Dem. Rep. Congo,4350734,Government Institution,,,,,,,,,,,,,,,,,,,,,,,,
Kipoi SX-EW,80064,Tiger Resources Ltd.,4354863,95,Private Company,Australia,,,,Public Company,,,,Public Company,,,,,,,,,,,,,,,,,,,,,,,,
Kisanfu,35320,CMOC Group Ltd.,4349148,71.25,Public Company,China,,,,Public Company,,,,Public Company,11.62,0.06,,0,,,0.08,,10.9,,0.01,,0.03,,0.55,0.12,,23.54,,,,,,24.91
Kisanfu,35320,Contemporary Amperex Technology Co. Ltd.,6582136,23.75,Public Company,China,,,,Public Company,,,,Public Company,39.39,11.85,,0,,,0.05,,20.82,,0.02,,0.03,0.79,5.82,41,,,,,,,1.54,0.9
Kolwezi,78612,Gécamines SA,4350360,33,Private Company,Dem. Rep. Congo,Dem. Rep. Congo,Dem. Rep. Congo,4350734,Government Institution,Dem. Rep. Congo,Dem. Rep. Congo,4350734,Government Institution,,,,,,,,,,,,,,,,,,,,,,,,
Kolwezi,78612,Zijin Mining Group Co. Ltd.,4355642,67,Public Company,China,,,,Public Company,,,,Public Company,32.01,2.33,,,,,0.02,,27.92,,0.02,,0.06,1.62,0.04,0.09,,,,,0.16,,24,
Konkola,29352,Vedanta Inc.,4396728,79.4,Private Company,Bahamas,Conclave PTC Limited,Bahamas,10959764,Private Company,Conclave PTC Limited,Bahamas,10959764,Private Company,,,,,,,,,,,,,,,,,,,,,,,,
Konkola,29352,ZCCM Investments Holdings PLC,4355602,20.6,Public Company,Zambia,Industrial Development Corporation (Zambia) Limited,Zambia,4466550,Government Institution,Industrial Development Corporation (Zambia) Limited,Zambia,4466550,Government Institution,5.96,,,,,,5.96,,,,,,,,,,,,,,,30.81,,
Kounrad Dump,38114,Central Asia Metals PLC,4349033,100,Public Company,United Kingdom,,,,Public Company,,,,Public Company,85.29,24.15,,,,,0.34,0.1,57.92,0.04,,,2.67,0.08,,1.92,6.26,,,,,,0.35,0.17
Kroondal,32954,Sibanye Stillwater Ltd.,4379789,100,Public Company,South Africa,,,,Public Company,,,,Public Company,99.13,7.55,,0,,5.48,0.6,,77.82,,1.4,,5.82,0.46,0,0.23,,,,,,,,
Kyzyl-Tash Turk,35493,Shandong Longxing Group Laizhou Chemical Building Materials Co.Ltd.,12230912,30,Private Company,China,,,,Public Company,,,,Public Company,,,,,,,,,,,,,,,,,,,,,,,,
Kyzyl-Tash Turk,35493,Zijin Mining Group Co. Ltd.,4355642,70,Public Company,China,,,,Public Company,,,,Public Company,32.01,2.33,,,,,0.02,,27.92,,0.02,,0.06,1.62,0.04,0.09,,,,,0.16,,24,
La Caridad,27342,Southern Copper Corp.,4354459,98.1,Public Company,USA,Americas Mining Corporation,USA,4356310,Private Company,"Grupo México, S.A.B. de C.V.",Mexico,4350827,Public Company,9.6,0.52,,0.01,,0.07,0.29,0,8.12,,0.03,,0.44,0.09,0.04,0.06,,,,,,0.01,0,88.9
La Caridad SX-EW,75984,Southern Copper Corp.,4354459,98.1,Public Company,USA,Americas Mining Corporation,USA,4356310,Private Company,"Grupo México, S.A.B. de C.V.",Mexico,4350827,Public Company,9.6,0.52,,0.01,,0.07,0.29,0,8.12,,0.03,,0.44,0.09,0.04,0.06,,,,,,0.01,0,88.9
Lalor Lake,35586,Hudbay Minerals Inc.,4351119,100,Public Company,Canada,,,,Public Company,,,,Public Company,69.03,4.2,,1.24,,0.14,0.55,0,50.29,,0.02,,11.15,1.19,0.26,0.17,,,,,,0.02,3.58,
Langlike,61027,Private Interest,4353456,100,Private Company,China,,,,Public Company,,,,Public Company,,,,,,,,,,,,,,,,,,,,,,,,
Langyashan,38210,Zhangzhou Tongxin Mining Co. Ltd.,10931158,100,Private Company,China,,,,Public Company,,,,Public Company,,,,,,,,,,,,,,,,,,,,,,,,
Laocun Hydrometallurgy Plant,81228,Private Interest,4353456,100,Private Company,China,,,,Public Company,,,,Public Company,,,,,,,,,,,,,,,,,,,,,,,,
Laolaihong,81232,Kunming Laolaihong Mining Co. Ltd.,10947962,100,Private Company,China,,,,Public Company,,,,Public Company,,,,,,,,,,,,,,,,,,,,,,,,
LaRonde,25790,Agnico Eagle Mines Ltd.,4347844,100,Public Company,Canada,,,,Public Company,,,,Public Company,65.79,3.25,,0.09,,0.13,2.12,0.03,57.49,0,0.02,0.02,0.91,1.7,0.04,0.08,,,,,,0.06,,
Las Bambas,27804,Citic Ltd.,4199168,15,Public Company,Hong Kong,CITIC Group Corporation,China,4214750,Private Company,Ministry of Finance of the People's Republic of China,China,4313287,Government Institution,3.74,0.01,,,,,0,,3.52,,0,,0.04,0.17,,0,,,,,,,73.12,9.89
Las Bambas,27804,Compass Investment Co. Ltd,10602702,20.25,Private Company,Hong Kong,Pagoda Tree Investment Company Limited,Hong Kong,10602685,Private Company,Pagoda Tree Investment Company Limited,Hong Kong,10602685,Private Company,,,,,,,,,,,,,,,,,,,,,,,,
Las Bambas,27804,MMG Ltd.,4352491,62.5,Public Company,Australia,China Minmetals H.K. (Holdings) Limited,Hong Kong,4510108,Private Company,State-owned Assets Supervision and Administration Commission of the State Counci,China,4649432,Government Institution,24.91,10.69,,,,,,,14.12,,0,,0.1,,0,0.01,,,,,,,63.72,
Lindero,32363,Fortuna Mining Corp.,4350256,100,Public Company,Canada,,,,Public Company,,,,Public Company,70.67,5.04,,0.01,,0.08,0.62,0.01,55.08,,0.01,,9.11,0.7,0.02,1.07,,,,,,0.01,,
Liwan,80834,Private Interest,4353456,100,Private Company,China,,,,Public Company,,,,Public Company,,,,,,,,,,,,,,,,,,,,,,,,
Liwu,38217,Sichuan Liwu Copper Mining Co. Ltd.,10947963,100,Private Company,China,,,,Public Company,,,,Public Company,,,,,,,,,,,,,,,,,,,,,,,,
Lomas Bayas,28842,Glencore PLC,4113732,100,Public Company,Switzerland,,,,Public Company,,,,Public Company,61.76,3.68,1.77,0.03,,0,0.29,0.08,54.17,,0.15,,0.25,1.11,0.23,12.83,,8.93,,,0.19,0.05,0.02,
Longwan,80396,"Guangxi Luxi Longwan Mining Co., Ltd.",10405484,100,Private Company,China,,,,Public Company,,,,Public Company,,,,,,,,,,,,,,,,,,,,,,,,
Los Bronces,26723,Anglo American PLC,4193273,50.06,Public Company,United Kingdom,,,,Public Company,,,,Public Company,78.13,3.84,,0.23,,0.01,1.58,0.16,68.04,,0.67,0.04,-0.09,3.33,0.31,0.09,,,,,1.12,0.12,9.8,0.09
Los Bronces,26723,Codelco,4349314,20,Private Company,Chile,Chile,Chile,4412501,Government Institution,Chile,Chile,4412501,Government Institution,,,,,,,,,,,,,,,,,,,,,,,,
Los Bronces,26723,Mitsubishi Corp.,4065098,20.44,Public Company,Japan,,,,Public Company,,,,Public Company,48.08,0.39,,4.83,,0,0.41,11.22,26.92,,2.52,,0.32,1.47,0.01,0.08,,,,,,,,
Los Bronces,26723,Mitsui & Co. Ltd.,4086798,9.5,Public Company,Japan,,,,Public Company,,,,Public Company,51.3,1.44,,,,0,0.29,10.97,34.28,,2.41,,0.42,1.49,0.01,0.07,,,,,,,,
Los Bronces SX-EW,75986,Anglo American PLC,4193273,50.06,Public Company,United Kingdom,,,,Public Company,,,,Public Company,78.13,3.84,,0.23,,0.01,1.58,0.16,68.04,,0.67,0.04,-0.09,3.33,0.31,0.09,,,,,1.12,0.12,9.8,0.09
Los Bronces SX-EW,75986,Codelco,4349314,20,Private Company,Chile,Chile,Chile,4412501,Government Institution,Chile,Chile,4412501,Government Institution,,,,,,,,,,,,,,,,,,,,,,,,
Los Bronces SX-EW,75986,Mitsubishi Corp.,4065098,20.44,Public Company,Japan,,,,Public Company,,,,Public Company,48.08,0.39,,4.83,,0,0.41,11.22,26.92,,2.52,,0.32,1.47,0.01,0.08,,,,,,,,
Los Bronces SX-EW,75986,Mitsui & Co. Ltd.,4086798,9.5,Public Company,Japan,,,,Public Company,,,,Public Company,51.3,1.44,,,,0,0.29,10.97,34.28,,2.41,,0.42,1.49,0.01,0.07,,,,,,,,
Los Pelambres,27131,Antofagasta PLC,4348083,60,Public Company,United Kingdom,Metalinvest Anstalt,Liechtenstein,4409674,Private Company,E. Abaroa Foundation,Liechtenstein,4409661,Private Company,28.13,1.26,0.48,0.02,,,0.27,0.07,26.27,,0,,-0.84,0.53,0.06,4.26,,,,,,,61.25,0.03
Los Pelambres,27131,JX Advanced Metals Corp.,4361542,12.52,Public Company,Japan,,,,Public Company,,,,Public Company,19.54,,,,,,3.24,0,13.73,,1.27,,0.33,0.97,0,,,,,,,,,41.39
Los Pelambres,27131,Marubeni Corp.,4041871,12.48,Public Company,Japan,,,,Public Company,,,,Public Company,66.98,2.17,,2.31,,0,0.26,10.54,48.17,,2,,0.01,1.51,0.01,0.09,,,,,,,,
Los Pelambres,27131,Mitsubishi Corp.,4065098,5,Public Company,Japan,,,,Public Company,,,,Public Company,48.08,0.39,,4.83,,0,0.41,11.22,26.92,,2.52,,0.32,1.47,0.01,0.08,,,,,,,,
Los Pelambres,27131,Mitsubishi Materials Corp.,4212961,10,Public Company,Japan,,,,Public Company,,,,Public Company,49.38,,,2.37,,,,1.28,42.05,,1.96,,,1.7,0.01,0.13,,,,,,,,
Lubambe,28837,JCHX Mining Management Co.Ltd.,4983224,80,Public Company,China,"JCHX Group Co., Ltd.",China,6970752,Private Company,"JCHX Group Co., Ltd.",China,6970752,Private Company,25.73,3.89,,,,,,1.11,15.55,,0.01,,0,5.18,,1.6,,,,,,1.3,41.48,
Lubambe,28837,ZCCM Investments Holdings PLC,4355602,20,Public Company,Zambia,Industrial Development Corporation (Zambia) Limited,Zambia,4466550,Government Institution,Industrial Development Corporation (Zambia) Limited,Zambia,4466550,Government Institution,5.96,,,,,,5.96,,,,,,,,,,,,,,,30.81,,
Lumwana,28868,Barrick Mining Corp.,4120225,100,Public Company,Canada,,,,Public Company,,,,Public Company,65.46,4.35,,0.05,,0.15,1.63,0.04,54.32,,0.32,0.02,3.99,0.17,0.43,0.28,,,,,,0.06,0.02,
Luodong,80822,Huili County Luodong Copper Industry Co. Ltd.,10931251,100,Private Company,China,,,,Public Company,,,,Public Company,,,,,,,,,,,,,,,,,,,,,,,,
Luojiahe,80813,Wuqu County Wulong Industrial Co. Ltd.,10931198,100,Private Company,China,,,,Public Company,,,,Public Company,,,,,,,,,,,,,,,,,,,,,,,,
Lvshui,81218,Huili Xingda Mining Co. Ltd.,10948013,100,Private Company,China,,,,Public Company,,,,Public Company,,,,,,,,,,,,,,,,,,,,,,,,
Mabende,76078,China Nonferrous Mining Corp. Ltd.,4349160,42,Public Company,China,China Nonferrous Mining Development Limited,BVI,4416391,Private Company,State-owned Assets Supervision and Administration Commission of the State Counci,China,4649432,Government Institution,9.74,0.06,,,,,,,9.69,,,,,,,,,,,,,,66.63,
Mabende,76078,Huachin SARL,19378802,35,Private Company,USA,,,,Public Company,,,,Public Company,,,,,,,,,,,,,,,,,,,,,,,,
Manitoba Division,26560,Vale SA,4223919,100,Public Company,Brazil,,,,Public Company,,,,Public Company,52.69,1.86,,7.32,,0.09,1.31,0,39.12,,0.49,,2.48,0,0.03,0.02,,,,,,0,0.28,6.73
Mantos Blancos,27616,Capstone Copper Corp.,4348938,100,Public Company,Canada,,,,Public Company,,,,Public Company,41.77,,,,,,0.07,,32.1,,,,0.67,3.27,5.65,3.05,,,,,,,6.64,
Mantos Blancos SX-EW,75987,Capstone Copper Corp.,4348938,100,Public Company,Canada,,,,Public Company,,,,Public Company,41.77,,,,,,0.07,,32.1,,,,0.67,3.27,5.65,3.05,,,,,,,6.64,
Mantoverde,28256,Capstone Copper Corp.,4348938,69.99,Public Company,Canada,,,,Public Company,,,,Public Company,41.77,,,,,,0.07,,32.1,,,,0.67,3.27,5.65,3.05,,,,,,,6.64,
Mantoverde,28256,Mitsubishi Materials Corp.,4212961,30,Public Company,Japan,,,,Public Company,,,,Public Company,49.38,,,2.37,,,,1.28,42.05,,1.96,,,1.7,0.01,0.13,,,,,,,,
Mantoverde SX-EW,90939,Capstone Copper Corp.,4348938,69.99,Public Company,Canada,,,,Public Company,,,,Public Company,41.77,,,,,,0.07,,32.1,,,,0.67,3.27,5.65,3.05,,,,,,,6.64,
Mantoverde SX-EW,90939,Mitsubishi Materials Corp.,4212961,30,Public Company,Japan,,,,Public Company,,,,Public Company,49.38,,,2.37,,,,1.28,42.05,,1.96,,,1.7,0.01,0.13,,,,,,,,
Maoyuan,81251,Private Interest,4353456,100,Private Company,China,,,,Public Company,,,,Public Company,,,,,,,,,,,,,,,,,,,,,,,,
Maria,26477,Minera Frisco S.A.B. de C.V.,4352362,99.99,Public Company,Mexico,,,,Public Company,,,,Public Company,0.3,,,,,,,,0.3,,,,,,,6.47,,,,,,,,
Marikana,27605,Incwala Resource (Pty) Ltd.,4351200,19.36,Private Company,South Africa,Shanduka Resources,South Africa,4354140,Private Company,The Shanduka Group Pty Ltd.,South Africa,4365811,Private Company,,,,,,,,,,,,,,,,,,,,,,,,
Marikana,27605,Sibanye Stillwater Ltd.,4379789,80.64,Public Company,South Africa,,,,Public Company,,,,Public Company,99.13,7.55,,0,,5.48,0.6,,77.82,,1.4,,5.82,0.46,0,0.23,,,,,,,,
MATSA,27674,Sandfire Resources Ltd.,4354011,100,Public Company,Australia,,,,Public Company,,,,Public Company,69.11,0.85,,4.89,,,10.41,,51.28,,,,,1.69,,0.24,,,,,,,0.2,
Metalkol RTR,29829,Eurasian Group LLP,8380433,100,Private Company,Kazakhstan,Eurasian Resources Group S.à r.l.,Luxembourg,4581024,Private Company,Eurasian Resources Group S.à r.l.,Luxembourg,4581024,Private Company,,,,,,,,,,,,,,,,,,,,,,,,
Miami,24469,Freeport-McMoRan Inc.,4004107,100,Public Company,USA,,,,Public Company,,,,Public Company,87.26,4.93,,0.12,,0.26,1.73,0.17,73.98,0,0.51,0.02,5.29,0.07,0.17,0.42,,,,,,0.14,0.02,
Milpillas,29815,Industrias Peñoles SAB de CV,4351226,100,Public Company,Mexico,,,,Public Company,,,,Public Company,15.8,0.01,,,,,0.25,,15.52,,0.01,,0.01,,,,,,,,,,0.06,
Mimosa,27951,Impala Platinum Holdings Ltd.,4351190,50,Public Company,South Africa,,,,Public Company,,,,Public Company,69.08,0,,0.01,,6.56,0.24,,57.95,,0.82,,0.74,2.76,,0.06,,,,,,,,
Mimosa,27951,Sibanye Stillwater Ltd.,4379789,50,Public Company,South Africa,,,,Public Company,,,,Public Company,99.13,7.55,,0,,5.48,0.6,,77.82,,1.4,,5.82,0.46,0,0.23,,,,,,,,
Miniere Musoshi Kinsenda,30678,Jinchuan Group International Resources Co. Ltd.,4361447,77,Public Company,Hong Kong,Jinchuan (BVI) Limited,BVI,4575436,Private Company,State-Owned Assets Supervision And Administration Commission Of Gansu Provincial,China,8393263,Government Institution,11.69,,,,,,,,11.69,,,,,,,,,,,,,,66.12,
Miniere Musoshi Kinsenda,30678,SODIMICO,4354398,23,Private Company,Dem. Rep. Congo,,,,Public Company,,,,Public Company,,,,,,,,,,,,,,,,,,,,,,,,
Ministro Hales,28704,Codelco,4349314,100,Private Company,Chile,Chile,Chile,4412501,Government Institution,Chile,Chile,4412501,Government Institution,,,,,,,,,,,,,,,,,,,,,,,,
Mirador,31300,China Railway Construction Investment Group Co.Ltd.,6585621,30,Private Company,China,China Railway Construction Corporation Limited,China,4357934,Public Company,State-owned Assets Supervision and Administration Commission of the State Counci,China,4649432,Government Institution,,,,,,,,,,,,,,,,,,,,,,,,
Mirador,31300,Tongling Nonferrous Metals Group Co. Ltd.,4314727,70,Public Company,China,,,,Public Company,,,,Public Company,11.55,,,,,,,1.06,9.97,,0,,,0.52,,0,,,,,,,46.14,
Mission,24505,Grupo México SAB de CV,4350827,100,Public Company,Mexico,,,,Public Company,,,,Public Company,35.36,9.3,,0,,,0.28,,25.15,,0,,0.02,0.59,0.01,19.37,,,,,,,40.65,
Modikwa,31138,African Rainbow Minerals Ltd.,4188197,41.5,Public Company,South Africa,,,,Public Company,,,,Public Company,47.03,,,,,,0.19,,37.69,,0.25,,4.9,4,,0.77,,,,,,,43.12,
Modikwa,31138,Private Interest,4353456,8.5,Private Company,China,,,,Public Company,,,,Public Company,,,,,,,,,,,,,,,,,,,,,,,,
Modikwa,31138,Valterra Platinum Ltd.,4348055,50,Public Company,South Africa,,,,Public Company,,,,Public Company,54.07,0.05,,,,,0.27,,49.54,,0.82,,0.66,2.74,,0.01,,,,,,,0.01,
Mogalakwena,27377,Valterra Platinum Ltd.,4348055,100,Public Company,South Africa,,,,Public Company,,,,Public Company,54.07,0.05,,,,,0.27,,49.54,,0.82,,0.66,2.74,,0.01,,,,,,,0.01,
Morenci,24473,Freeport-McMoRan Inc.,4004107,72,Public Company,USA,,,,Public Company,,,,Public Company,87.26,4.93,,0.12,,0.26,1.73,0.17,73.98,0,0.51,0.02,5.29,0.07,0.17,0.42,,,,,,0.14,0.02,
Morenci,24473,Sumitomo Corp.,4047416,3,Public Company,Japan,,,,Public Company,,,,Public Company,50.87,0.58,,,,0,0.35,14.22,31.95,,2.15,,0.26,1.33,0.02,0.05,,,,,,,,
Morenci,24473,Sumitomo Metal Mining Co. Ltd.,4354638,25,Public Company,Japan,,,,Public Company,,,,Public Company,48.32,,,0.55,,0,4,1.39,37.43,,3.08,,0.12,1.74,0.01,0.02,,,,,,,,5.51
Morenci SX-EW,75988,Freeport-McMoRan Inc.,4004107,72,Public Company,USA,,,,Public Company,,,,Public Company,87.26,4.93,,0.12,,0.26,1.73,0.17,73.98,0,0.51,0.02,5.29,0.07,0.17,0.42,,,,,,0.14,0.02,
Morenci SX-EW,75988,Sumitomo Corp.,4047416,3,Public Company,Japan,,,,Public Company,,,,Public Company,50.87,0.58,,,,0,0.35,14.22,31.95,,2.15,,0.26,1.33,0.02,0.05,,,,,,,,
Morenci SX-EW,75988,Sumitomo Metal Mining Co. Ltd.,4354638,25,Public Company,Japan,,,,Public Company,,,,Public Company,48.32,,,0.55,,0,4,1.39,37.43,,3.08,,0.12,1.74,0.01,0.02,,,,,,,,5.51
Morococha,27247,Alpayana S.A.C.,29771747,92.3,Private Company,Peru,,,,Public Company,,,,Public Company,,,,,,,,,,,,,,,,,,,,,,,,
Morococha,27247,Gubbins Group,4350866,7.7,Private Company,Peru,,,,Public Company,,,,Public Company,,,,,,,,,,,,,,,,,,,,,,,,
Mototolo,33727,Valterra Platinum Ltd.,4348055,100,Public Company,South Africa,,,,Public Company,,,,Public Company,54.07,0.05,,,,,0.27,,49.54,,0.82,,0.66,2.74,,0.01,,,,,,,0.01,
Mount Lyell,26806,Sibanye Stillwater Ltd.,4379789,100,Public Company,South Africa,,,,Public Company,,,,Public Company,99.13,7.55,,0,,5.48,0.6,,77.82,,1.4,,5.82,0.46,0,0.23,,,,,,,,
Mount Milligan,26984,Centerra Gold Inc.,4349027,100,Public Company,Canada,,,,Public Company,,,,Public Company,84.85,2.92,,0.01,,0.12,0.71,,73.49,,0.13,,7.29,0,0.18,0.24,,,,,,,,
Mount Polley,26823,Imperial Metals Corp.,4351191,100,Public Company,Canada,,,,Public Company,,,,Public Company,20.86,,,,,,,,20.54,,,,0.33,,,51.13,,,,,,,0.46,
Mt Isa Copper,27243,Glencore PLC,4113732,100,Public Company,Switzerland,,,,Public Company,,,,Public Company,61.76,3.68,1.77,0.03,,0,0.29,0.08,54.17,,0.15,,0.25,1.11,0.23,12.83,,8.93,,,0.19,0.05,0.02,
Mufulira,28269,International Resources Holding,118448206,51,Private Company,United Arab Emirates,2PointZero,United Arab Emirates,131306495,Private Company,International Holding Company PJSC,United Arab Emirates,14189636,Public Company,,,,,,,,,,,,,,,,,,,,,,,,
Mufulira,28269,ZCCM Investments Holdings PLC,4355602,49,Public Company,Zambia,Industrial Development Corporation (Zambia) Limited,Zambia,4466550,Government Institution,Industrial Development Corporation (Zambia) Limited,Zambia,4466550,Government Institution,5.96,,,,,,5.96,,,,,,,,,,,,,,,30.81,,
Mufulira SX-EW,76075,ZCCM Investments Holdings PLC,4355602,100,Public Company,Zambia,Industrial Development Corporation (Zambia) Limited,Zambia,4466550,Government Institution,Industrial Development Corporation (Zambia) Limited,Zambia,4466550,Government Institution,5.96,,,,,,5.96,,,,,,,,,,,,,,,30.81,,
Munali,27453,Consolidated Mining and Investments Ltd,4616696,68,Private Company,United Kingdom,,,,Public Company,,,,Public Company,,,,,,,,,,,,,,,,,,,,,,,,
Munali,27453,Jinchuan Group International Resources Co. Ltd.,4361447,32,Public Company,Hong Kong,Jinchuan (BVI) Limited,BVI,4575436,Private Company,State-Owned Assets Supervision And Administration Commission Of Gansu Provincial,China,8393263,Government Institution,11.69,,,,,,,,11.69,,,,,,,,,,,,,,66.12,
Musonoi,37355,Dem. Rep. Congo,4350734,5,Government Institution,Dem. Rep. Congo,,,,Public Company,,,,Public Company,,,,,,,,,,,,,,,,,,,,,,,,
Musonoi,37355,Gécamines SA,4350360,25,Private Company,Dem. Rep. Congo,Dem. Rep. Congo,Dem. Rep. Congo,4350734,Government Institution,Dem. Rep. Congo,Dem. Rep. Congo,4350734,Government Institution,,,,,,,,,,,,,,,,,,,,,,,,
Musonoi,37355,Jinchuan Group International Resources Co. Ltd.,4361447,70,Public Company,Hong Kong,Jinchuan (BVI) Limited,BVI,4575436,Private Company,State-Owned Assets Supervision And Administration Commission Of Gansu Provincial,China,8393263,Government Institution,11.69,,,,,,,,11.69,,,,,,,,,,,,,,66.12,
Mutanda,38654,Dem. Rep. Congo,4350734,5,Government Institution,Dem. Rep. Congo,,,,Public Company,,,,Public Company,,,,,,,,,,,,,,,,,,,,,,,,
Mutanda,38654,Glencore PLC,4113732,95,Public Company,Switzerland,,,,Public Company,,,,Public Company,61.76,3.68,1.77,0.03,,0,0.29,0.08,54.17,,0.15,,0.25,1.11,0.23,12.83,,8.93,,,0.19,0.05,0.02,
Mutanda SX-EW,76076,Glencore PLC,4113732,100,Public Company,Switzerland,,,,Public Company,,,,Public Company,61.76,3.68,1.77,0.03,,0,0.29,0.08,54.17,,0.15,,0.25,1.11,0.23,12.83,,8.93,,,0.19,0.05,0.02,
Myra Falls,25831,Trafigura Group Pte. Ltd.,6220799,100,Private Company,Singapore,Trafigura Beheer B.V.,Singapore,4354947,Private Company,Farringford Foundation,Panama,19823214,Private Company,,,,,,,,,,,,,,,,,,,,,,,,
Nanchong,81216,Private Interest,4353456,100,Private Company,China,,,,Public Company,,,,Public Company,,,,,,,,,,,,,,,,,,,,,,,,
Nchanga,28264,Vedanta Inc.,4396728,79.4,Private Company,Bahamas,Conclave PTC Limited,Bahamas,10959764,Private Company,Conclave PTC Limited,Bahamas,10959764,Private Company,,,,,,,,,,,,,,,,,,,,,,,,
Nchanga,28264,ZCCM Investments Holdings PLC,4355602,20.6,Public Company,Zambia,Industrial Development Corporation (Zambia) Limited,Zambia,4466550,Government Institution,Industrial Development Corporation (Zambia) Limited,Zambia,4466550,Government Institution,5.96,,,,,,5.96,,,,,,,,,,,,,,,30.81,,
Nchanga SX-EW,76095,Vedanta Inc.,4396728,79.4,Private Company,Bahamas,Conclave PTC Limited,Bahamas,10959764,Private Company,Conclave PTC Limited,Bahamas,10959764,Private Company,,,,,,,,,,,,,,,,,,,,,,,,
Nchanga SX-EW,76095,ZCCM Investments Holdings PLC,4355602,20.6,Public Company,Zambia,Industrial Development Corporation (Zambia) Limited,Zambia,4466550,Government Institution,Industrial Development Corporation (Zambia) Limited,Zambia,4466550,Government Institution,5.96,,,,,,5.96,,,,,,,,,,,,,,,30.81,,
Nevada Operations,27560,Barrick Mining Corp.,4120225,61.5,Public Company,Canada,,,,Public Company,,,,Public Company,65.46,4.35,,0.05,,0.15,1.63,0.04,54.32,,0.32,0.02,3.99,0.17,0.43,0.28,,,,,,0.06,0.02,
Nevada Operations,27560,Newmont Corp.,4075105,38.5,Public Company,USA,,,,Public Company,,,,Public Company,81.17,3.13,,0.28,,0.21,2.48,0.14,70.67,,0.39,0.02,2.34,1.48,0.03,0.07,,,,,,0.12,0.04,
New Afton,26942,New Gold Inc.,4352755,100,Private Company,Canada,"Coeur Mining, Inc.",USA,4349317,Public Company,"Coeur Mining, Inc.",USA,4349317,Public Company,0,,,,,,,,,,,,,,,0,,,,,,,,
Niutoushan,66154,Wanyu Mining,4413345,65,Private Company,China,,,,Public Company,,,,Public Company,,,,,,,,,,,,,,,,,,,,,,,,
Niutoushan,66154,Yinfu Gold Corp.,4418919,35,Public Company,China,,,,Public Company,,,,Public Company,,,,,,,,,,,,,,,,80.67,,,,,,,,
Nkana,28270,International Resources Holding,118448206,51,Private Company,United Arab Emirates,2PointZero,United Arab Emirates,131306495,Private Company,International Holding Company PJSC,United Arab Emirates,14189636,Public Company,,,,,,,,,,,,,,,,,,,,,,,,
Nkana,28270,ZCCM Investments Holdings PLC,4355602,49,Public Company,Zambia,Industrial Development Corporation (Zambia) Limited,Zambia,4466550,Government Institution,Industrial Development Corporation (Zambia) Limited,Zambia,4466550,Government Institution,5.96,,,,,,5.96,,,,,,,,,,,,,,,30.81,,
Norilsk,75972,PJSC Mining and Metallurgical Co. Norilsk Nickel,4352853,100,Public Company,Russia,,,,Public Company,,,,Public Company,2.97,,,,,0,0.09,0,2.81,,0,,0,,0.06,,,,,,,,,
Northparkes,27165,Evolution Mining Ltd.,4350088,80,Public Company,Australia,,,,Public Company,,,,Public Company,66.52,1.39,,0.02,,,17.47,0,45.65,,0.01,,0.13,1.82,0.02,0.6,,,,,,,0.23,
Northparkes,27165,Sumitomo Corp.,4047416,6.7,Public Company,Japan,,,,Public Company,,,,Public Company,50.87,0.58,,,,0,0.35,14.22,31.95,,2.15,,0.26,1.33,0.02,0.05,,,,,,,,
Northparkes,27165,Sumitomo Metal Mining Co. Ltd.,4354638,13.3,Public Company,Japan,,,,Public Company,,,,Public Company,48.32,,,0.55,,0,4,1.39,37.43,,3.08,,0.12,1.74,0.01,0.02,,,,,,,,5.51
Nova-Bollinger,40767,IGO Ltd.,4351204,100,Public Company,Australia,,,,Public Company,,,,Public Company,53.98,,,,,0.16,0.52,,49.14,,,,0.18,3.98,0.01,9.18,,,,,,,2.03,
Nuoergai,81249,Bahrain Right Banner Norga Copper Mine Co. Ltd.,10930041,100,Private Company,China,,,,Public Company,,,,Public Company,,,,,,,,,,,,,,,,,,,,,,,,
Ok Tedi,25715,Ok Tedi Mining Ltd.,4353027,100,Private Company,Papua New Guinea,PNG Sustainable Development Program Limited,Papua New Guinea,4353397,Private Company,PNG Sustainable Development Program Limited,Papua New Guinea,4353397,Private Company,,,,,,,,,,,,,,,,,,,,,,,,
Olympic Dam,25635,BHP Group Ltd.,4121840,100,Public Company,Australia,,,,Public Company,,,,Public Company,41.43,0.85,,0,,0.04,3.49,0.08,35.6,,0.06,,0.1,1.19,0.03,0.03,,,,,,2.98,0,
Ontario Division,27672,Vale SA,4223919,100,Public Company,Brazil,,,,Public Company,,,,Public Company,52.69,1.86,,7.32,,0.09,1.31,0,39.12,,0.49,,2.48,0,0.03,0.02,,,,,,0,0.28,6.73
Oyu Tolgoi,31528,Mongolia,4350708,34,Government Institution,Mongolia,,,,Public Company,,,,Public Company,,,,,,,,,,,,,,,,,,,,,,,,
Oyu Tolgoi,31528,Rio Tinto Group,4149660,66,Public Company,United Kingdom,,,,Public Company,,,,Public Company,71.76,3.72,0.17,0.91,,0.15,4.42,1.27,57.36,,0.2,,0.84,2.56,0.15,0.02,,,,,0.44,0.16,11.23,0.07
Padcal,27918,Philex Mining Corp.,4353322,100,Public Company,Philippines,,,,Public Company,,,,Public Company,18.36,0.01,,,,,,17.28,1.08,,,,,,,0.45,,,,,,,15.57,33.93
Palabora,27868,China-Africa Development Fund,4314058,5,Private Company,China,China Development Bank,China,4255851,Private Company,China Development Bank,China,4255851,Private Company,,,,,,,,,,,,,,,,,,,,,,,,
Palabora,27868,General Nice Development Ltd,4528240,20,Private Company,Hong Kong,,,,Public Company,,,,Public Company,,,,,,,,,,,,,,,,,,,,,,,,
Palabora,27868,HBIS Group Company Ltd.,4567463,35,Private Company,China,State-owned Assets Supervision and Administration Commission of Hebei Province,China,6631208,Government Institution,State-owned Assets Supervision and Administration Commission of Hebei Province,China,6631208,Government Institution,,,,,,,,,,,,,,,,,,,,,,,,
Palabora,27868,Tewoo Group Co. Ltd.,4429101,20,Private Company,China,The State-owned Assets Supervision and Administration Commission of Hefei,China,8292862,Government Institution,The State-owned Assets Supervision and Administration Commission of Hefei,China,8292862,Government Institution,,,,,,,,,,,,,,,,,,,,,,,,
Palabora,27868,The Industrial Development Corporation of South Africa Ltd.,4281822,20,Government Institution,South Africa,,,,Public Company,,,,Public Company,,,,,,,,,,,,,,,,,,,,,,,,
Panagyurishte Mining and Processing Complex,27302,Assarel-Medet JSCo.,6621126,100,Private Company,Bulgaria,VA INTERTRADING Aktiengesellschaft,Austria,7083175,Private Company,Tello Holding AG,Switzerland,112167109,Private Company,,,,,,,,,,,,,,,,,,,,,,,,
Panagyurishte SX-EW,83736,Assarel-Medet JSCo.,6621126,100,Private Company,Bulgaria,VA INTERTRADING Aktiengesellschaft,Austria,7083175,Private Company,Tello Holding AG,Switzerland,112167109,Private Company,,,,,,,,,,,,,,,,,,,,,,,,
Peak,26771,Aurelia Metals Ltd.,4355535,100,Public Company,Australia,,,,Public Company,,,,Public Company,19.01,,,,,,0.43,,18.58,,,,,,,28.22,,,,,,,3.79,
Penasquito,30578,Newmont Corp.,4075105,100,Public Company,USA,,,,Public Company,,,,Public Company,81.17,3.13,,0.28,,0.21,2.48,0.14,70.67,,0.39,0.02,2.34,1.48,0.03,0.07,,,,,,0.12,0.04,
Phu Kham,33208,Laos,4350701,10,Government Institution,Laos,,,,Public Company,,,,Public Company,,,,,,,,,,,,,,,,,,,,,,,,
Phu Kham,33208,PanAust Ltd.,4353207,90,Private Company,Australia,,,,Public Company,,,,Public Company,,,,,,,,,,,,,,,,,,,,,,,,
Pinto Valley,24470,Capstone Copper Corp.,4348938,100,Public Company,Canada,,,,Public Company,,,,Public Company,41.77,,,,,,0.07,,32.1,,,,0.67,3.27,5.65,3.05,,,,,,,6.64,
Pinto Valley SX-EW,76080,Capstone Copper Corp.,4348938,100,Public Company,Canada,,,,Public Company,,,,Public Company,41.77,,,,,,0.07,,32.1,,,,0.67,3.27,5.65,3.05,,,,,,,6.64,
Platinum Mile,36120,Mvelaphanda Holdings (Proprietary) Ltd,4239757,8.3,Private Company,South Africa,,,,Public Company,,,,Public Company,,,,,,,,,,,,,,,,,,,,,,,,
Platinum Mile,36120,Sibanye Stillwater Ltd.,4379789,91.7,Public Company,South Africa,,,,Public Company,,,,Public Company,99.13,7.55,,0,,5.48,0.6,,77.82,,1.4,,5.82,0.46,0,0.23,,,,,,,,
Prominent Hill,32233,BHP Group Ltd.,4121840,100,Public Company,Australia,,,,Public Company,,,,Public Company,41.43,0.85,,0,,0.04,3.49,0.08,35.6,,0.06,,0.1,1.19,0.03,0.03,,,,,,2.98,0,
Proyecto de Rio Tinto,30469,Atalaya Mining Copper SA,4349943,100,Public Company,Spain,,,,Public Company,,,,Public Company,41.45,0.13,,,,,,,39.42,,,,1.65,,0.26,0.63,,,,,,,21.9,
Pulang,35707,iqing Development and Investment Co. Ltd.,4349747,8.33,Private Company,China,,,,Public Company,,,,Public Company,,,,,,,,,,,,,,,,,,,,,,,,
Pulang,35707,Yunnan Copper Co.Ltd.,4355551,70,Public Company,China,"Yunnan Copper Industry (Group) Co., Ltd.",China,9046546,Private Company,State-owned Assets Supervision and Administration Commission of the State Counci,China,4649432,Government Institution,8.21,2.05,,,,,,,4.75,,,,,0.33,1.08,0.43,,,,,,,6.29,
Pulang,35707,Yunnan Gold&Mineral Group Co. Ltd.,4355556,20,Private Company,China,,,,Public Company,,,,Public Company,,,,,,,,,,,,,,,,,,,,,,,,
Punitaqui,26968,Battery Mineral Resources Corp.,19556549,100,Public Company,Canada,,,,Public Company,,,,Public Company,5.68,,,,,,,,5.68,,,,,,,13.24,,29.01,,,,,,
Qiaoxiahala,80827,Private Interest,4353456,100,Private Company,China,,,,Public Company,,,,Public Company,,,,,,,,,,,,,,,,,,,,,,,,
Qilianshan,81212,Qinghai Qilianshan Copper Industry Co. Ltd.,10930082,100,Private Company,China,,,,Public Company,,,,Public Company,,,,,,,,,,,,,,,,,,,,,,,,
Quebrada Blanca,27019,Codelco,4349314,10,Private Company,Chile,Chile,Chile,4412501,Government Institution,Chile,Chile,4412501,Government Institution,,,,,,,,,,,,,,,,,,,,,,,,
Quebrada Blanca,27019,Sumitomo Corp.,4047416,5,Public Company,Japan,,,,Public Company,,,,Public Company,50.87,0.58,,,,0,0.35,14.22,31.95,,2.15,,0.26,1.33,0.02,0.05,,,,,,,,
Quebrada Blanca,27019,Sumitomo Metal Mining Co. Ltd.,4354638,25,Public Company,Japan,,,,Public Company,,,,Public Company,48.32,,,0.55,,0,4,1.39,37.43,,3.08,,0.12,1.74,0.01,0.02,,,,,,,,5.51
Quebrada Blanca,27019,Teck Resources Ltd.,4141965,60,Public Company,Canada,,,,Public Company,,,,Public Company,73.55,4.31,,0.08,,0.04,2.12,0.02,52.4,,0.03,0.04,7.59,5.77,1.16,0.08,,,,,,0.05,4.21,
Quellaveco,27805,Anglo American PLC,4193273,60,Public Company,United Kingdom,,,,Public Company,,,,Public Company,78.13,3.84,,0.23,,0.01,1.58,0.16,68.04,,0.67,0.04,-0.09,3.33,0.31,0.09,,,,,1.12,0.12,9.8,0.09
Quellaveco,27805,Mitsubishi Corp.,4065098,40,Public Company,Japan,,,,Public Company,,,,Public Company,48.08,0.39,,4.83,,0,0.41,11.22,26.92,,2.52,,0.32,1.47,0.01,0.08,,,,,,,,
Qulong,34296,Private Interest,4353456,25,Private Company,China,,,,Public Company,,,,Public Company,,,,,,,,,,,,,,,,,,,,,,,,
Qulong,34296,Zangge Mining Company Ltd.,4993645,16.84,Public Company,China,,,,Public Company,,,,Public Company,17.15,2.14,,,,,,,13.66,,0.01,,,1.34,,6.42,,,,,0.53,,23.11,26.82
Qulong,34296,Zijin Mining Group Co. Ltd.,4355642,58.16,Public Company,China,,,,Public Company,,,,Public Company,32.01,2.33,,,,,0.02,,27.92,,0.02,,0.06,1.62,0.04,0.09,,,,,0.16,,24,
Radomiro Tomic,27523,Codelco,4349314,100,Private Company,Chile,Chile,Chile,4412501,Government Institution,Chile,Chile,4412501,Government Institution,,,,,,,,,,,,,,,,,,,,,,,,
Raglan,26073,Glencore PLC,4113732,100,Public Company,Switzerland,,,,Public Company,,,,Public Company,61.76,3.68,1.77,0.03,,0,0.29,0.08,54.17,,0.15,,0.25,1.11,0.23,12.83,,8.93,,,0.19,0.05,0.02,
Ray,24509,Grupo México SAB de CV,4350827,100,Public Company,Mexico,,,,Public Company,,,,Public Company,35.36,9.3,,0,,,0.28,,25.15,,0,,0.02,0.59,0.01,19.37,,,,,,,40.65,
Ray SX-EW,76081,Grupo México SAB de CV,4350827,100,Public Company,Mexico,,,,Public Company,,,,Public Company,35.36,9.3,,0,,,0.28,,25.15,,0,,0.02,0.59,0.01,19.37,,,,,,,40.65,
Red Chris,28908,Imperial Metals Corp.,4351191,30,Public Company,Canada,,,,Public Company,,,,Public Company,20.86,,,,,,,,20.54,,,,0.33,,,51.13,,,,,,,0.46,
Red Chris,28908,Newmont Corp.,4075105,70,Public Company,USA,,,,Public Company,,,,Public Company,81.17,3.13,,0.28,,0.21,2.48,0.14,70.67,,0.39,0.02,2.34,1.48,0.03,0.07,,,,,,0.12,0.04,
Robinson,27653,KGHM Polska Miedz SA,4351589,100,Public Company,Poland,,,,Public Company,,,,Public Company,44.54,0.82,,2.9,,,0.17,0,38.35,,0.01,,1.53,0.76,0.01,,,,,,,31.79,,
Rosebery,27542,MMG Ltd.,4352491,100,Public Company,Australia,China Minmetals H.K. (Holdings) Limited,Hong Kong,4510108,Private Company,State-owned Assets Supervision and Administration Commission of the State Counci,China,4649432,Government Institution,24.91,10.69,,,,,,,14.12,,0,,0.1,,0,0.01,,,,,,,63.72,
Ruashi,29830,Dem. Rep. Congo,4350734,5,Government Institution,Dem. Rep. Congo,,,,Public Company,,,,Public Company,,,,,,,,,,,,,,,,,,,,,,,,
Ruashi,29830,Gécamines SA,4350360,25,Private Company,Dem. Rep. Congo,Dem. Rep. Congo,Dem. Rep. Congo,4350734,Government Institution,Dem. Rep. Congo,Dem. Rep. Congo,4350734,Government Institution,,,,,,,,,,,,,,,,,,,,,,,,
Ruashi,29830,Jinchuan Group International Resources Co. Ltd.,4361447,70,Public Company,Hong Kong,Jinchuan (BVI) Limited,BVI,4575436,Private Company,State-Owned Assets Supervision And Administration Commission Of Gansu Provincial,China,8393263,Government Institution,11.69,,,,,,,,11.69,,,,,,,,,,,,,,66.12,
Rubtsovskoye,29195,"JSC ""Sibir-Polymetal""",4600007,100,Private Company,Russia,Public Joint-Stock Company Chelyabinsk Zinc Plant,Russia,4420077,Private Company,Mineral Power Limited,Hong Kong,12767702,Private Company,,,,,,,,,,,,,,,,,,,,,,,,
Rustenburg,27519,Newshelf 1335 Pty. Ltd.,25460448,26,Private Company,USA,,,,Public Company,,,,Public Company,,,,,,,,,,,,,,,,,,,,,,,,
Rustenburg,27519,Sibanye Stillwater Ltd.,4379789,74,Public Company,South Africa,,,,Public Company,,,,Public Company,99.13,7.55,,0,,5.48,0.6,,77.82,,1.4,,5.82,0.46,0,0.23,,,,,,,,
Sabinas,30768,Industrias Peñoles SAB de CV,4351226,100,Public Company,Mexico,,,,Public Company,,,,Public Company,15.8,0.01,,,,,0.25,,15.52,,0.01,,0.01,,,,,,,,,,0.06,
Safford,27280,Freeport-McMoRan Inc.,4004107,100,Public Company,USA,,,,Public Company,,,,Public Company,87.26,4.93,,0.12,,0.26,1.73,0.17,73.98,0,0.51,0.02,5.29,0.07,0.17,0.42,,,,,,0.14,0.02,
Salobo,25761,Vale SA,4223919,100,Public Company,Brazil,,,,Public Company,,,,Public Company,52.69,1.86,,7.32,,0.09,1.31,0,39.12,,0.49,,2.48,0,0.03,0.02,,,,,,0,0.28,6.73
Salvador,28010,Codelco,4349314,100,Private Company,Chile,Chile,Chile,4412501,Government Institution,Chile,Chile,4412501,Government Institution,,,,,,,,,,,,,,,,,,,,,,,,
San Francisco del Oro,28591,Minera Frisco S.A.B. de C.V.,4352362,99.16,Public Company,Mexico,,,,Public Company,,,,Public Company,0.3,,,,,,,,0.3,,,,,,,6.47,,,,,,,,
San Martin,29435,Southern Copper Corp.,4354459,100,Public Company,USA,Americas Mining Corporation,USA,4356310,Private Company,"Grupo México, S.A.B. de C.V.",Mexico,4350827,Public Company,9.6,0.52,,0.01,,0.07,0.29,0,8.12,,0.03,,0.44,0.09,0.04,0.06,,,,,,0.01,0,88.9
San Vicente,27623,Pan American Silver Corp.,4353203,95,Public Company,Canada,,,,Public Company,,,,Public Company,56.39,2.92,,0.02,,0.21,1.16,0.08,44.96,,0,0,5.23,1.43,0.38,0.09,,,,,,0,,
San Vicente,27623,Trafigura Group Pte. Ltd.,6220799,5,Private Company,Singapore,Trafigura Beheer B.V.,Singapore,4354947,Private Company,Farringford Foundation,Panama,19823214,Private Company,,,,,,,,,,,,,,,,,,,,,,,,
Santa Rita,33832,Appian Capital Advisory LLP,4546566,100,Private Company,United Kingdom,,,,Public Company,,,,Public Company,,,,,,,,,,,,,,,,,,,,,,,,
Sanxin,33937,Zhongjin Gold Corp.Ltd.,4355632,51,Public Company,China,"China National Gold Group Co., Ltd",China,4349151,Private Company,State-owned Assets Supervision and Administration Commission of the State Counci,China,4649432,Government Institution,17.64,3.05,,,,,,,13.17,,0.08,,0,0.46,0.88,0,,,,,,,49.09,
Sarcheshmeh,27619,National Iranian Copper,4352692,100,Private Company,Iran,,,,Public Company,,,,Public Company,,,,,,,,,,,,,,,,,,,,,,,,
Shangrao,81211,Jiangxi Jinyu Industrial Group Co. Ltd.,10930063,100,Private Company,China,,,,Public Company,,,,Public Company,,,,,,,,,,,,,,,,,,,,,,,,
Shanjinhongling,35878,"Chifeng Jinhongling Nonferrous Mining Co., Ltd.",10405589,100,Private Company,China,,,,Public Company,,,,Public Company,,,,,,,,,,,,,,,,,,,,,,,,
Shaxi,37670,Tongling Nonferrous Metals Group Co. Ltd.,4314727,100,Public Company,China,,,,Public Company,,,,Public Company,11.55,,,,,,,1.06,9.97,,0,,,0.52,,0,,,,,,,46.14,
Shejiaao,81197,Private Interest,4353456,100,Private Company,China,,,,Public Company,,,,Public Company,,,,,,,,,,,,,,,,,,,,,,,,
Shijiangjun,81256,Tangdan Conc. Plant,10928473,100,Private Company,China,,,,Public Company,,,,Public Company,,,,,,,,,,,,,,,,,,,,,,,,
Shilong,81649,Private Interest,4353456,100,Private Company,China,,,,Public Company,,,,Public Company,,,,,,,,,,,,,,,,,,,,,,,,
Shitouzui,61040,Private Interest,4353456,100,Private Company,China,,,,Public Company,,,,Public Company,,,,,,,,,,,,,,,,,,,,,,,,
Shuangfo Conc. Plant,81233,Kunming Shuangfo Mining Co. Ltd.,10948121,100,Private Company,China,,,,Public Company,,,,Public Company,,,,,,,,,,,,,,,,,,,,,,,,
Shuangfo Second Conc. Plant,81227,Kunming Shuangfo Mining Co. Ltd.,10948121,100,Private Company,China,,,,Public Company,,,,Public Company,,,,,,,,,,,,,,,,,,,,,,,,
Shunqiang,81263,Kunming Shunqiang Mining Co. Ltd.,10928398,100,Private Company,China,,,,Public Company,,,,Public Company,,,,,,,,,,,,,,,,,,,,,,,,
Sichuan La-La,31591,China State-Owned Mining Enterprise,10393182,100,Private Company,China,,,,Public Company,,,,Public Company,,,,,,,,,,,,,,,,,,,,,,,,
Sierra Gorda,28650,KGHM International Ltd.,4351588,55,Private Company,Canada,Future 1 Spolka Z O.O.,Poland,5794139,Private Company,KGHM Polska Miedz S.A.,Poland,4351589,Public Company,,,,,,,,,,,,,,,,,,,,,,,,
Sierra Gorda,28650,South32 Ltd.,4583665,45,Public Company,Australia,,,,Public Company,,,,Public Company,43.78,,,,,0,7.36,,35.9,,0.01,,0.21,0.29,0.02,0.13,,,,,,5.46,,0.2
Sierrita,24503,Freeport-McMoRan Inc.,4004107,100,Public Company,USA,,,,Public Company,,,,Public Company,87.26,4.93,,0.12,,0.26,1.73,0.17,73.98,0,0.51,0.02,5.29,0.07,0.17,0.42,,,,,,0.14,0.02,
Sierrita SX-EW,76079,Freeport-McMoRan Inc.,4004107,100,Public Company,USA,,,,Public Company,,,,Public Company,87.26,4.93,,0.12,,0.26,1.73,0.17,73.98,0,0.51,0.02,5.29,0.07,0.17,0.42,,,,,,0.14,0.02,
Silver Bell,24880,Grupo México SAB de CV,4350827,100,Public Company,Mexico,,,,Public Company,,,,Public Company,35.36,9.3,,0,,,0.28,,25.15,,0,,0.02,0.59,0.01,19.37,,,,,,,40.65,
Soerkuduke,30665,Baiyin Nonferrous Group Co. Ltd.,6609766,100,Public Company,China,,,,Public Company,,,,Public Company,30.62,4.18,,,,,,,26.44,,,,,,,,,,,,,12.85,32.98,
Somincor,25687,Boliden AB (publ),4348654,100,Public Company,Sweden,,,,Public Company,,,,Public Company,44.03,0,,,,0,0.57,0,41.81,3,0.01,,-1.75,0.22,0.17,1.83,,,,,,,,
Songjiang,36775,Private Interest,4353456,100,Private Company,China,,,,Public Company,,,,Public Company,,,,,,,,,,,,,,,,,,,,,,,,
Sossego,31223,Vale SA,4223919,100,Public Company,Brazil,,,,Public Company,,,,Public Company,52.69,1.86,,7.32,,0.09,1.31,0,39.12,,0.49,,2.48,0,0.03,0.02,,,,,,0,0.28,6.73
Spence,30025,BHP Group Ltd.,4121840,100,Public Company,Australia,,,,Public Company,,,,Public Company,41.43,0.85,,0,,0.04,3.49,0.08,35.6,,0.06,,0.1,1.19,0.03,0.03,,,,,,2.98,0,
Spence SX-EW,79640,BHP Group Ltd.,4121840,100,Public Company,Australia,,,,Public Company,,,,Public Company,41.43,0.85,,0,,0.04,3.49,0.08,35.6,,0.06,,0.1,1.19,0.03,0.03,,,,,,2.98,0,
Stillwater,24891,Sibanye Stillwater Ltd.,4379789,100,Public Company,South Africa,,,,Public Company,,,,Public Company,99.13,7.55,,0,,5.48,0.6,,77.82,,1.4,,5.82,0.46,0,0.23,,,,,,,,
Sudbury Operations,27146,Glencore PLC,4113732,100,Public Company,Switzerland,,,,Public Company,,,,Public Company,61.76,3.68,1.77,0.03,,0,0.29,0.08,54.17,,0.15,,0.25,1.11,0.23,12.83,,8.93,,,0.19,0.05,0.02,
Sunan,38224,Private Interest,4353456,100,Private Company,China,,,,Public Company,,,,Public Company,,,,,,,,,,,,,,,,,,,,,,,,
Sunan Dongshanding,80830,Private Interest,4353456,100,Private Company,China,,,,Public Company,,,,Public Company,,,,,,,,,,,,,,,,,,,,,,,,
Suolagou,80824,Private Interest,4353456,100,Private Company,China,,,,Public Company,,,,Public Company,,,,,,,,,,,,,,,,,,,,,,,,
Suolajier,81647,Private Interest,4353456,100,Private Company,China,,,,Public Company,,,,Public Company,,,,,,,,,,,,,,,,,,,,,,,,
Tangtang,81642,China State-Owned Mining Enterprise,10393182,100,Private Company,China,,,,Public Company,,,,Public Company,,,,,,,,,,,,,,,,,,,,,,,,
Tanyaokou,29749,"Qingdao Qihua Investment Holding Co., Ltd.",8296610,100,Private Company,China,,,,Public Company,,,,Public Company,,,,,,,,,,,,,,,,,,,,,,,,
Tayahua,29924,Minera Frisco S.A.B. de C.V.,4352362,90.2,Public Company,Mexico,,,,Public Company,,,,Public Company,0.3,,,,,,,,0.3,,,,,,,6.47,,,,,,,,
Tayahua,29924,"Minera Tayahua, S.A. De C.V.",4352406,9.8,Private Company,Mexico,"Grupo Carso, S.A.B. de C.V.",Mexico,4987888,Public Company,"Grupo Carso, S.A.B. de C.V.",Mexico,4987888,Public Company,,,,,,,,,,,,,,,,,,,,,,,,
Telfer,26419,Greatland Resources Ltd.,4350797,100,Public Company,Australia,,,,Public Company,,,,Public Company,36.12,0.02,,,,,0.08,,33.47,,,,1.06,1.09,0.4,0.97,,,,,,,23.06,0
Tenke Fungurume,28371,CMOC Group Ltd.,4349148,80,Public Company,China,,,,Public Company,,,,Public Company,11.62,0.06,,0,,,0.08,,10.9,,0.01,,0.03,,0.55,0.12,,23.54,,,,,,24.91
Tenke Fungurume,28371,Gécamines SA,4350360,20,Private Company,Dem. Rep. Congo,Dem. Rep. Congo,Dem. Rep. Congo,4350734,Government Institution,Dem. Rep. Congo,Dem. Rep. Congo,4350734,Government Institution,,,,,,,,,,,,,,,,,,,,,,,,
Tianbaoshan,61042,"Sichuan Huili Lead & Zinc Co., Ltd.",10402280,100,Private Company,China,,,,Public Company,,,,Public Company,,,,,,,,,,,,,,,,,,,,,,,,
Timok,33986,Zijin Mining Group Co. Ltd.,4355642,100,Public Company,China,,,,Public Company,,,,Public Company,32.01,2.33,,,,,0.02,,27.92,,0.02,,0.06,1.62,0.04,0.09,,,,,0.16,,24,
Tizapa,27632,Dowa Holdings Co. Ltd.,4358892,39,Public Company,Japan,,,,Public Company,,,,Public Company,50.53,,,,,,,2.67,43.09,,3.18,,,1.58,0.01,0.07,,,,,,,,3.17
Tizapa,27632,Industrias Peñoles SAB de CV,4351226,51,Public Company,Mexico,,,,Public Company,,,,Public Company,15.8,0.01,,,,,0.25,,15.52,,0.01,,0.01,,,,,,,,,,0.06,
Tizapa,27632,Sumitomo Corp.,4047416,10,Public Company,Japan,,,,Public Company,,,,Public Company,50.87,0.58,,,,0,0.35,14.22,31.95,,2.15,,0.26,1.33,0.02,0.05,,,,,,,,
Tongdan,80815,China State-Owned Mining Enterprise,10393182,100,Private Company,China,,,,Public Company,,,,Public Company,,,,,,,,,,,,,,,,,,,,,,,,
Tonghe,80810,"Linxi County Tonghe Mining Co., Ltd.",10947964,100,Private Company,China,,,,Public Company,,,,Public Company,,,,,,,,,,,,,,,,,,,,,,,,
Tongkuangyu,62900,China State-Owned Mining Enterprise,10393182,100,Private Company,China,,,,Public Company,,,,Public Company,,,,,,,,,,,,,,,,,,,,,,,,
Tonglvshan,80699,China Daye Non-Ferrous Metals Mining Ltd.,4349131,95.35,Public Company,Hong Kong,"Daye Nonferrous Metals Group Holdings Co., Ltd.",China,4358637,Private Company,State-owned Assets Supervision and Administration Commission of the State Counci,China,4649432,Government Institution,0.48,,,,,,,,0.48,,,,,,,0.01,,,,,,,66.85,
Tongshan,29739,Tongling Nonferrous Metals Group Co. Ltd.,4314727,100,Public Company,China,,,,Public Company,,,,Public Company,11.55,,,,,,,1.06,9.97,,0,,,0.52,,0,,,,,,,46.14,
Tongshankou,30654,China Daye Non-Ferrous Metals Mining Ltd.,4349131,95.35,Public Company,Hong Kong,"Daye Nonferrous Metals Group Holdings Co., Ltd.",China,4358637,Private Company,State-owned Assets Supervision and Administration Commission of the State Counci,China,4649432,Government Institution,0.48,,,,,,,,0.48,,,,,,,0.01,,,,,,,66.85,
Tongshankou,30654,China Nonferrous Metal Mining (Group) Co. Ltd.,4349159,4.65,Private Company,China,State-owned Assets Supervision and Administration Commission of the State Counci,China,4649432,Government Institution,State-owned Assets Supervision and Administration Commission of the State Counci,China,4649432,Government Institution,,,,,,,,,,,,,,,,,,,,,,,,
Tongshanpai,81198,Anhui Chizhou Jinchi Investment Co. Ltd.,10929882,100,Private Company,China,,,,Public Company,,,,Public Company,,,,,,,,,,,,,,,,,,,,,,,,
Toquepala,26654,Southern Copper Corp.,4354459,100,Public Company,USA,Americas Mining Corporation,USA,4356310,Private Company,"Grupo México, S.A.B. de C.V.",Mexico,4350827,Public Company,9.6,0.52,,0.01,,0.07,0.29,0,8.12,,0.03,,0.44,0.09,0.04,0.06,,,,,,0.01,0,88.9
Toquepala SX-EW,75985,Southern Copper Corp.,4354459,100,Public Company,USA,Americas Mining Corporation,USA,4356310,Private Company,"Grupo México, S.A.B. de C.V.",Mexico,4350827,Public Company,9.6,0.52,,0.01,,0.07,0.29,0,8.12,,0.03,,0.44,0.09,0.04,0.06,,,,,,0.01,0,88.9
Toromocho,28680,Aluminum Corp. of China Ltd.,4199226,100,Public Company,China,Aluminum Corporation of China,China,4572195,Private Company,State-owned Assets Supervision and Administration Commission of the State Counci,China,4649432,Government Institution,23.87,5.11,,,,,0.12,,18.03,,0.01,,0.01,0.58,0.02,0.01,,,,,,,34.16,
Trident - Sentinel,36127,First Quantum Minerals Ltd.,4350215,100,Public Company,Canada,,,,Public Company,,,,Public Company,44.68,0,,,,,0.45,,42.32,,0.01,,0.1,1.8,0,0.14,,,,,,,0.03,18.6
Tritton,29544,Aeris Resources Ltd.,4275208,100,Public Company,Australia,,,,Public Company,,,,Public Company,20.67,6.09,,,,,0,,14.58,,,,,,,6.92,,,,,,,8.65,8.35
Tshukudu,38696,Sandfire Resources Ltd.,4354011,100,Public Company,Australia,,,,Public Company,,,,Public Company,69.11,0.85,,4.89,,,10.41,,51.28,,,,,1.69,,0.24,,,,,,,0.2,
Tucuma,33521,Ero Copper Corp.,8252418,99.6,Public Company,Canada,,,,Public Company,,,,Public Company,69.91,3.48,,0.01,,0.09,0.19,,55.94,,,,9.62,,0.56,2.43,,,,,,0.02,,
Tugenmansu,86199,China State-Owned Mining Enterprise,10393182,100,Private Company,China,,,,Public Company,,,,Public Company,,,,,,,,,,,,,,,,,,,,,,,,
Tulaergen,80826,China State-Owned Mining Enterprise,10393182,100,Private Company,China,,,,Public Company,,,,Public Company,,,,,,,,,,,,,,,,,,,,,,,,
Tuwu-Yandong,31590,Oriental Pearl Group Co.Ltd.,4994804,49,Public Company,China,,,,Public Company,,,,Public Company,4.07,,,,,,,,2.55,,,,,1,0.51,0.01,,,,,,,48.61,
Tuwu-Yandong,31590,Yunnan Copper Co.Ltd.,4355551,51,Public Company,China,"Yunnan Copper Industry (Group) Co., Ltd.",China,9046546,Private Company,State-owned Assets Supervision and Administration Commission of the State Counci,China,4649432,Government Institution,8.21,2.05,,,,,,,4.75,,,,,0.33,1.08,0.43,,,,,,,6.29,
Two Rivers,30707,African Rainbow Minerals Ltd.,4188197,54,Public Company,South Africa,,,,Public Company,,,,Public Company,47.03,,,,,,0.19,,37.69,,0.25,,4.9,4,,0.77,,,,,,,43.12,
Two Rivers,30707,Impala Platinum Holdings Ltd.,4351190,46,Public Company,South Africa,,,,Public Company,,,,Public Company,69.08,0,,0.01,,6.56,0.24,,57.95,,0.82,,0.74,2.76,,0.06,,,,,,,,
Tyrone SX-EW,76109,Freeport-McMoRan Inc.,4004107,100,Public Company,USA,,,,Public Company,,,,Public Company,87.26,4.93,,0.12,,0.26,1.73,0.17,73.98,0,0.51,0.02,5.29,0.07,0.17,0.42,,,,,,0.14,0.02,
Uchaly,28090,Ural Mining & Metallurgical Co.,4355114,100,Private Company,Russia,SELMARECO LTD.,Cyprus,25831363,Private Company,Mineral Power Limited,Hong Kong,12767702,Private Company,,,,,,,,,,,,,,,,,,,,,,,,
Union Section,31296,Bakgatla Ba Kgafela,4348411,15,Foundation or Charitable Institution,South Africa,,,,Public Company,,,,Public Company,,,,,,,,,,,,,,,,,,,,,,,,
Union Section,31296,Siyanda Resources (Pty) Ltd.,4379793,85,Private Company,South Africa,,,,Public Company,,,,Public Company,,,,,,,,,,,,,,,,,,,,,,,,
Unki,30514,Valterra Platinum Ltd.,4348055,100,Public Company,South Africa,,,,Public Company,,,,Public Company,54.07,0.05,,,,,0.27,,49.54,,0.82,,0.66,2.74,,0.01,,,,,,,0.01,
Vares,66175,DPM Metals Inc.,4349826,100,Public Company,Canada,,,,Public Company,,,,Public Company,54.31,3.36,,0.01,,,0.02,,48.65,,,,1.54,0.73,,3.14,16.83,,,,,,,
Varvara,29607,Solidcore Resources PLC,4353406,100,Private Company,Kazakhstan,,,,Public Company,,,,Public Company,2.03,,,,,,,,2.03,,,,,,,,,,,,,,,
Velardena,35515,Industrias Peñoles SAB de CV,4351226,100,Public Company,Mexico,,,,Public Company,,,,Public Company,15.8,0.01,,,,,0.25,,15.52,,0.01,,0.01,,,,,,,,,,0.06,
Voisey's Bay,28992,Vale SA,4223919,100,Public Company,Brazil,,,,Public Company,,,,Public Company,52.69,1.86,,7.32,,0.09,1.31,0,39.12,,0.49,,2.48,0,0.03,0.02,,,,,,0,0.28,6.73
Weilasituo,35851,"Inner Mongolia Weila Situo Mining Industry Co., Ltd.",4361081,100,Private Company,China,,,,Public Company,,,,Public Company,,,,,,,,,,,,,,,,,,,,,,,,
Wenshan Dulong,30968,Yunnan Hualian Zinc and Indium Co. Ltd.,4513816,100,Private Company,China,Yunnan Tin Company Limited,China,4355569,Public Company,State-owned Asset Supervision and Administration Commission of Yunnan Provincial,China,6282025,Government Institution,,,,,,,,,,,,,,,,,,,,,,,,
Western Limb Tailings,32553,Sibanye Stillwater Ltd.,4379789,100,Public Company,South Africa,,,,Public Company,,,,Public Company,99.13,7.55,,0,,5.48,0.6,,77.82,,1.4,,5.82,0.46,0,0.23,,,,,,,,
Wetar,27065,Posco International Corp.,4498058,0.01,Public Company,South Korea,POSCO Holdings Inc.,South Korea,4233782,Public Company,POSCO Holdings Inc.,South Korea,4233782,Public Company,12.32,,,,,,7.93,,4.39,,0,,,,0,0.02,,,,,0.1,,,72.98
Wetar,27065,PT Merdeka Copper Gold Tbk,4602189,99.99,Public Company,Indonesia,,,,Public Company,,,,Public Company,5.27,,,,,,,,4.87,,,,0,0.4,,8.53,,19.41,,,,3.99,11.91,5.48
Woodlawn,27104,Develop Global Ltd.,4355196,100,Public Company,Australia,,,,Public Company,,,,Public Company,41.63,3.51,,1.53,,,0.36,,34.09,2.14,,,,,,20.24,,,,,,,0.79,0.54
Wunugetushan,29742,China National Gold Group Co. Ltd.,4349151,10,Private Company,China,State-owned Assets Supervision and Administration Commission of the State Counci,China,4649432,Government Institution,State-owned Assets Supervision and Administration Commission of the State Counci,China,4649432,Government Institution,,,,,,,,,,,,,,,,,,,,,,,,
Wunugetushan,29742,Zhongjin Gold Corp.Ltd.,4355632,90,Public Company,China,"China National Gold Group Co., Ltd",China,4349151,Private Company,State-owned Assets Supervision and Administration Commission of the State Counci,China,4649432,Government Institution,17.64,3.05,,,,,,,13.17,,0.08,,0,0.46,0.88,0,,,,,,,49.09,
Wushan,27817,Jiangxi Copper Co. Ltd.,4351423,100,Public Company,China,Jiangxi Copper Corporation Limited,China,4406764,Private Company,State-owned Assets Supervision and Administration Commission of Jiangxi Province,China,10606288,Government Institution,17.01,3.12,,,,,,,13.01,,0.01,,0.04,0.83,0,0.55,,,,,,,45.86,
Wutonghua,80807,Wengniute Banner Wutonghua Copper Mine Houshan Mining,10931162,100,Private Company,China,,,,Public Company,,,,Public Company,,,,,,,,,,,,,,,,,,,,,,,,
Wutongjing,81199,Private Interest,4353456,100,Private Company,China,,,,Public Company,,,,Public Company,,,,,,,,,,,,,,,,,,,,,,,,
Xiliduo,81271,"Chengde Shuoda Mining Co., Ltd.",9267495,100,Private Company,China,,,,Public Company,,,,Public Company,,,,,,,,,,,,,,,,,,,,,,,,
Xingjiang,36137,China Daye Non-Ferrous Metals Mining Ltd.,4349131,55,Public Company,Hong Kong,"Daye Nonferrous Metals Group Holdings Co., Ltd.",China,4358637,Private Company,State-owned Assets Supervision and Administration Commission of the State Counci,China,4649432,Government Institution,0.48,,,,,,,,0.48,,,,,,,0.01,,,,,,,66.85,
Xinqiao,61038,Tongling Chemical Industry Group Co.Ltd.,7132181,100,Private Company,China,,,,Public Company,,,,Public Company,,,,,,,,,,,,,,,,,,,,,,,,
Xinzhuang,40771,Wanguo Gold Group Ltd.,4355279,100,Public Company,China,,,,Public Company,,,,Public Company,7.12,,,,,,,,6.8,,,,0.1,0.22,,44.08,,,,,,,,28.85
Yangla,33964,iqing Development and Investment Co. Ltd.,4349747,8.33,Private Company,China,,,,Public Company,,,,Public Company,,,,,,,,,,,,,,,,,,,,,,,,
Yangla,33964,Yunnan Copper Co.Ltd.,4355551,75,Public Company,China,"Yunnan Copper Industry (Group) Co., Ltd.",China,9046546,Private Company,State-owned Assets Supervision and Administration Commission of the State Counci,China,4649432,Government Institution,8.21,2.05,,,,,,,4.75,,,,,0.33,1.08,0.43,,,,,,,6.29,
Yangla,33964,云南楚雄矿冶有限公司,4589586,16.67,Private Company,China,"Yunnan Copper Co.,Ltd",China,4355551,Public Company,State-owned Assets Supervision and Administration Commission of the State Counci,China,4649432,Government Institution,,,,,,,,,,,,,,,,,,,,,,,,
Yaodongzao,81202,Subei County Yuxi Mining Co. Ltd.,10929939,100,Private Company,China,,,,Public Company,,,,Public Company,,,,,,,,,,,,,,,,,,,,,,,,
Yauli,26574,Volcan Compañía Minera SAA,4355250,100,Public Company,Peru,Transition Metals AG,Switzerland,117657833,Private Company,Integra Capital S.A.,Argentina,5763197,Private Company,2.16,,,,,,,,2.16,,,,,,,8.25,,,,,,,26.29,0.38
Yauliyacu,27728,Alpayana S.A.C.,29771747,97.6,Private Company,Peru,,,,Public Company,,,,Public Company,,,,,,,,,,,,,,,,,,,,,,,,
Yauliyacu,27728,Private Interest,4353456,2.4,Private Company,China,,,,Public Company,,,,Public Company,,,,,,,,,,,,,,,,,,,,,,,,
Yauricocha,27747,Alpayana S.A.C.,29771747,81.84,Private Company,Peru,,,,Public Company,,,,Public Company,,,,,,,,,,,,,,,,,,,,,,,,
Yauricocha,27747,Private Interest,4353456,18.16,Private Company,China,,,,Public Company,,,,Public Company,,,,,,,,,,,,,,,,,,,,,,,,
Yinan,63901,Shandong Gold Mining Co. Ltd.,4354122,100,Public Company,China,"Shandong Gold Group Co.,Ltd",China,4354121,Private Company,People's Government Of Shandong Province,China,4760686,Government Institution,23.01,4.59,,0,,,0,,16.87,,0.04,,0.02,1.49,,0.92,,,,,,,42.84,
Yincan,80825,Private Interest,4353456,100,Private Company,China,,,,Public Company,,,,Public Company,,,,,,,,,,,,,,,,,,,,,,,,
Yinlu,81261,Private Interest,4353456,100,Private Company,China,,,,Public Company,,,,Public Company,,,,,,,,,,,,,,,,,,,,,,,,
Yinmin,81242,Tangdan Conc. Plant,10928473,100,Private Company,China,,,,Public Company,,,,Public Company,,,,,,,,,,,,,,,,,,,,,,,,
Yinshan,27818,Jiangxi Copper Co. Ltd.,4351423,100,Public Company,China,Jiangxi Copper Corporation Limited,China,4406764,Private Company,State-owned Assets Supervision and Administration Commission of Jiangxi Province,China,10606288,Government Institution,17.01,3.12,,,,,,,13.01,,0.01,,0.04,0.83,0,0.55,,,,,,,45.86,
Yongping,35755,Jiangxi Copper Co. Ltd.,4351423,100,Public Company,China,Jiangxi Copper Corporation Limited,China,4406764,Private Company,State-owned Assets Supervision and Administration Commission of Jiangxi Province,China,10606288,Government Institution,17.01,3.12,,,,,,,13.01,,0.01,,0.04,0.83,0,0.55,,,,,,,45.86,
Yuanzhuding Mountain,35786,Unnamed Owner,4400798,100,Private Company,USA,,,,Public Company,,,,Public Company,,,,,,,,,,,,,,,,,,,,,,,,
Yueshan,80833,Tongling Nonferrous Metals Group Co. Ltd.,4314727,100,Public Company,China,,,,Public Company,,,,Public Company,11.55,,,,,,,1.06,9.97,,0,,,0.52,,0,,,,,,,46.14,
Yulong,29743,Changdu Capital Management And Operation Co.,4349081,8,Private Company,China,,,,Public Company,,,,Public Company,,,,,,,,,,,,,,,,,,,,,,,,
Yulong,29743,Tibet No 6 Geology Survey Team,4354855,10,Private Company,China,,,,Public Company,,,,Public Company,,,,,,,,,,,,,,,,,,,,,,,,
Yulong,29743,Western Mining Co.Ltd.,4355346,58,Public Company,China,"Western Mining Group Co., Ltd.",China,10355625,Private Company,Qinghai State Owned Assets Supervision & Administration Commission,China,111774141,Government Institution,22.44,6.81,,,,,,1.06,13.38,,0.03,,0.01,1.14,,1.95,,,,,,,35.11,
Yulong,29743,Xizang Mineral Development Co. LTD,4354854,2,Public Company,China,,,,Public Company,,,,Public Company,18.83,2.03,,,,,,,16.79,,,,,,,0.02,,,,,,,21.76,
Yulong,29743,Zijin Mining Group Co. Ltd.,4355642,22,Public Company,China,,,,Public Company,,,,Public Company,32.01,2.33,,,,,0.02,,27.92,,0.02,,0.06,1.62,0.04,0.09,,,,,0.16,,24,
Zaldivar,27390,Antofagasta PLC,4348083,50,Public Company,United Kingdom,Metalinvest Anstalt,Liechtenstein,4409674,Private Company,E. Abaroa Foundation,Liechtenstein,4409661,Private Company,28.13,1.26,0.48,0.02,,,0.27,0.07,26.27,,0,,-0.84,0.53,0.06,4.26,,,,,,,61.25,0.03
Zaldivar,27390,Barrick Mining Corp.,4120225,50,Public Company,Canada,,,,Public Company,,,,Public Company,65.46,4.35,,0.05,,0.15,1.63,0.04,54.32,,0.32,0.02,3.99,0.17,0.43,0.28,,,,,,0.06,0.02,
Zangezur,29283,Zangezur Copper Molybdenum Combine CJSC,4355591,100,Private Company,Armenia,,,,Public Company,,,,Public Company,,,,,,,,,,,,,,,,,,,,,,,,
Zhezkazgan Complex,27034,Cuprum Holding Ltd.,4410234,100,Private Company,Malta,,,,Public Company,,,,Public Company,,,,,,,,,,,,,,,,,,,,,,,,
Zhibula,81511,Private Interest,4353456,25,Private Company,China,,,,Public Company,,,,Public Company,,,,,,,,,,,,,,,,,,,,,,,,
Zhibula,81511,Zangge Mining Company Ltd.,4993645,24.9,Public Company,China,,,,Public Company,,,,Public Company,17.15,2.14,,,,,,,13.66,,0.01,,,1.34,,6.42,,,,,0.53,,23.11,26.82
Zhibula,81511,Zijin Mining Group Co. Ltd.,4355642,50.1,Public Company,China,,,,Public Company,,,,Public Company,32.01,2.33,,,,,0.02,,27.92,,0.02,,0.06,1.62,0.04,0.09,,,,,0.16,,24,
Zhixincheng Conc. Plant,81238,Zhixincheng Conc. Plant,10948290,100,Private Company,China,,,,Public Company,,,,Public Company,,,,,,,,,,,,,,,,,,,,,,,,
Zihao,81266,Kunming Haohao Mining Co. Ltd.,10928421,100,Private Company,China,,,,Public Company,,,,Public Company,,,,,,,,,,,,,,,,,,,,,,,,
Zijinshan,29735,Zijin Mining Group Co. Ltd.,4355642,100,Public Company,China,,,,Public Company,,,,Public Company,32.01,2.33,,,,,0.02,,27.92,,0.02,,0.06,1.62,0.04,0.09,,,,,0.16,,24,
Zijinshan SXEW,81884,Zijin Mining Group Co. Ltd.,4355642,100,Public Company,China,,,,Public Company,,,,Public Company,32.01,2.33,,,,,0.02,,27.92,,0.02,,0.06,1.62,0.04,0.09,,,,,0.16,,24,
Zimplats,29249,Zimplats Holdings Ltd.,4355649,100,Public Company,Guernsey,Impala Platinum BV,Netherlands,4410131,Private Company,Impala Platinum Holdings Limited,South Africa,4351190,Public Company,0.46,0.02,,,,,,,0.44,,,,,,,0.36,,,,,,,0.34,87
Zinkgruvan,27384,Boliden AB (publ),4348654,100,Public Company,Sweden,,,,Public Company,,,,Public Company,44.03,0,,,,0,0.57,0,41.81,3,0.01,,-1.75,0.22,0.17,1.83,,,,,,,,
Zondereinde,27501,Northam Platinum Holdings Ltd.,4264043,100,Public Company,South Africa,,,,Public Company,,,,Public Company,77.48,0.72,,,,,0.22,,71.46,,0.95,,0.19,3.94,0,0.34,5.34,,,,,,,
