Owner_ID,Holder_Name,Holder_ID,Holder_Type,Percent_Held_by_Holder,Holder_Country
4649906,"Zhejiang Huayou Holding Group Co., Ltd.",4683923,Corporations (Private),16.3,China
4649906,Xue Hua Chen,,Individuals/Insiders,4.36,China
4649906,Hong Kong Exchanges and Clearing Ltd.,4322619,Banks/Investment Banks,4,Hong Kong
4649906,Hangzhou Youyou Business Management Partnership Enterprise (L.P.),29393488,Corporations (Private),3.59,China
4649906,Abu Dhabi Investment Authority,4137795,Sovereign Wealth Funds (<5% stake),1.06,United Arab Emirates
4649906,China Southern Asset Management Co. Ltd.,4435100,Traditional Investment Managers,0.85,China
4649906,AEGON-Industrial Fund Mgmt Co.,4139225,Traditional Investment Managers,0.79,China
4649906,JP Morgan Asset Management,110092,Traditional Investment Managers,0.75,USA
4649906,Citic Securities Co. Ltd.,4290440,Banks/Investment Banks,0.67,China
4649906,Huatai-PineBridge Fund Management Co. Ltd.,4345275,Traditional Investment Managers,0.65,China
4649906,Harvest Fund Management Co. Ltd.,4140486,Traditional Investment Managers,0.62,China
4649906,Guotai Asset Mgmt Co. Ltd.,4138799,Traditional Investment Managers,0.59,China
4649906,Citigroup Inc.,4041896,Banks/Investment Banks,0.55,USA
4649906,UBS Asset Management AG,4674815,Traditional Investment Managers,0.52,Switzerland
4649906,China Universal Asset Management Co. Ltd.,9020942,Traditional Investment Managers,0.52,China
4649906,HSBC Jintrust Fund Management Co. Ltd.,4820048,Traditional Investment Managers,0.51,China
4649906,GF Fund Management Co. Ltd.,4138625,Traditional Investment Managers,0.51,China
4649906,HuaAn Fund Management Company Ltd.,4138661,Traditional Investment Managers,0.5,China
4649906,Fullgoal Fund Management Co. Ltd.,4137668,Traditional Investment Managers,0.48,China
4649906,China Asset Management Co. Ltd.,4139271,Traditional Investment Managers,0.46,China
4649906,E Fund Management Co. Ltd.,4137681,Traditional Investment Managers,0.45,China
4649906,National Council for Social Security Fund,4303210,Sovereign Wealth Funds (<5% stake),0.45,China
4649906,Orient Fund Management Co. Ltd.,4138631,Traditional Investment Managers,0.44,China
4649906,Ruizhong Life Insurance Co. Ltd.,136362388,Insurance Companies,0.44,China
4649906,Wanjia Asset Management Co. Ltd.,4606392,Traditional Investment Managers,0.42,China
4649906,Tongxiang Huaxing Trading Co. Ltd.,4683956,Corporations (Private),0.41,China
4649906,Penghua Fund Management Co. Ltd.,4345260,Traditional Investment Managers,0.36,China
4649906,BlackRock Inc.,4048287,Traditional Investment Managers,0.3,USA
4649906,China Merchants Fund Management Co. Ltd.,4325258,Traditional Investment Managers,0.24,China
4649906,First State Cinda Fund Management Co. Ltd.,4368709,Traditional Investment Managers,0.23,China
4649906,Vanguard Capital Management LLC,137764443,Traditional Investment Managers,0.22,USA
4649906,ICBC Credit Suisse Fund Management Co. Ltd.,4139311,Traditional Investment Managers,0.22,China
4649906,ABC-CA Fund Management Co. Ltd.,4316929,Traditional Investment Managers,0.18,China
4649906,China Post & Capital Fund Management Co. Ltd.,4322244,Traditional Investment Managers,0.15,China
4649906,Lion Fund Management Co. Ltd.,4139789,Traditional Investment Managers,0.14,China
4649906,CITIC-Prudential Fund Management Company Ltd.,4345966,Traditional Investment Managers,0.14,China
4649906,Chang Xin Asset Management Corp. Ltd.,4345964,Traditional Investment Managers,0.13,China
4649906,Ping An UOB Fund Management Co. Ltd.,4556995,Traditional Investment Managers,0.12,China
4649906,"Gfund Management Co., Ltd.",6520584,Traditional Investment Managers,0.12,China
4649906,Tianhong Asset Management Co. Ltd.,4345965,Traditional Investment Managers,0.12,China
4649906,AllianceBernstein LP,109806,Traditional Investment Managers,0.11,USA
4649906,Bosera Asset Management Co. Ltd.,4329445,Traditional Investment Managers,0.11,China
4649906,"Truvalue Asset Management Co.,Ltd.",5866754,Traditional Investment Managers,0.11,China
4649906,Shanghai Orient Securities Asset Management Co. Ltd.,5812793,Traditional Investment Managers,0.11,China
4649906,Baoying Fund Management Co. Ltd.,4138088,Traditional Investment Managers,0.1,China
4649906,Hwabao WP Fund Management Co. Ltd.,4137720,Traditional Investment Managers,0.1,China
4649906,SWS MU Fund Management Co. Ltd.,4139950,Traditional Investment Managers,0.1,China
4649906,GWL Investment Management Ltd.,4048184,Traditional Investment Managers,0.1,Canada
4649906,Essence Fund Management Co. Ltd,5837129,Traditional Investment Managers,0.09,China
4649906,Bank of Communications Schroder Fund Management Co. Ltd.,4137941,Traditional Investment Managers,0.09,China
4649906,New China Fund Management Co. Ltd.,4345262,Traditional Investment Managers,0.08,China
4649906,HFT Investment Management Co. Ltd. (Group,4784142,Traditional Investment Managers,0.08,China
4649906,CPIC Fund Management Co. Ltd.,4379197,Traditional Investment Managers,0.08,China
4649906,Yinhua Fund Management Co. Ltd.,4139415,Traditional Investment Managers,0.08,China
4649906,Peng Yang Fund Management Co. Ltd.,11183019,Traditional Investment Managers,0.07,China
4649906,Tibet Eastmoney Fund Management Co.Ltd.,20057752,Traditional Investment Managers,0.07,China
4649906,Dimensional Fund Advisors LP,111289,Traditional Investment Managers,0.07,USA
4649906,Vanguard Fiduciary Trust Co.,5752504,Traditional Investment Managers,0.06,USA
4649906,Rongtong Fund Management Co. Ltd.,4139739,Traditional Investment Managers,0.06,China
4649906,Ninety One UK Ltd.,4138889,Traditional Investment Managers,0.05,United Kingdom
4649906,Western Leadbank Fund Management Co. Ltd.,4890277,Traditional Investment Managers,0.05,China
4649906,China Life AMP Asset Management Co. Ltd.,4559567,Traditional Investment Managers,0.05,China
4649906,Zhonghai Fund Management Co. Ltd.,4345268,Traditional Investment Managers,0.05,China
4649906,China Asset Management (Hong Kong) Ltd.,4388745,Traditional Investment Managers,0.04,Hong Kong
4649906,Minsheng Royal Fund Management Co. Ltd.,4316799,Traditional Investment Managers,0.04,China
4649906,CCB Principal Asset Management Co. Ltd.,4138221,Traditional Investment Managers,0.04,China
4649906,Huafu Fund Management Co. Ltd.,4138775,Traditional Investment Managers,0.04,China
4649906,Xingyin Fund Management Co. Ltd.,7731166,Traditional Investment Managers,0.04,China
4649906,Jupiter Fund Management PLC,4271664,Traditional Investment Managers,0.04,United Kingdom
4649906,Broad Asset Management Co. Ltd.,15012201,Traditional Investment Managers,0.03,China
4649906,Invesco Great Wall Fund Management Co. Ltd,5762318,Traditional Investment Managers,0.03,China
4649906,DBX Advisors LLC,4318598,Traditional Investment Managers,0.03,USA
4649906,Great Wall Fund Management Co. Ltd.,4138760,Traditional Investment Managers,0.03,China
4649906,CTBC Securities Investment Trust Co. Ltd.,4241120,Traditional Investment Managers,0.03,Taiwan
4649906,Changsheng Fund Management Co. Ltd.,4311270,Traditional Investment Managers,0.03,China
4649906,Cathay Securities Investment Trust Co. LTD,4240614,Traditional Investment Managers,0.03,Taiwan
4649906,Geode Capital Management LLC,4119759,Traditional Investment Managers,0.03,USA
4649906,Schroder Investment Mgmt (Singapore) Ltd.,4139955,Traditional Investment Managers,0.03,Singapore
4649906,Maxwealth Fund Management Co. Ltd.,4536183,Traditional Investment Managers,0.03,China
4649906,State Street Global Advisors Inc.,110652,Traditional Investment Managers,0.03,USA
4649906,Shanghai Guotai Junan Securities Asset Management Co. Ltd.,4592065,Traditional Investment Managers,0.03,China
4649906,Hongliang Chen,,Individuals/Insiders,0.02,China
4649906,Mirae Asset Global Investments Co. Ltd.,4256114,Traditional Investment Managers,0.02,South Korea
4649906,UOB Asset Management Ltd.,4139629,Traditional Investment Managers,0.02,Singapore
4649906,"Zhong Ou Fund Management Co., Ltd",5860959,Traditional Investment Managers,0.02,China
4649906,Eurizon Capital SGR SpA,4324456,Traditional Investment Managers,0.02,Italy
4649906,Changjiang Securities(shanghai)Asset Management Co.Ltd.,5866758,Traditional Investment Managers,0.02,China
4649906,Taikang Fund Management Co. Ltd.,109523595,Traditional Investment Managers,0.02,China
4649906,Huatai Baoxing Fund Management Co. Ltd.,10181318,Traditional Investment Managers,0.02,China
4649906,Fortune And Royal Asset Management Co. Ltd.,5883003,Traditional Investment Managers,0.02,China
4649906,China Universal Fund Management Co. Ltd.,27663277,Traditional Investment Managers,0.02,#INVALID COMPANY ID
4649906,Huashang Fund Management Co. Ltd.,7059915,Traditional Investment Managers,0.02,China
4649906,Qixue Fang,,Individuals/Insiders,0.02,China
4649906,WisdomTree Asset Management Inc.,4145691,Traditional Investment Managers,0.02,USA
4649906,Hongde Fund Management Co. Ltd.,5877799,Traditional Investment Managers,0.02,China
4649906,Everbright Pramerica Fund Management Co.,4137684,,0.01,China
4649906,UBS SDIC Fund Management Co. Ltd.,4417406,Traditional Investment Managers,0.01,China
4649906,Dacheng Fund Management Co. Ltd.,4137754,Traditional Investment Managers,0.01,China
4649906,Deutsche Asset & Wealth Management,111219,Traditional Investment Managers,0.01,USA
4649906,Galaxy Asset Management Co. Ltd.,4138761,Traditional Investment Managers,0.01,China
4649906,Taikang Asset Management Co. Ltd.,4436408,Traditional Investment Managers,0.01,China
4649906,Tidal Investments LLC,4338202,Traditional Investment Managers,0.01,USA
4649906,Amundi Asset Management SAS,4026948,Traditional Investment Managers,0.01,France
4649906,Yao Zhong Chen,,Individuals/Insiders,0.01,China
4649906,Mitsubishi UFJ Asset Management Co. Ltd.,4607441,Traditional Investment Managers,0.01,Japan
4649906,CIB Fund Management Co. Ltd,4404664,Traditional Investment Managers,0.01,China
4649906,Boston Partners Global Investors Inc.,4158830,Traditional Investment Managers,0.01,USA
4649906,Vanguard Asset Management Ltd.,4723508,Traditional Investment Managers,0.01,United Kingdom
4649906,Bank of China Investment Management Co. Ltd.,4137999,Traditional Investment Managers,0.01,China
4649906,Northern Trust Global Investments,4272373,Traditional Investment Managers,0.01,United Kingdom
4649906,Zhejiang Zheshang Securities Asset Management Co. Ltd.,5843533,Traditional Investment Managers,0.01,China
4649906,Charles Schwab Investment Management Inc.,4048695,Traditional Investment Managers,0.01,USA
4649906,Morgan Stanley Fund Management (China) Co. Ltd.,4138826,Traditional Investment Managers,0.01,China
4649906,Guolian Fund Management Company Ltd.,4878959,Traditional Investment Managers,0.01,China
4649906,HSBC Global Asset Management (UK) Ltd.,4115698,Traditional Investment Managers,0.01,United Kingdom
4649906,Nomura Asset Management Taiwan Ltd.,4212913,Traditional Investment Managers,0.01,Taiwan
4649906,Krane Funds Advisors LLC,4383779,Traditional Investment Managers,0.01,USA
4649906,CICC Fund Management Co. Ltd.,4677331,Traditional Investment Managers,0.01,China
4649906,Jun Wang,,Individuals/Insiders,0.01,China
4649906,ChangAn Fund Management Co.Ltd,5826475,Traditional Investment Managers,0.01,China
4649906,Phoenix Unit Trust Managers Limited,7834181,Traditional Investment Managers,0.01,United Kingdom
4649906,Wei Xu,,Individuals/Insiders,0.01,China
4649906,China Fund Management Co. Ltd.,5868824,Traditional Investment Managers,0.01,China
4649906,Bank of Communications Schroder Asset Management Co. Ltd.,5879924,Traditional Investment Managers,0.01,China
4649906,Mengtao Wu,,Individuals/Insiders,0.01,China
4649906,Invesco Capital Management LLC,4117611,Traditional Investment Managers,0.01,USA
4649906,"Zheshang Fund Management Co., Ltd.",5819977,Traditional Investment Managers,0.01,China
4649906,Franklin Resources Inc.,102719,Traditional Investment Managers,0.01,USA
4649906,Xiangcai Fund Management Co. Ltd.,19312355,Traditional Investment Managers,0.01,China
4649906,Fideuram Asset Management (Ireland) DAC,4140503,Traditional Investment Managers,0.01,Ireland
4649906,Arrowstreet Capital Ltd. Partnership,4049161,Traditional Investment Managers,0,USA
4649906,IG Investment Management Ltd.,4005523,Traditional Investment Managers,0,Canada
4649906,ICBC UBS Asset Management (International) Company Ltd.,4641730,Traditional Investment Managers,0,Hong Kong
4649906,Teachers Insurance and Annuity Association-College Retirement Equities Fund,4270330,Traditional Investment Managers,0,USA
4649906,St James's Place Unit Trust Group Ltd.,5759900,Traditional Investment Managers,0,United Kingdom
4649906,Yuan Fang,,Individuals/Insiders,0,China
4649906,Straits Investment Management Pte. Ltd.,14821347,Traditional Investment Managers,0,Singapore
4649906,Rui Li,,Individuals/Insiders,0,China
4649906,Aviva Investors Global Services Ltd.,4376121,Traditional Investment Managers,0,United Kingdom
4649906,Danske Bank A/S,4080954,Traditional Investment Managers,0,Denmark
4649906,Legal & General Investment Management Ltd.,4139862,Traditional Investment Managers,0,United Kingdom
4649906,Baojun Gao,,Individuals/Insiders,0,China
4649906,Aberdeen Group PLC,4145085,Traditional Investment Managers,0,United Kingdom
4649906,Springs Fund Management Co.Ltd.,108037678,Traditional Investment Managers,0,China
4649906,AXA Investment Managers UK Ltd.,4405395,Traditional Investment Managers,0,United Kingdom
4649906,AllianceBernstein Fund Management Ltd.,123879915,Traditional Investment Managers,0,#INVALID COMPANY ID
4649906,Van Eck Associates Corp.,109888,Traditional Investment Managers,0,USA
4649906,BOCI-Prudential Asset Management Ltd.,4138118,Traditional Investment Managers,0,Hong Kong
4649906,Feng Lu,,Individuals/Insiders,0,China
4649906,Pacific Investment Management Co. LLC,109687,Traditional Investment Managers,0,USA
4649906,Mercer Global Investments Europe Limited,5759394,Traditional Investment Managers,0,Ireland
4649906,"First Seafront Fund Management Co., Ltd",5851125,Traditional Investment Managers,0,China
4649906,PICC Asset Management Co. Ltd.,4341872,Traditional Investment Managers,0,China
4649906,Horizon Asset Management Co. Ltd.,5883563,Traditional Investment Managers,0,China
4649906,Goldman Sachs Asset Management LP,110587,Traditional Investment Managers,0,USA
4649906,Neuberger Berman Fund management (China) Co. Ltd.,106535824,Traditional Investment Managers,0,#INVALID COMPANY ID
4649906,ProShare Advisors LLC,4153606,Traditional Investment Managers,0,USA
4649906,Pictet Asset Management Ltd.,111267,Traditional Investment Managers,0,United Kingdom
4649906,BNP Paribas Asset Management Europe,4784107,Traditional Investment Managers,0,France
4649906,Nanhua Fund Management Co. Ltd.,11172585,Traditional Investment Managers,0,China
4649906,Global X Management (Aus) Ltd.,8365031,Traditional Investment Managers,0,Australia
4649906,Hony Horizon Fund Management Co. Ltd.,9795838,Traditional Investment Managers,0,China
4649906,Fuanda Fund Management Co. Ltd.,5823548,Traditional Investment Managers,0,China
4649906,First-Trust Fund Management Co. Ltd.,4140536,Traditional Investment Managers,0,China
4649906,Prescient Investment Management Pty Ltd,4213196,Traditional Investment Managers,0,Japan
4649906,Dongxing Asset Management Co. Ltd.,29518821,Traditional Investment Managers,0,China
4649906,Fidelity International Ltd.,4020980,Traditional Investment Managers,0,Bermuda
4649906,Tongtai Fund Management Co. Ltd.,19438254,Traditional Investment Managers,0,China
4649906,Swiss Rock Asset Management AG,4251516,Traditional Investment Managers,0,Switzerland
4649906,KLP Kapitalforvaltning AS,4138888,Traditional Investment Managers,0,Norway
4649906,JT Asset Management Co. Ltd,5853751,Traditional Investment Managers,0,China
4649906,Zhongtai Securities (Shanghai) Asset Management Co.Ltd.,5855481,Traditional Investment Managers,0,China
4649906,Tebon Fund Management Co. Ltd.,4608579,Traditional Investment Managers,0,China
4649906,Hexa Asset Management Co. Ltd.,19241294,Traditional Investment Managers,0,#INVALID COMPANY ID
4649906,Ping An of China Asset Management (Hong Kong) Co. Ltd.,4560837,Traditional Investment Managers,0,Hong Kong
4649906,Caitong Fund Management,4548312,Traditional Investment Managers,0,China
4649906,Bank of Beijing Scotiabank Asset Management Co. Ltd.,4396635,Traditional Investment Managers,0,China
4649906,BMO Asset Management Corp.,109988,Traditional Investment Managers,0,USA
4649906,"Yimin Asset Management Co., Ltd.",4345969,Traditional Investment Managers,0,China
4649906,Golden Eagle Asset Management Co. Ltd.,4138496,Traditional Investment Managers,0,China
4649906,AXA SPDB Investment Managers Co. Ltd.,4332537,Traditional Investment Managers,0,China
4649906,Amova Asset Management Co. Ltd.,4107954,,0,Japan
4649906,Manulife Asset Management,5747632,Traditional Investment Managers,0,Canada
4649906,Vanguard Investments Australia Ltd.,4138917,Traditional Investment Managers,0,Australia
4649906,Founder Fubon Fund Management Co. Ltd.,4336717,Traditional Investment Managers,0,China
4649906,Xin Yuan Asset Management Co.,4557386,Traditional Investment Managers,0,China
4649906,Themes Management Co.,112247511,Traditional Investment Managers,0,USA
4649906,KBC Asset Management NV,4111901,Traditional Investment Managers,0,Belgium
4649906,BNY Asset Management,4057506,Traditional Investment Managers,0,USA
4649906,Donghai Funds Management Co. Ltd.,4587777,Traditional Investment Managers,0,China
4649906,Voya Investment Management LLC,4048215,Traditional Investment Managers,0,USA
4649906,Jiangbo Zhang,,Individuals/Insiders,0,China
4649906,Sumitomo Mitsui Trust Asset Management Co. Ltd.,4318240,Traditional Investment Managers,0,Japan
4649906,Sanlam Investment Management (Pty.) Ltd.,4672091,,0,South Africa
4649906,Soochow Asset Management Co. Ltd.,4139902,Traditional Investment Managers,0,China
4649906,AXA Investment Managers Asia Ltd.,4644090,Traditional Investment Managers,0,Hong Kong
4649906,RBC Global Asset Management Inc.,4281265,Traditional Investment Managers,0,Canada
4649906,Hong Xi,,Individuals/Insiders,0,China
4649906,Purekind Fund Management Co.Ltd.,15947616,Traditional Investment Managers,0,China
4649906,BNPP Asset Management Holding,13582910,Traditional Investment Managers,0,France
4649906,Lazard Asset Management LLC,110386,Traditional Investment Managers,0,USA
4649906,BOSC Asset Management Ltd.,4553770,Traditional Investment Managers,0,China
4649906,Resona Asset Management Co. Ltd.,4629378,Traditional Investment Managers,0,Japan
4649906,Dongxing Securities Corporation Ltd.,4772536,Traditional Investment Managers,0,China
4649906,BlackRock Fund Management Ltd.,107988050,Traditional Investment Managers,0,China
4649906,Sustainable Growth Advisers LP,4119489,Traditional Investment Managers,0,USA
4649906,Swiss Life Asset Mgmt AG,4140617,Traditional Investment Managers,0,Switzerland
4649906,"AVIC Fund Management Co., Ltd.",5880770,Traditional Investment Managers,0,China
4649906,Caitong Securities Asset Management Co.Ltd.,5810740,Traditional Investment Managers,0,China
4649906,SunAmerica Asset Management LLC,111097,Traditional Investment Managers,0,USA
4649906,1832 Asset Management LP,4248288,Traditional Investment Managers,0,Canada
4649906,Huatai Securities (Shanghai) Asset Management Co. Ltd.,4621446,Traditional Investment Managers,0,China
4649906,Franklin Templeton Sealand Fund Management Co. Ltd.,4550448,Traditional Investment Managers,0,China
4649906,Nissay Asset Management Corp.,4116134,Traditional Investment Managers,0,Japan
4649906,China International Capital Corp. Ltd.,4138232,Banks/Investment Banks,0,China
4649906,China Merchants Securities Asset Management Co. Ltd.,4669111,Traditional Investment Managers,0,China
4649906,Bing Hai Zhang,,Individuals/Insiders,0,China
4649906,"CS Richland Asset Management Co., Ltd.",6892772,Traditional Investment Managers,0,China
4649906,Hang Seng Investment Management Ltd.,4138797,Traditional Investment Managers,0,Hong Kong
4649906,Shanxi Securities Co. Ltd.,4319350,Traditional Investment Managers,0,China
4649906,Qianhai Alliance Asset Management,8364410,Traditional Investment Managers,0,China
4649906,Boyuan Asset Management Co. Ltd.,25838827,VC/PE Firms (<5% stake),0,China
4649906,BNY Mellon ETF Investment Adviser LLC,19342220,Traditional Investment Managers,0,USA
4649906,Lombard Odier Asset Management (Switzerland) SA,7060057,Traditional Investment Managers,0,Switzerland
4649906,Candriam Société En Commandite Par Actions,4578989,Traditional Investment Managers,0,Luxembourg
4649906,Capital Investment Trust Corp.,4225018,Traditional Investment Managers,0,Taiwan
4649906,Mega International Investment Trust Co. Ltd.,4314602,Traditional Investment Managers,0,Taiwan
4649906,South China Yongchang Securities Investment Trust Co. Ltd.,4315520,Traditional Investment Managers,0,Taiwan
4649906,AXA Investment Managers SA,4144380,Traditional Investment Managers,0,France
4649906,Mercer Investments LLC,4119790,Traditional Investment Managers,0,USA
4649906,Vanguard Group Inc.,109776,Traditional Investment Managers,0,USA
4649906,Mackenzie Financial Corp.,106960,Traditional Investment Managers,0,Canada
4511853,Fosun International Holdings Ltd.,4323106,Corporations (Private),47.78,BVI
4511853,"Hainan Haigang Group Co., Ltd.",8318005,Corporations (Private),24.27,China
4511853,Hainan State owned Capital Operation Co. Ltd.,142740024,Corporations (Private),5.08,China
4511853,Hong Kong Exchanges and Clearing Ltd.,4322619,Banks/Investment Banks,0.53,Hong Kong
4511853,Guotai Asset Mgmt Co. Ltd.,4138799,Traditional Investment Managers,0.47,China
4511853,Goldman Sachs Group Inc.,4039450,Traditional Investment Managers,0.36,USA
4511853,Weihao Weng,,Individuals/Insiders,0.3,China
4511853,China Southern Asset Management Co. Ltd.,4435100,Traditional Investment Managers,0.28,China
4511853,Vanguard Capital Management LLC,137764443,Traditional Investment Managers,0.17,USA
4511853,UBS Asset Management AG,4674815,Traditional Investment Managers,0.17,Switzerland
4511853,Hiroshi Kedama,,Individuals/Insiders,0.15,China
4511853,GF Fund Management Co. Ltd.,4138625,Traditional Investment Managers,0.13,China
4511853,Pinyuan Li,,Individuals/Insiders,0.12,China
4511853,China Asset Management Co. Ltd.,4139271,Traditional Investment Managers,0.12,China
4511853,Dimensional Fund Advisors LP,111289,Traditional Investment Managers,0.06,USA
4511853,Vanguard Fiduciary Trust Co.,5752504,Traditional Investment Managers,0.05,USA
4511853,Fullgoal Fund Management Co. Ltd.,4137668,Traditional Investment Managers,0.05,China
4511853,Penghua Fund Management Co. Ltd.,4345260,Traditional Investment Managers,0.04,China
4511853,Mingdong Liu,,Individuals/Insiders,0.03,China
4511853,Fengfang Guo,,Individuals/Insiders,0.03,China
4511853,Lei Teng,,Individuals/Insiders,0.02,China
4511853,Vanguard Asset Management Ltd.,4723508,Traditional Investment Managers,0.02,United Kingdom
4511853,"Gfund Management Co., Ltd.",6520584,Traditional Investment Managers,0.02,China
4511853,Xuchun Wu,,Individuals/Insiders,0.02,China
4511853,Tong Zhu,,Individuals/Insiders,0.02,China
4511853,Jing He,,Individuals/Insiders,0.02,China
4511853,Outao Yan,,Individuals/Insiders,0.02,China
4511853,China Merchants Fund Management Co. Ltd.,4325258,Traditional Investment Managers,0.02,China
4511853,Guolian Fund Management Company Ltd.,4878959,Traditional Investment Managers,0.01,China
4511853,China Universal Fund Management Co. Ltd.,27663277,Traditional Investment Managers,0.01,#INVALID COMPANY ID
4511853,Liangsen Zhang,,Individuals/Insiders,0.01,China
4511853,Kang Yuan,,Individuals/Insiders,0.01,China
4511853,Wenyan Fang,,Individuals/Insiders,0.01,China
4511853,China Universal Asset Management Co. Ltd.,9020942,Traditional Investment Managers,0.01,China
4511853,Shuxing Dong,,Individuals/Insiders,0.01,China
4511853,E Fund Management Co. Ltd.,4137681,Traditional Investment Managers,0.01,China
4511853,"Zhong Ou Fund Management Co., Ltd",5860959,Traditional Investment Managers,0.01,China
4511853,Zhiqiao Fu,,Individuals/Insiders,0,China
4511853,Xingyin Fund Management Co. Ltd.,7731166,Traditional Investment Managers,0,China
4511853,Bosera Asset Management Co. Ltd.,4329445,Traditional Investment Managers,0,China
4511853,Huatai-PineBridge Fund Management Co. Ltd.,4345275,Traditional Investment Managers,0,China
4511853,Tianhong Asset Management Co. Ltd.,4345965,Traditional Investment Managers,0,China
4511853,Huashang Fund Management Co. Ltd.,7059915,Traditional Investment Managers,0,China
4511853,Yinhua Fund Management Co. Ltd.,4139415,Traditional Investment Managers,0,China
4511853,Mirae Asset Global Investments Co. Ltd.,4256114,Traditional Investment Managers,0,South Korea
4511853,HuaAn Fund Management Company Ltd.,4138661,Traditional Investment Managers,0,China
4511853,Taiping Fund Management Co. Ltd.,4954984,Traditional Investment Managers,0,China
4511853,Invesco Great Wall Fund Management Co. Ltd,5762318,Traditional Investment Managers,0,China
4511853,"Jiangxin Fund Management Co., Ltd.",5837137,Traditional Investment Managers,0,China
4511853,ABC-CA Fund Management Co. Ltd.,4316929,Traditional Investment Managers,0,China
4511853,First State Cinda Fund Management Co. Ltd.,4368709,Traditional Investment Managers,0,China
4511853,Vanguard Group Inc.,109776,Traditional Investment Managers,0,USA
4533605,Hargreaves Lansdown Asset Management Ltd.,4219776,Traditional Investment Managers,18.74,United Kingdom
4533605,Aberdeen Group PLC,4145085,Traditional Investment Managers,14.98,United Kingdom
4533605,Hainan Mining Co. Ltd.,4511853,Corporations (Public),14.42,China
4533605,Tai'an Xinchang Lithium Mine Investment Center (Limited Partnership),144028646,Corporations (Private),8.94,China
4533605,HBOS Investment Fund Managers Ltd.,7058800,Traditional Investment Managers,8.09,United Kingdom
4533605,Barclays Bank PLC,4041196,Traditional Investment Managers,2.61,United Kingdom
4533605,IG Group Holdings PLC,4147349,Banks/Investment Banks,2.06,United Kingdom
4533605,Bernard Michael Aylward,,Individuals/Insiders,2.04,China
4533605,HSBC Global Asset Management (UK) Ltd.,4115698,Traditional Investment Managers,1.99,United Kingdom
4533605,Fidelity International Ltd.,4020980,Traditional Investment Managers,0.94,Bermuda
4533605,Robert Ian Wooldridge,,Individuals/Insiders,0.94,China
4533605,Puma Investment Management Ltd.,5741086,VC/PE Firms (<5% stake),0.75,United Kingdom
4533605,Canaccord Genuity Wealth (International) Ltd.,4857391,Traditional Investment Managers,0.64,Jersey
4533605,Orbit Private Investments LP,29123718,Corporations (Private),0.46,Cayman Islands
4533605,Raymond James Wealth Management Ltd.,4235168,Traditional Investment Managers,0.41,United Kingdom
4533605,Lloyds Banking Group PLC,4041848,Corporations (Public),0.37,United Kingdom
4533605,UBS Asset Management AG,4674815,Traditional Investment Managers,0.32,Switzerland
4533605,Interactive Brokers Group Inc.,4153870,Banks/Investment Banks,0.26,USA
4533605,Steven Evan Zaninovich,,Individuals/Insiders,0.2,China
4533605,Charles Lansley Joseland,,Individuals/Insiders,0.18,China
4533605,TrinityBridge Ltd.,4492849,Traditional Investment Managers,0.17,United Kingdom
4533605,Saxo Bank A/S,4233769,Traditional Investment Managers,0.15,Denmark
4533605,KBC Asset Management NV,4111901,Traditional Investment Managers,0.13,Belgium
4533605,Matlock Geological Services Pty. Ltd.,4547188,Corporations (Private),0.13,Australia
4533605,ALPS Advisors Inc.,4143440,Traditional Investment Managers,0.12,USA
4533605,Evelyn Partners Investment Management Services Ltd.,4137983,Traditional Investment Managers,0.11,United Kingdom
4533605,Integrated Financial Arrangements plc,4221781,Banks/Investment Banks,0.09,United Kingdom
4533605,iDealing.com Ltd.,4552119,Banks/Investment Banks,0.09,United Kingdom
4533605,Hedley & Co. Stockbrokers Ltd.,4551724,Banks/Investment Banks,0.08,United Kingdom
4533605,James Brearley & Sons Ltd.,4138639,Traditional Investment Managers,0.08,United Kingdom
4533605,Investment Funds Direct Ltd.,4877474,Banks/Investment Banks,0.07,United Kingdom
4533605,Merrill Lynch Pierce Fenner & Smith Inc.,3006816,Banks/Investment Banks,0.07,USA
4533605,Ramsey Crookall & Co. Ltd,7509874,Banks/Investment Banks,0.07,Isle of Man
4533605,Commerzbank AG,113985,Banks/Investment Banks,0.05,Germany
4533605,Falcon Newco Limited,18775517,Corporations (Private),0.05,Cayman Islands
4533605,Amundi Asset Management SAS,4026948,Traditional Investment Managers,0.04,France
4533605,Charles Schwab Investment Management Inc.,4048695,Traditional Investment Managers,0.03,USA
4533605,Rathbones Investment Management Ltd.,4115725,Traditional Investment Managers,0.03,United Kingdom
4533605,Platform Capital Holdings Ltd,13447049,Banks/Investment Banks,0.03,Ireland
4533605,Bank Julius Bär & Co. AG,4056822,Traditional Investment Managers,0.03,Switzerland
4533605,Santander Asset Management SA SGIIC,4187337,Hedge Fund Managers (<5% stake),0.02,Spain
4533605,Quintet Asset Management SA,4138868,Traditional Investment Managers,0.02,Luxembourg
4533605,Allianz SE,4174043,Insurance Companies,0.02,Germany
4533605,Okewood Pty. Ltd.,4403580,Corporations (Private),0.02,Australia
4533605,Mako Mining Pty. Ltd.,4693628,Corporations (Private),0.02,Australia
4533605,Cantor Fitzgerald Asset Management,5754600,Traditional Investment Managers,0.02,USA
4533605,Irwin Mitchell LLP,4162146,Corporations (Private),0.02,United Kingdom
4533605,Panmure Liberum Capital Ltd.,4246199,Banks/Investment Banks,0.02,United Kingdom
4533605,Marex Group Ltd.,4853792,Banks/Investment Banks,0.02,United Kingdom
4533605,Fin-Eco SIM Spa,8340907,Banks/Investment Banks,0,Italy
4533605,Jarvis Securities PLC,4185832,Banks/Investment Banks,0,United Kingdom
4533605,Peel Hunt LLP,4093470,Banks/Investment Banks,0,United Kingdom
4353586,China Minmetals Corp.,4331450,Corporations (Private),22.31,China
4353586,ICBC Financial Asset Investment Co. Ltd.,9308965,VC/PE Firms (>5% stake),7.68,China
4353586,Sinochem Holdings Corporation Ltd.,29466750,Corporations (Private),5.88,China
4353586,Shaanxi Coal and Chemical Industry Group Co.Ltd.,4339819,Corporations (Private),5,China
4353586,China Development Bank,4255851,Banks/Investment Banks,4.61,China
4353586,Hong Kong Exchanges and Clearing Ltd.,4322619,Banks/Investment Banks,3.68,Hong Kong
4353586,Agricultural Bank of China Ltd.,4149089,Traditional Investment Managers,2.27,China
4353586,China Cinda Asset Management Co. Ltd.,4095175,Traditional Investment Managers,1.53,China
4353586,Bank of China Co. Ltd. Qinghai Branch,14838127,Corporations (Private),1.48,China
4353586,Harvest Fund Management Co. Ltd.,4140486,Traditional Investment Managers,1.23,China
4353586,Penghua Fund Management Co. Ltd.,4345260,Traditional Investment Managers,1.08,China
4353586,E Fund Management Co. Ltd.,4137681,Traditional Investment Managers,1.02,China
4353586,Huatai-PineBridge Fund Management Co. Ltd.,4345275,Traditional Investment Managers,0.99,China
4353586,China Asset Management Co. Ltd.,4139271,Traditional Investment Managers,0.92,China
4353586,Fullgoal Fund Management Co. Ltd.,4137668,Traditional Investment Managers,0.39,China
4353586,Invesco Great Wall Fund Management Co. Ltd,5762318,Traditional Investment Managers,0.38,China
4353586,Guotai Asset Mgmt Co. Ltd.,4138799,Traditional Investment Managers,0.36,China
4353586,BlackRock Inc.,4048287,Traditional Investment Managers,0.33,USA
4353586,Dacheng Fund Management Co. Ltd.,4137754,Traditional Investment Managers,0.31,China
4353586,Northern Trust Global Investments,4272373,Traditional Investment Managers,0.31,United Kingdom
4353586,Shanghai Orient Securities Asset Management Co. Ltd.,5812793,Traditional Investment Managers,0.29,China
4353586,Vanguard Capital Management LLC,137764443,Traditional Investment Managers,0.22,USA
4353586,ICBC Credit Suisse Fund Management Co. Ltd.,4139311,Traditional Investment Managers,0.17,China
4353586,GF Fund Management Co. Ltd.,4138625,Traditional Investment Managers,0.16,China
4353586,Hwabao WP Fund Management Co. Ltd.,4137720,Traditional Investment Managers,0.14,China
4353586,China Merchants Fund Management Co. Ltd.,4325258,Traditional Investment Managers,0.12,China
4353586,Goldman Sachs Asset Management LP,110587,Traditional Investment Managers,0.12,USA
4353586,Bosera Asset Management Co. Ltd.,4329445,Traditional Investment Managers,0.11,China
4353586,Tianhong Asset Management Co. Ltd.,4345965,Traditional Investment Managers,0.11,China
4353586,China Southern Asset Management Co. Ltd.,4435100,Traditional Investment Managers,0.09,China
4353586,Minsheng Royal Fund Management Co. Ltd.,4316799,Traditional Investment Managers,0.08,China
4353586,"Gfund Management Co., Ltd.",6520584,Traditional Investment Managers,0.08,China
4353586,UBS SDIC Fund Management Co. Ltd.,4417406,Traditional Investment Managers,0.08,China
4353586,Franklin Templeton Sealand Fund Management Co. Ltd.,4550448,Traditional Investment Managers,0.07,China
4353586,Zhonggeng Fund Management Co. Ltd.,15135223,Traditional Investment Managers,0.07,China
4353586,Vanguard Fiduciary Trust Co.,5752504,Traditional Investment Managers,0.06,USA
4353586,JP Morgan Asset Management,110092,Traditional Investment Managers,0.06,USA
4353586,China Universal Asset Management Co. Ltd.,9020942,Traditional Investment Managers,0.05,China
4353586,Huashang Fund Management Co. Ltd.,7059915,Traditional Investment Managers,0.05,China
4353586,Purekind Fund Management Co.Ltd.,15947616,Traditional Investment Managers,0.04,China
4353586,Manulife Asset Management,5747632,Traditional Investment Managers,0.04,Canada
4353586,Ping An UOB Fund Management Co. Ltd.,4556995,Traditional Investment Managers,0.04,China
4353586,Dimensional Fund Advisors LP,111289,Traditional Investment Managers,0.04,USA
4353586,China Life AMP Asset Management Co. Ltd.,4559567,Traditional Investment Managers,0.04,China
4353586,Yinhua Fund Management Co. Ltd.,4139415,Traditional Investment Managers,0.04,China
4353586,HFT Investment Management Co. Ltd. (Group,4784142,Traditional Investment Managers,0.04,China
4353586,CPIC Fund Management Co. Ltd.,4379197,Traditional Investment Managers,0.04,China
4353586,Rongtong Fund Management Co. Ltd.,4139739,Traditional Investment Managers,0.03,China
4353586,China Asset Management (Hong Kong) Ltd.,4388745,Traditional Investment Managers,0.03,Hong Kong
4353586,China Post & Capital Fund Management Co. Ltd.,4322244,Traditional Investment Managers,0.03,China
4353586,Geode Capital Management LLC,4119759,Traditional Investment Managers,0.03,USA
4353586,Chang Xin Asset Management Corp. Ltd.,4345964,Traditional Investment Managers,0.02,China
4353586,Hongde Fund Management Co. Ltd.,5877799,Traditional Investment Managers,0.02,China
4353586,DBX Advisors LLC,4318598,Traditional Investment Managers,0.02,USA
4353586,Galaxy Asset Management Co. Ltd.,4138761,Traditional Investment Managers,0.02,China
4353586,"First Seafront Fund Management Co., Ltd",5851125,Traditional Investment Managers,0.02,China
4353586,Taikang Fund Management Co. Ltd.,109523595,Traditional Investment Managers,0.02,China
4353586,Amundi Asset Management SAS,4026948,Traditional Investment Managers,0.02,France
4353586,Russell Investment Management LLC,111359,Traditional Investment Managers,0.02,USA
4353586,CITIC-Prudential Fund Management Company Ltd.,4345966,Traditional Investment Managers,0.02,China
4353586,Western Leadbank Fund Management Co. Ltd.,4890277,Traditional Investment Managers,0.02,China
4353586,Deutsche Asset & Wealth Management,111219,Traditional Investment Managers,0.01,USA
4353586,Peng Yang Fund Management Co. Ltd.,11183019,Traditional Investment Managers,0.01,China
4353586,State Street Global Advisors Inc.,110652,Traditional Investment Managers,0.01,USA
4353586,Xingyin Fund Management Co. Ltd.,7731166,Traditional Investment Managers,0.01,China
4353586,Zhonghai Fund Management Co. Ltd.,4345268,Traditional Investment Managers,0.01,China
4353586,Lazard Asset Management LLC,110386,Traditional Investment Managers,0.01,USA
4353586,Nordea Investment Management AB,4026994,Traditional Investment Managers,0.01,Sweden
4353586,Mitsubishi UFJ Asset Management Co. Ltd.,4607441,Traditional Investment Managers,0.01,Japan
4353586,Vanguard Asset Management Ltd.,4723508,Traditional Investment Managers,0.01,United Kingdom
4353586,Huafu Fund Management Co. Ltd.,4138775,Traditional Investment Managers,0.01,China
4353586,Candriam Société En Commandite Par Actions,4578989,Traditional Investment Managers,0.01,Luxembourg
4353586,Taikang Asset Management Co. Ltd.,4436408,Traditional Investment Managers,0.01,China
4353586,Charles Schwab Investment Management Inc.,4048695,Traditional Investment Managers,0.01,USA
4353586,Founder Fubon Fund Management Co. Ltd.,4336717,Traditional Investment Managers,0.01,China
4353586,First State Cinda Fund Management Co. Ltd.,4368709,Traditional Investment Managers,0.01,China
4353586,HSBC Global Asset Management (UK) Ltd.,4115698,Traditional Investment Managers,0.01,United Kingdom
4353586,Capital Investment Trust Corp.,4225018,Traditional Investment Managers,0.01,Taiwan
4353586,PGIM Inc.,4119440,Traditional Investment Managers,0.01,USA
4353586,Golden Trust SinoPac Fund Management Co. Ltd.,4574748,Traditional Investment Managers,0.01,China
4353586,PICC Asset Management Co. Ltd.,4341872,Traditional Investment Managers,0.01,China
4353586,Acadian Asset Management LLC,110495,Traditional Investment Managers,0.01,USA
4353586,Value Partners Hong Kong Ltd.,4304908,Traditional Investment Managers,0.01,Hong Kong
4353586,CCB Principal Asset Management Co. Ltd.,4138221,Traditional Investment Managers,0.01,China
4353586,Huatai Securities (Shanghai) Asset Management Co. Ltd.,4621446,Traditional Investment Managers,0.01,China
4353586,GWL Investment Management Ltd.,4048184,Traditional Investment Managers,0.01,Canada
4353586,Tibet Eastmoney Fund Management Co.Ltd.,20057752,Traditional Investment Managers,0.01,China
4353586,Wanjia Asset Management Co. Ltd.,4606392,Traditional Investment Managers,0.01,China
4353586,Invesco Capital Management LLC,4117611,Traditional Investment Managers,0.01,USA
4353586,ABC-CA Fund Management Co. Ltd.,4316929,Traditional Investment Managers,0.01,China
4353586,Franklin Resources Inc.,102719,Traditional Investment Managers,0.01,USA
4353586,Teachers Insurance and Annuity Association-College Retirement Equities Fund,4270330,Traditional Investment Managers,0.01,USA
4353586,Great Wall Fund Management Co. Ltd.,4138760,Traditional Investment Managers,0,China
4353586,Morgan Stanley Fund Management (China) Co. Ltd.,4138826,Traditional Investment Managers,0,China
4353586,Schroder Investment Mgmt (Singapore) Ltd.,4139955,Traditional Investment Managers,0,Singapore
4353586,Legal & General Investment Management Ltd.,4139862,Traditional Investment Managers,0,United Kingdom
4353586,Premia Partners,10533696,Traditional Investment Managers,0,Hong Kong
4353586,UBS Asset Management AG,4674815,Traditional Investment Managers,0,Switzerland
4353586,Yimi Fund Management Co. Ltd.,110719123,Traditional Investment Managers,0,#INVALID COMPANY ID
4353586,Aviva Investors Global Services Ltd.,4376121,Traditional Investment Managers,0,United Kingdom
4353586,"Goldstate Capital Fund Management Co., Ltd.",5777425,Traditional Investment Managers,0,China
4353586,ICBC UBS Asset Management (International) Company Ltd.,4641730,Traditional Investment Managers,0,Hong Kong
4353586,Broad Asset Management Co. Ltd.,15012201,Traditional Investment Managers,0,China
4353586,Fubon Asset Management Co. Ltd.,4281837,Traditional Investment Managers,0,Taiwan
4353586,AXA SPDB Investment Managers Co. Ltd.,4332537,Traditional Investment Managers,0,China
4353586,Straits Investment Management Pte. Ltd.,14821347,Traditional Investment Managers,0,Singapore
4353586,Changsheng Fund Management Co. Ltd.,4311270,Traditional Investment Managers,0,China
4353586,HuaAn Fund Management Company Ltd.,4138661,Traditional Investment Managers,0,China
4353586,Bank of Beijing Scotiabank Asset Management Co. Ltd.,4396635,Traditional Investment Managers,0,China
4353586,Aberdeen Group PLC,4145085,Traditional Investment Managers,0,United Kingdom
4353586,Bank of China Investment Management Co. Ltd.,4137999,Traditional Investment Managers,0,China
4353586,Xiangcai Fund Management Co. Ltd.,19312355,Traditional Investment Managers,0,China
4353586,BOC International (China) Co. Ltd.,4315032,Traditional Investment Managers,0,China
4353586,Danske Bank A/S,4080954,Traditional Investment Managers,0,Denmark
4353586,Fidelity Fund Management (China) Co. Ltd.,108500939,Traditional Investment Managers,0,China
4353586,Mercer Global Investments Europe Limited,5759394,Traditional Investment Managers,0,Ireland
4353586,BOCI-Prudential Asset Management Ltd.,4138118,Traditional Investment Managers,0,Hong Kong
4353586,Guolian Fund Management Company Ltd.,4878959,Traditional Investment Managers,0,China
4353586,Zhongtai Securities (Shanghai) Asset Management Co.Ltd.,5855481,Traditional Investment Managers,0,China
4353586,Mackenzie Financial Corp.,106960,Traditional Investment Managers,0,Canada
4353586,GuideStone Capital Management LLC,4115935,Traditional Investment Managers,0,USA
4353586,AEGON-Industrial Fund Mgmt Co.,4139225,Traditional Investment Managers,0,China
4353586,Lincoln Financial Investments Corp.,4119651,Traditional Investment Managers,0,USA
4353586,Maxwealth Fund Management Co. Ltd.,4536183,Traditional Investment Managers,0,China
4353586,Pictet Asset Management Ltd.,111267,Traditional Investment Managers,0,United Kingdom
4353586,Phoenix Unit Trust Managers Limited,7834181,Traditional Investment Managers,0,United Kingdom
4353586,Baoying Fund Management Co. Ltd.,4138088,Traditional Investment Managers,0,China
4353586,Soochow Asset Management Co. Ltd.,4139902,Traditional Investment Managers,0,China
4353586,"Zheshang Fund Management Co., Ltd.",5819977,Traditional Investment Managers,0,China
4353586,"Zhong Ou Fund Management Co., Ltd",5860959,Traditional Investment Managers,0,China
4353586,ProShare Advisors LLC,4153606,Traditional Investment Managers,0,USA
4353586,Topright Fund Management Co. Ltd.,109399086,Traditional Investment Managers,0,China
4353586,Fidelity International Ltd.,4020980,Traditional Investment Managers,0,Bermuda
4353586,Principal Global Investors LLC,4089114,Traditional Investment Managers,0,USA
4353586,Shanghai Guotai Junan Securities Asset Management Co. Ltd.,4592065,Traditional Investment Managers,0,China
4353586,KLP Kapitalforvaltning AS,4138888,Traditional Investment Managers,0,Norway
4353586,"Truvalue Asset Management Co.,Ltd.",5866754,Traditional Investment Managers,0,China
4353586,Amova Asset Management Co. Ltd.,4107954,,0,Japan
4353586,Sumitomo Mitsui Trust Asset Management Co. Ltd.,4318240,Traditional Investment Managers,0,Japan
4353586,Mirae Asset Global Investments Co. Ltd.,4256114,Traditional Investment Managers,0,South Korea
4353586,MetLife Investment Management LLC,4187546,Traditional Investment Managers,0,USA
4353586,Bank of Communications Schroder Fund Management Co. Ltd.,4137941,Traditional Investment Managers,0,China
4353586,SWS MU Fund Management Co. Ltd.,4139950,Traditional Investment Managers,0,China
4353586,CICC Fund Management Co. Ltd.,4677331,Traditional Investment Managers,0,China
4353586,Horizon Asset Management Co. Ltd.,5883563,Traditional Investment Managers,0,China
4353586,Fullgoal Asset Management (HK) Ltd,5854382,Traditional Investment Managers,0,Hong Kong
4353586,ICBC UBS Asset Management (International) Company Ltd.,139857444,Traditional Investment Managers,0,#INVALID COMPANY ID
4353586,Krane Funds Advisors LLC,4383779,Traditional Investment Managers,0,USA
4353586,Vanguard Investments Australia Ltd.,4138917,Traditional Investment Managers,0,Australia
4353586,BNY Asset Management,4057506,Traditional Investment Managers,0,USA
4353586,KBC Asset Management NV,4111901,Traditional Investment Managers,0,Belgium
4353586,Swiss Rock Asset Management AG,4251516,Traditional Investment Managers,0,Switzerland
4353586,Voya Investment Management LLC,4048215,Traditional Investment Managers,0,USA
4353586,"Hongta Hotland Asset Management Co., Ltd.",5841553,Traditional Investment Managers,0,China
4353586,Value Partners Ltd.,4120036,Hedge Fund Managers (<5% stake),0,Hong Kong
4353586,CIB Fund Management Co. Ltd,4404664,Traditional Investment Managers,0,China
4353586,First-Trust Fund Management Co. Ltd.,4140536,Traditional Investment Managers,0,China
4353586,China Merchants Securities Asset Management Co. Ltd.,4669111,Traditional Investment Managers,0,China
4353586,Integrity Fund Management Co. Ltd.,106229912,Traditional Investment Managers,0,China
4353586,Harding Loevner LP,110879,Traditional Investment Managers,0,USA
4353586,Tebon Fund Management Co. Ltd.,4608579,Traditional Investment Managers,0,China
4353586,Schroder Investment Management (Hong Kong) Ltd.,4139954,Traditional Investment Managers,0,Hong Kong
4353586,Orient Fund Management Co. Ltd.,4138631,Traditional Investment Managers,0,China
4353586,NFJ Investment Group LLC,26632854,Traditional Investment Managers,0,USA
4353586,Xin Yuan Asset Management Co.,4557386,Traditional Investment Managers,0,China
4353586,Donghai Funds Management Co. Ltd.,4587777,Traditional Investment Managers,0,China
4353586,Focusbridge Investments Ltd.,15102002,Traditional Investment Managers,0,China
4353586,Fideuram Asset Management (Ireland) DAC,4140503,Traditional Investment Managers,0,Ireland
4353586,Caitong Securities Asset Management Co.Ltd.,5810740,Traditional Investment Managers,0,China
4353586,China Fund Management Co. Ltd.,5868824,Traditional Investment Managers,0,China
4353586,Baring Asset Management Ltd.,111272,Traditional Investment Managers,0,United Kingdom
4353586,Hood River Capital Management LLC,4377113,Traditional Investment Managers,0,USA
4353586,BEA Union Investment Management Ltd.,4208762,Traditional Investment Managers,0,Hong Kong
4353586,New China Fund Management Co. Ltd.,4345262,Traditional Investment Managers,0,China
4353586,BNPP Asset Management Holding,13582910,Traditional Investment Managers,0,France
4353586,BMO Asset Management Corp.,109988,Traditional Investment Managers,0,USA
4353586,BOSC Asset Management Ltd.,4553770,Traditional Investment Managers,0,China
4353586,Pacific Investment Management Co. LLC,109687,Traditional Investment Managers,0,USA
4353586,Lombard Odier Asset Management (Europe) Ltd.,4289501,Traditional Investment Managers,0,United Kingdom
4353586,AllianceBernstein LP,109806,Traditional Investment Managers,0,USA
4353586,Nissay Asset Management Corp.,4116134,Traditional Investment Managers,0,Japan
4353586,Resona Asset Management Co. Ltd.,4629378,Traditional Investment Managers,0,Japan
4353586,China International Capital Corp. Ltd.,4138232,Banks/Investment Banks,0,China
4353586,Swiss Life Asset Mgmt AG,4140617,Traditional Investment Managers,0,Switzerland
4353586,"AVIC Fund Management Co., Ltd.",5880770,Traditional Investment Managers,0,China
4353586,Fuanda Fund Management Co. Ltd.,5823548,Traditional Investment Managers,0,China
4353586,Qingshan Bao,,Individuals/Insiders,0,China
4353586,Bohai Huijin Securities Asset Management Co. Ltd.,4937020,Traditional Investment Managers,0,China
4353586,Keywise Capital Management (HK) Ltd.,4288829,Hedge Fund Managers (<5% stake),0,Hong Kong
4353586,1832 Asset Management LP,4248288,Traditional Investment Managers,0,Canada
4353586,Pencun Wang,,Individuals/Insiders,0,China
4353586,SunAmerica Asset Management LLC,111097,Traditional Investment Managers,0,USA
4353586,ChangAn Fund Management Co.Ltd,5826475,Traditional Investment Managers,0,China
4353586,Tongtai Fund Management Co. Ltd.,19438254,Traditional Investment Managers,0,China
4353586,Changjiang Securities(shanghai)Asset Management Co.Ltd.,5866758,Traditional Investment Managers,0,China
4353586,BlackRock Fund Management Ltd.,107988050,Traditional Investment Managers,0,China
4353586,Hang Seng Investment Management Ltd.,4138797,Traditional Investment Managers,0,Hong Kong
4353586,Springs Fund Management Co.Ltd.,108037678,Traditional Investment Managers,0,China
4353586,Fortune And Royal Asset Management Co. Ltd.,5883003,Traditional Investment Managers,0,China
4353586,Qianhai Alliance Asset Management,8364410,Traditional Investment Managers,0,China
4353586,Lombard Odier Asset Management (Switzerland) SA,7060057,Traditional Investment Managers,0,Switzerland
4353586,BNY Mellon ETF Investment Adviser LLC,19342220,Traditional Investment Managers,0,USA
4353586,SEI Investments Co.,102729,Traditional Investment Managers,0,USA
4353586,Vanguard Group Inc.,109776,Traditional Investment Managers,0,USA
4353586,Strategic Advisers LLC,4102073,Traditional Investment Managers,0,USA
4350028,Bpifrance Participations SA,4359612,VC/PE Firms (>5% stake),27.09,France
4350028,Kopernik Global Investors LLC,4413788,Traditional Investment Managers,5.47,USA
4350028,Société Territoriale Calédonienne de Participation Industrielle,4354393,Corporations (Private),4.07,New Caledonia
4350028,Van Eck Associates Corp.,109888,Traditional Investment Managers,2.74,USA
4350028,"Eramet SA, ESOP",5770402,ESOP,1.57,France
4350028,Vanguard Capital Management LLC,137764443,Traditional Investment Managers,0.92,USA
4350028,BlackRock Inc.,4048287,Traditional Investment Managers,0.77,USA
4350028,Groupe Cdc,4577164,Corporations (Private),0.68,France
4350028,Fidelity International Ltd.,4020980,Traditional Investment Managers,0.67,Bermuda
4350028,Dimensional Fund Advisors LP,111289,Traditional Investment Managers,0.52,USA
4350028,DIVAS Asset Management AG,14258912,Traditional Investment Managers,0.51,Switzerland
4350028,MultiConcept Fund Management S.A.,5760837,Traditional Investment Managers,0.51,Luxembourg
4350028,Mirae Asset Global Investments Co. Ltd.,4256114,Traditional Investment Managers,0.36,South Korea
4350028,Allianz Asset Management GmbH,4208127,Traditional Investment Managers,0.33,Germany
4350028,Vanguard Fiduciary Trust Co.,5752504,Traditional Investment Managers,0.26,USA
4350028,Northern Trust Global Investments,4272373,Traditional Investment Managers,0.2,United Kingdom
4350028,Charles Schwab Investment Management Inc.,4048695,Traditional Investment Managers,0.16,USA
4350028,Niche Asset Management Limited,13969643,Traditional Investment Managers,0.16,United Kingdom
4350028,Christel Bories,,Individuals/Insiders,0.15,China
4350028,Alken IM LLP,4211943,Traditional Investment Managers,0.13,United Kingdom
4350028,"Medivalor, A.V. Agencia de Valores, S.A.",7609147,Traditional Investment Managers,0.12,Spain
4350028,Marathon Asset Management Ltd.,110616,Traditional Investment Managers,0.11,United Kingdom
4350028,KBC Asset Management NV,4111901,Traditional Investment Managers,0.1,Belgium
4350028,ALPS Advisors Inc.,4143440,Traditional Investment Managers,0.09,USA
4350028,Wellington Management Group LLP,4579014,Traditional Investment Managers,0.08,USA
4350028,Deutsche Asset & Wealth Management,111219,Traditional Investment Managers,0.06,USA
4350028,Financiere Arbevel,5788094,Traditional Investment Managers,0.05,France
4350028,UBS Asset Management AG,4674815,Traditional Investment Managers,0.05,Switzerland
4350028,State Street Global Advisors Inc.,110652,Traditional Investment Managers,0.03,USA
4350028,BetaShares Capital Ltd.,4578944,Traditional Investment Managers,0.03,Australia
4350028,CoreCommodity Management LLC,4134208,Traditional Investment Managers,0.03,USA
4350028,Lombard Odier (Europe) SA,5837713,Traditional Investment Managers,0.03,Luxembourg
4350028,Geode Capital Management LLC,4119759,Traditional Investment Managers,0.03,USA
4350028,ProShare Advisors LLC,4153606,Traditional Investment Managers,0.02,USA
4350028,Teachers Insurance and Annuity Association-College Retirement Equities Fund,4270330,Traditional Investment Managers,0.02,USA
4350028,Lesbroussarts Services,132375569,Traditional Investment Managers,0.02,#INVALID COMPANY ID
4350028,Russell Investment Management LLC,111359,Traditional Investment Managers,0.02,USA
4350028,Vanguard Asset Management Ltd.,4723508,Traditional Investment Managers,0.02,United Kingdom
4350028,Alicanto Capital Sgr SpA,14992688,Traditional Investment Managers,0.01,Italy
4350028,Invesco Capital Management LLC,4117611,Traditional Investment Managers,0.01,USA
4350028,Alken Asset Management Ltd.,5855901,Hedge Fund Managers (<5% stake),0.01,United Kingdom
4350028,Vanguard Investments Australia Ltd.,4138917,Traditional Investment Managers,0.01,Australia
4350028,Francois Corbin,,Individuals/Insiders,0.01,China
4350028,Vanguard Global Advisers LLC,4337989,Traditional Investment Managers,0.01,USA
4350028,American Century Investment Management Inc,111074,Traditional Investment Managers,0.01,USA
4350028,Amundi Asset Management SAS,4026948,Traditional Investment Managers,0.01,France
4350028,Tresides Asset Management GmbH,4422324,Traditional Investment Managers,0,Germany
4350028,Themes Management Co.,112247511,Traditional Investment Managers,0,USA
4350028,GWL Investment Management Ltd.,4048184,Traditional Investment Managers,0,Canada
4350028,Emeric Burin des Roziers,,Individuals/Insiders,0,China
4350028,Jerome Duval,,Individuals/Insiders,0,China
4350028,Pacific Investment Management Co. LLC,109687,Traditional Investment Managers,0,USA
4350028,Christine Marie Coignard,,Individuals/Insiders,0,China
4350028,Global X Management (Aus) Ltd.,8365031,Traditional Investment Managers,0,Australia
4350028,First Trust Advisors LP,4033550,Traditional Investment Managers,0,USA
4350028,Ghislain Lescuyer,,Individuals/Insiders,0,China
4350028,USCF Advisers LLC,4560796,Traditional Investment Managers,0,USA
4350028,Heloise Duval,,Individuals/Insiders,0,China
4350028,Arnaud Soirat,,Individuals/Insiders,0,China
4350028,Jean-Yves Gilet,,Individuals/Insiders,0,China
4350028,Manoelle Lepoutre-Saint-M'leux,,Individuals/Insiders,0,China
4350028,Maria Henrica Maes,,Individuals/Insiders,0,China
4350028,Nathalie de La Fourniere,,Individuals/Insiders,0,China
4350028,Solenne Lepage,,Individuals/Insiders,0,China
4350028,Tidal Investments LLC,4338202,Traditional Investment Managers,0,USA
4350028,DBX Advisors LLC,4318598,Traditional Investment Managers,0,USA
4350028,Nicolas Noel,,Individuals/Insiders,0,China
4350028,Franck Pecqueux,,Individuals/Insiders,0,China
4350028,Jean-Philippe Vollmer,,Individuals/Insiders,0,China
4350028,Istanbul Takas ve Saklama Bankasi A.S.,4399218,Banks/Investment Banks,0,Türkiye
4350028,Re-Pie Portfoy Yonetimi A.S.,5880728,,0,Türkiye
4350028,Vanguard Group Inc.,109776,Traditional Investment Managers,0,USA
4350028,Grantham Mayo Van Otterloo & Co. LLC,110399,Traditional Investment Managers,0,USA
4350028,Arrowstreet Capital Ltd. Partnership,4049161,Traditional Investment Managers,-0.6,USA
4361422,Liangbin Li,,Individuals/Insiders,18.97,China
4361422,Xiaoshen Wang,,Individuals/Insiders,6.8,China
4361422,Hong Kong Exchanges and Clearing Ltd.,4322619,Banks/Investment Banks,3.49,Hong Kong
4361422,BlackRock Inc.,4048287,Traditional Investment Managers,2.38,USA
4361422,Van Eck Associates Corp.,109888,Traditional Investment Managers,1.16,USA
4361422,Baillie Gifford & Co.,4026973,Traditional Investment Managers,1.05,United Kingdom
4361422,Vanguard Capital Management LLC,137764443,Traditional Investment Managers,0.96,USA
4361422,Huatai-PineBridge Fund Management Co. Ltd.,4345275,Traditional Investment Managers,0.9,China
4361422,Haibo Shen,,Individuals/Insiders,0.73,China
4361422,E Fund Management Co. Ltd.,4137681,Traditional Investment Managers,0.64,China
4361422,JPMorgan Chase & Co.,100201,Banks/Investment Banks,0.61,USA
4361422,China Southern Asset Management Co. Ltd.,4435100,Traditional Investment Managers,0.56,China
4361422,GF Fund Management Co. Ltd.,4138625,Traditional Investment Managers,0.51,China
4361422,China Asset Management Co. Ltd.,4139271,Traditional Investment Managers,0.5,China
4361422,Harvest Fund Management Co. Ltd.,4140486,Traditional Investment Managers,0.44,China
4361422,China Universal Asset Management Co. Ltd.,9020942,Traditional Investment Managers,0.38,China
4361422,Ganfeng Lithium Group Co. Ltd.  Esop,115738594,ESOP,0.34,#INVALID COMPANY ID
4361422,Mirae Asset Global Investments Co. Ltd.,4256114,Traditional Investment Managers,0.34,South Korea
4361422,Orient Fund Management Co. Ltd.,4138631,Traditional Investment Managers,0.29,China
4361422,Guotai Asset Mgmt Co. Ltd.,4138799,Traditional Investment Managers,0.29,China
4361422,Fullgoal Fund Management Co. Ltd.,4137668,Traditional Investment Managers,0.27,China
4361422,Vanguard Fiduciary Trust Co.,5752504,Traditional Investment Managers,0.25,USA
4361422,Rosefinch Fund Management Co. Ltd.,19437756,Traditional Investment Managers,0.23,China
4361422,Dimensional Fund Advisors LP,111289,Traditional Investment Managers,0.15,USA
4361422,Norges Bank Investment Management,4138467,Sovereign Wealth Funds (<5% stake),0.14,Norway
4361422,Geode Capital Management LLC,4119759,Traditional Investment Managers,0.14,USA
4361422,ICBC Credit Suisse Fund Management Co. Ltd.,4139311,Traditional Investment Managers,0.14,China
4361422,Amundi Asset Management SAS,4026948,Traditional Investment Managers,0.14,France
4361422,Penghua Fund Management Co. Ltd.,4345260,Traditional Investment Managers,0.13,China
4361422,Bosera Asset Management Co. Ltd.,4329445,Traditional Investment Managers,0.1,China
4361422,"Zhong Ou Fund Management Co., Ltd",5860959,Traditional Investment Managers,0.1,China
4361422,First-Trust Fund Management Co. Ltd.,4140536,Traditional Investment Managers,0.09,China
4361422,ALPS Advisors Inc.,4143440,Traditional Investment Managers,0.08,USA
4361422,Ting Huang,,Individuals/Insiders,0.08,China
4361422,State Street Global Advisors Inc.,110652,Traditional Investment Managers,0.07,USA
4361422,Ping An UOB Fund Management Co. Ltd.,4556995,Traditional Investment Managers,0.07,China
4361422,Tianhong Asset Management Co. Ltd.,4345965,Traditional Investment Managers,0.07,China
4361422,First State Cinda Fund Management Co. Ltd.,4368709,Traditional Investment Managers,0.07,China
4361422,Global X Management (Aus) Ltd.,8365031,Traditional Investment Managers,0.06,Australia
4361422,Zhonghai Fund Management Co. Ltd.,4345268,Traditional Investment Managers,0.06,China
4361422,Deutsche Asset & Wealth Management,111219,Traditional Investment Managers,0.05,USA
4361422,China Merchants Fund Management Co. Ltd.,4325258,Traditional Investment Managers,0.05,China
4361422,Vanguard Asset Management Ltd.,4723508,Traditional Investment Managers,0.05,United Kingdom
4361422,Tibet Eastmoney Fund Management Co.Ltd.,20057752,Traditional Investment Managers,0.05,China
4361422,CITIC-Prudential Fund Management Company Ltd.,4345966,Traditional Investment Managers,0.05,China
4361422,Commodity Capital AG,4548989,Traditional Investment Managers,0.05,Switzerland
4361422,UBS Asset Management AG,4674815,Traditional Investment Managers,0.05,Switzerland
4361422,Cui Liao,,Individuals/Insiders,0.05,China
4361422,"Truvalue Asset Management Co.,Ltd.",5866754,Traditional Investment Managers,0.04,China
4361422,UBS SDIC Fund Management Co. Ltd.,4417406,Traditional Investment Managers,0.04,China
4361422,Morgan Stanley,103042,Banks/Investment Banks,0.04,USA
4361422,Yinhua Fund Management Co. Ltd.,4139415,Traditional Investment Managers,0.04,China
4361422,JP Morgan Asset Management,110092,Traditional Investment Managers,0.04,USA
4361422,Charles Schwab Investment Management Inc.,4048695,Traditional Investment Managers,0.03,USA
4361422,HSBC Global Asset Management (UK) Ltd.,4115698,Traditional Investment Managers,0.03,United Kingdom
4361422,Rongtong Fund Management Co. Ltd.,4139739,Traditional Investment Managers,0.03,China
4361422,HuaAn Fund Management Company Ltd.,4138661,Traditional Investment Managers,0.03,China
4361422,China Asset Management (Hong Kong) Ltd.,4388745,Traditional Investment Managers,0.03,Hong Kong
4361422,Teachers Insurance and Annuity Association-College Retirement Equities Fund,4270330,Traditional Investment Managers,0.03,USA
4361422,Mitsubishi UFJ Asset Management Co. Ltd.,4607441,Traditional Investment Managers,0.03,Japan
4361422,Jian Hua Xu,,Individuals/Insiders,0.03,China
4361422,SWS MU Fund Management Co. Ltd.,4139950,Traditional Investment Managers,0.03,China
4361422,GWL Investment Management Ltd.,4048184,Traditional Investment Managers,0.03,Canada
4361422,Wanjia Asset Management Co. Ltd.,4606392,Traditional Investment Managers,0.03,China
4361422,Fideuram Asset Management Sgr,101449874,Traditional Investment Managers,0.02,Italy
4361422,Hwabao WP Fund Management Co. Ltd.,4137720,Traditional Investment Managers,0.02,China
4361422,Invesco Capital Management LLC,4117611,Traditional Investment Managers,0.02,USA
4361422,DBX Advisors LLC,4318598,Traditional Investment Managers,0.02,USA
4361422,Bank of Communications Schroder Fund Management Co. Ltd.,4137941,Traditional Investment Managers,0.02,China
4361422,Union Asset Management Holding AG,4224292,Traditional Investment Managers,0.02,Germany
4361422,Northern Trust Global Investments,4272373,Traditional Investment Managers,0.02,United Kingdom
4361422,Phoenix Unit Trust Managers Limited,7834181,Traditional Investment Managers,0.02,United Kingdom
4361422,WisdomTree Asset Management Inc.,4145691,Traditional Investment Managers,0.02,USA
4361422,New China Fund Management Co. Ltd.,4345262,Traditional Investment Managers,0.02,China
4361422,Invesco Great Wall Fund Management Co. Ltd,5762318,Traditional Investment Managers,0.02,China
4361422,Franklin Resources Inc.,102719,Traditional Investment Managers,0.02,USA
4361422,Soochow Asset Management Co. Ltd.,4139902,Traditional Investment Managers,0.02,China
4361422,Mercer Global Investments Europe Limited,5759394,Traditional Investment Managers,0.02,Ireland
4361422,Huatai Securities (Shanghai) Asset Management Co. Ltd.,4621446,Traditional Investment Managers,0.02,China
4361422,Tebon Fund Management Co. Ltd.,4608579,Traditional Investment Managers,0.02,China
4361422,BetaShares Capital Ltd.,4578944,Traditional Investment Managers,0.02,Australia
4361422,CTBC Securities Investment Trust Co. Ltd.,4241120,Traditional Investment Managers,0.02,Taiwan
4361422,Taikang Fund Management Co. Ltd.,109523595,Traditional Investment Managers,0.02,China
4361422,CSOP Asset Management Ltd.,4408592,Traditional Investment Managers,0.02,Hong Kong
4361422,Neuberger Berman Fund management (China) Co. Ltd.,106535824,Traditional Investment Managers,0.02,#INVALID COMPANY ID
4361422,"Goldstate Capital Fund Management Co., Ltd.",5777425,Traditional Investment Managers,0.01,China
4361422,Janus Henderson Group Ltd.,4147331,Traditional Investment Managers,0.01,United Kingdom
4361422,Danske Capital Denmark,4137587,Traditional Investment Managers,0.01,Denmark
4361422,China Universal Fund Management Co. Ltd.,27663277,Traditional Investment Managers,0.01,#INVALID COMPANY ID
4361422,Legal & General Investment Management Ltd.,4139862,Traditional Investment Managers,0.01,United Kingdom
4361422,KBC Asset Management NV,4111901,Traditional Investment Managers,0.01,Belgium
4361422,Huafu Fund Management Co. Ltd.,4138775,Traditional Investment Managers,0.01,China
4361422,Great Wall Fund Management Co. Ltd.,4138760,Traditional Investment Managers,0.01,China
4361422,Nuode Asset Management Co. Ltd.,7789048,Traditional Investment Managers,0.01,China
4361422,Chang Xin Asset Management Corp. Ltd.,4345964,Traditional Investment Managers,0.01,China
4361422,Goldman Sachs Asset Management LP,110587,Traditional Investment Managers,0.01,USA
4361422,Royal London Asset Management Ltd.,4138770,Traditional Investment Managers,0.01,United Kingdom
4361422,Tidal Investments LLC,4338202,Traditional Investment Managers,0.01,USA
4361422,Lihua Fu,,Individuals/Insiders,0.01,China
4361422,CPIC Fund Management Co. Ltd.,4379197,Traditional Investment Managers,0.01,China
4361422,CCB Principal Asset Management Co. Ltd.,4138221,Traditional Investment Managers,0.01,China
4361422,"First Seafront Fund Management Co., Ltd",5851125,Traditional Investment Managers,0.01,China
4361422,Baoying Fund Management Co. Ltd.,4138088,Traditional Investment Managers,0.01,China
4361422,Xingyin Fund Management Co. Ltd.,7731166,Traditional Investment Managers,0.01,China
4361422,American Century Investment Management Inc,111074,Traditional Investment Managers,0.01,USA
4361422,Taikang Asset Management Co. Ltd.,4436408,Traditional Investment Managers,0.01,China
4361422,Eaton Vance Management,109754,Traditional Investment Managers,0.01,USA
4361422,GuideStone Capital Management LLC,4115935,Traditional Investment Managers,0.01,USA
4361422,Bg Fund Management Luxembourg S.A.,4253894,Traditional Investment Managers,0.01,Luxembourg
4361422,KLP Kapitalforvaltning AS,4138888,Traditional Investment Managers,0.01,Norway
4361422,BNP Paribas Asset Management Europe,4784107,Traditional Investment Managers,0.01,France
4361422,BMO Asset Management Corp.,109988,Traditional Investment Managers,0.01,USA
4361422,Yangming Ou,,Individuals/Insiders,0.01,China
4361422,Aberdeen Group PLC,4145085,Traditional Investment Managers,0.01,United Kingdom
4361422,Pinebridge Investments Asia Ltd.,4138005,VC/PE Firms (<5% stake),0.01,Hong Kong
4361422,AHAM Asset Management Bhd.,4190455,Traditional Investment Managers,0.01,Malaysia
4361422,Essence Fund Management Co. Ltd,5837129,Traditional Investment Managers,0.01,China
4361422,RHB Asset Management Sdn. Bhd.,4139625,Traditional Investment Managers,0.01,Malaysia
4361422,Dacheng Fund Management Co. Ltd.,4137754,Traditional Investment Managers,0.01,China
4361422,Acadian Asset Management LLC,110495,Traditional Investment Managers,0.01,USA
4361422,Capital Investment Trust Corp.,4225018,Traditional Investment Managers,0.01,Taiwan
4361422,Vontobel Asset Management SA,4825704,Traditional Investment Managers,0.01,Luxembourg
4361422,Western Leadbank Fund Management Co. Ltd.,4890277,Traditional Investment Managers,0.01,China
4361422,Straits Investment Management Pte. Ltd.,14821347,Traditional Investment Managers,0.01,Singapore
4361422,Morgan Stanley Investment Management Inc.,109721,Traditional Investment Managers,0.01,USA
4361422,SEI Investments Co.,102729,Traditional Investment Managers,0.01,USA
4361422,Fidelity Fund Management (China) Co. Ltd.,108500939,Traditional Investment Managers,0.01,China
4361422,Krane Funds Advisors LLC,4383779,Traditional Investment Managers,0.01,USA
4361422,Minsheng Royal Fund Management Co. Ltd.,4316799,Traditional Investment Managers,0.01,China
4361422,BEA Union Investment Management Ltd.,4208762,Traditional Investment Managers,0.01,Hong Kong
4361422,China Life AMP Asset Management Co. Ltd.,4559567,Traditional Investment Managers,0,China
4361422,Controlfida (Suisse) SA,6731032,Traditional Investment Managers,0,Switzerland
4361422,Fuanda Fund Management Co. Ltd.,5823548,Traditional Investment Managers,0,China
4361422,Victory Capital Management Inc.,110674,Traditional Investment Managers,0,USA
4361422,Heron View Partners LLC,4055966,Traditional Investment Managers,0,USA
4361422,BOCI-Prudential Asset Management Ltd.,4138118,Traditional Investment Managers,0,Hong Kong
4361422,BNY Asset Management,4057506,Traditional Investment Managers,0,USA
4361422,Columbia Management Investment Advisers LLC,109789,Traditional Investment Managers,0,USA
4361422,Fideuram Asset Management (Ireland) DAC,4140503,Traditional Investment Managers,0,Ireland
4361422,Strategic Advisers LLC,4102073,Traditional Investment Managers,0,USA
4361422,Manulife Asset Management,5747632,Traditional Investment Managers,0,Canada
4361422,ICBC UBS Asset Management (International) Company Ltd.,4641730,Traditional Investment Managers,0,Hong Kong
4361422,TA Investment Management Berhad,4213217,Traditional Investment Managers,0,Malaysia
4361422,Morgan Stanley Fund Management (China) Co. Ltd.,4138826,Traditional Investment Managers,0,China
4361422,Vanguard Investments Australia Ltd.,4138917,Traditional Investment Managers,0,Australia
4361422,Aviva Investors Global Services Ltd.,4376121,Traditional Investment Managers,0,United Kingdom
4361422,Founder Fubon Fund Management Co. Ltd.,4336717,Traditional Investment Managers,0,China
4361422,Bank of China Investment Management Co. Ltd.,4137999,Traditional Investment Managers,0,China
4361422,ABC-CA Fund Management Co. Ltd.,4316929,Traditional Investment Managers,0,China
4361422,Shanghai Orient Securities Asset Management Co. Ltd.,5812793,Traditional Investment Managers,0,China
4361422,Altrinsic Global Advisors LLC,4119479,Traditional Investment Managers,0,USA
4361422,Fubon Asset Management Co. Ltd.,4281837,Traditional Investment Managers,0,Taiwan
4361422,Eurizon Capital SGR SpA,4324456,Traditional Investment Managers,0,Italy
4361422,Xunman Xiong,,Individuals/Insiders,0,China
4361422,China Fund Management Co. Ltd.,5868824,Traditional Investment Managers,0,China
4361422,ProShare Advisors LLC,4153606,Traditional Investment Managers,0,USA
4361422,Fil Fund Management (China) Company Ltd.,105984690,Traditional Investment Managers,0,China
4361422,Robeco Hong Kong Ltd.,4219913,Traditional Investment Managers,0,Hong Kong
4361422,Danske Bank A/S,4080954,Traditional Investment Managers,0,Denmark
4361422,Sarasin & Partners LLP,4141040,Traditional Investment Managers,0,United Kingdom
4361422,Wellington Management Group LLP,4579014,Traditional Investment Managers,0,USA
4361422,Voya Investment Management LLC,4048215,Traditional Investment Managers,0,USA
4361422,Pictet Asset Management Ltd.,111267,Traditional Investment Managers,0,United Kingdom
4361422,Qianhai Alliance Asset Management,8364410,Traditional Investment Managers,0,China
4361422,Fidelity International Ltd.,4020980,Traditional Investment Managers,0,Bermuda
4361422,Value Partners Hong Kong Ltd.,4304908,Traditional Investment Managers,0,Hong Kong
4361422,Boston Partners Global Investors Inc.,4158830,Traditional Investment Managers,0,USA
4361422,Jpmorgan Asset Management (China) Company Ltd.,5879252,Traditional Investment Managers,0,China
4361422,Mega International Investment Trust Co. Ltd.,4314602,Traditional Investment Managers,0,Taiwan
4361422,Oberweis Asset Management Inc.,4001519,Traditional Investment Managers,0,USA
4361422,Mercer Investments LLC,4119790,Traditional Investment Managers,0,USA
4361422,Desjardins Global Asset Management Inc.,4226520,Traditional Investment Managers,0,Canada
4361422,PICC Asset Management Co. Ltd.,4341872,Traditional Investment Managers,0,China
4361422,ODDO BHF ASSET MANAGEMENT GmbH,4422379,Traditional Investment Managers,0,Germany
4361422,AllianceBernstein LP,109806,Traditional Investment Managers,0,USA
4361422,Degroof Petercam Asset Management,4377155,Traditional Investment Managers,0,Belgium
4361422,CIBC Asset Management Inc.,4048742,Traditional Investment Managers,0,Canada
4361422,Maxwealth Fund Management Co. Ltd.,4536183,Traditional Investment Managers,0,China
4361422,Changsheng Fund Management Co. Ltd.,4311270,Traditional Investment Managers,0,China
4361422,Sumitomo Mitsui DS Asset Management Co. Ltd.,4140078,Traditional Investment Managers,0,Japan
4361422,BNPP Asset Management Holding,13582910,Traditional Investment Managers,0,France
4361422,First Trust Advisors LP,4033550,Traditional Investment Managers,0,USA
4361422,Integrity Fund Management Co. Ltd.,106229912,Traditional Investment Managers,0,China
4361422,Galaxy Asset Management Co. Ltd.,4138761,Traditional Investment Managers,0,China
4361422,Hongde Fund Management Co. Ltd.,5877799,Traditional Investment Managers,0,China
4361422,Resona Asset Management Co. Ltd.,4629378,Traditional Investment Managers,0,Japan
4361422,Guolian Fund Management Company Ltd.,4878959,Traditional Investment Managers,0,China
4361422,PGIM Inc.,4119440,Traditional Investment Managers,0,USA
4361422,Lazard Asset Management LLC,110386,Traditional Investment Managers,0,USA
4361422,Sanlam Investment Management (Pty.) Ltd.,4672091,,0,South Africa
4361422,Amova Asset Management Co. Ltd.,4107954,,0,Japan
4361422,IS Asset Management,4139199,Traditional Investment Managers,0,Türkiye
4361422,Lion Fund Management Co. Ltd.,4139789,Traditional Investment Managers,0,China
4361422,JT Asset Management Co. Ltd,5853751,Traditional Investment Managers,0,China
4361422,Zhongtai Securities (Shanghai) Asset Management Co.Ltd.,5855481,Traditional Investment Managers,0,China
4361422,CICC Fund Management Co. Ltd.,4677331,Traditional Investment Managers,0,China
4361422,Horizon Asset Management Co. Ltd.,5883563,Traditional Investment Managers,0,China
4361422,Mackenzie Financial Corp.,106960,Traditional Investment Managers,0,Canada
4361422,Sumitomo Mitsui Trust Asset Management Co. Ltd.,4318240,Traditional Investment Managers,0,Japan
4361422,Hony Horizon Fund Management Co. Ltd.,9795838,Traditional Investment Managers,0,China
4361422,CI Global Asset Management,4114882,Traditional Investment Managers,0,Canada
4361422,Themes Management Co.,112247511,Traditional Investment Managers,0,USA
4361422,CIB Fund Management Co. Ltd,4404664,Traditional Investment Managers,0,China
4361422,Pacific Investment Management Co. LLC,109687,Traditional Investment Managers,0,USA
4361422,Russell Investment Management LLC,111359,Traditional Investment Managers,0,USA
4361422,Lincoln Financial Investments Corp.,4119651,Traditional Investment Managers,0,USA
4361422,Broad Asset Management Co. Ltd.,15012201,Traditional Investment Managers,0,China
4361422,Bank of Beijing Scotiabank Asset Management Co. Ltd.,4396635,Traditional Investment Managers,0,China
4361422,Security Kapitalanlage AG,4140057,Traditional Investment Managers,0,Austria
4361422,1832 Asset Management LP,4248288,Traditional Investment Managers,0,Canada
4361422,"ID-Sparinvest, Filial af Sparinvest S.A., Luxembourg",5776820,Traditional Investment Managers,0,Denmark
4361422,Swiss Life Asset Mgmt AG,4140617,Traditional Investment Managers,0,Switzerland
4361422,Storebrand Asset Management AS,4336776,Traditional Investment Managers,0,Norway
4361422,HFT Investment Management Co. Ltd. (Group,4784142,Traditional Investment Managers,0,China
4361422,Huashang Fund Management Co. Ltd.,7059915,Traditional Investment Managers,0,China
4361422,SunAmerica Asset Management LLC,111097,Traditional Investment Managers,0,USA
4361422,Sparinvest SA (Luxembourg),4232927,Traditional Investment Managers,0,Luxembourg
4361422,AXA SPDB Investment Managers Co. Ltd.,4332537,Traditional Investment Managers,0,China
4361422,Global X Japan Co. Ltd.,20326442,Traditional Investment Managers,0,#INVALID COMPANY ID
4361422,Guodu Securities Co.Ltd.,4297985,Traditional Investment Managers,0,China
4361422,BOSC Asset Management Ltd.,4553770,Traditional Investment Managers,0,China
4361422,BlackRock Fund Management Ltd.,107988050,Traditional Investment Managers,0,China
4361422,Nissay Asset Management Corp.,4116134,Traditional Investment Managers,0,Japan
4361422,BOC International (China) Co. Ltd.,4315032,Traditional Investment Managers,0,China
4361422,Franklin Templeton Sealand Fund Management Co. Ltd.,4550448,Traditional Investment Managers,0,China
4361422,Shanghai Guotai Junan Securities Asset Management Co. Ltd.,4592065,Traditional Investment Managers,0,China
4361422,Bin Wang,,Individuals/Insiders,0,China
4361422,China Merchants Securities Asset Management Co. Ltd.,4669111,Traditional Investment Managers,0,China
4361422,ChangAn Fund Management Co.Ltd,5826475,Traditional Investment Managers,0,China
4361422,USCF Advisers LLC,4560796,Traditional Investment Managers,0,USA
4361422,China International Capital Corp. Ltd.,4138232,Banks/Investment Banks,0,China
4361422,Ping An of China Asset Management (Hong Kong) Co. Ltd.,4560837,Traditional Investment Managers,0,Hong Kong
4361422,Nykredit Portefølje Administration A/S,4556895,Traditional Investment Managers,0,Denmark
4361422,Hang Seng Investment Management Ltd.,4138797,Traditional Investment Managers,0,Hong Kong
4361422,Peng Yang Fund Management Co. Ltd.,11183019,Traditional Investment Managers,0,China
4361422,"AVIC Fund Management Co., Ltd.",5880770,Traditional Investment Managers,0,China
4361422,"Gfund Management Co., Ltd.",6520584,Traditional Investment Managers,0,China
4361422,Winch Advisory Services LLC,4117742,Traditional Investment Managers,0,USA
4361422,Focusbridge Investments Ltd.,15102002,Traditional Investment Managers,0,China
4361422,Curio Wealth LLC,114676085,Family Offices/Trusts,0,USA
4361422,Dongxing Asset Management Co. Ltd.,29518821,Traditional Investment Managers,0,China
4361422,Morgan Stanley AIP GP LP,4155096,Traditional Investment Managers,0,USA
4361422,HSBC Jintrust Fund Management Co. Ltd.,4820048,Traditional Investment Managers,0,China
4361422,BNY Mellon ETF Investment Adviser LLC,19342220,Traditional Investment Managers,0,USA
4361422,Vanguard Group Inc.,109776,Traditional Investment Managers,0,USA
4361422,Citigroup Inc.,4041896,Banks/Investment Banks,-0.11,USA
4121019,Capital Research and Management Co.,111195,Traditional Investment Managers,8.35,USA
4121019,BlackRock Inc.,4048287,Traditional Investment Managers,7.41,USA
4121019,Vanguard Capital Management LLC,137764443,Traditional Investment Managers,6.5,USA
4121019,Vanguard Portfolio Management LLC,137765036,Traditional Investment Managers,5.35,USA
4121019,State Street Global Advisors Inc.,110652,Traditional Investment Managers,4.43,USA
4121019,Geode Capital Management LLC,4119759,Traditional Investment Managers,2.91,USA
4121019,PRIMECAP Management Co.,110962,Traditional Investment Managers,2.26,USA
4121019,Two Sigma Investments LP,4110297,Hedge Fund Managers (<5% stake),1.97,USA
4121019,Van Eck Associates Corp.,109888,Traditional Investment Managers,1.71,USA
4121019,Bank of America Corp.,100369,Banks/Investment Banks,1.68,USA
4121019,The Toronto-Dominion Bank,100519,Traditional Investment Managers,1.46,Canada
4121019,EARNEST Partners LLC,4104362,Traditional Investment Managers,1.36,USA
4121019,Eaton Vance Management,109754,Traditional Investment Managers,1.26,USA
4121019,Invesco Capital Management LLC,4117611,Traditional Investment Managers,1.21,USA
4121019,UBS Asset Management AG,4674815,Traditional Investment Managers,1.15,Switzerland
4121019,D.E. Shaw & Co. LP,109290,Hedge Fund Managers (<5% stake),1.14,USA
4121019,JP Morgan Asset Management,110092,Traditional Investment Managers,1.07,USA
4121019,Northern Trust Global Investments,4272373,Traditional Investment Managers,1.03,United Kingdom
4121019,AQR Capital Management LLC,4119538,Hedge Fund Managers (<5% stake),1.02,USA
4121019,Norges Bank Investment Management,4138467,Sovereign Wealth Funds (<5% stake),0.99,Norway
4121019,Charles Schwab Investment Management Inc.,4048695,Traditional Investment Managers,0.98,USA
4121019,Dimensional Fund Advisors LP,111289,Traditional Investment Managers,0.91,USA
4121019,Mirae Asset Global Investments Co. Ltd.,4256114,Traditional Investment Managers,0.83,South Korea
4121019,Goldman Sachs Asset Management LP,110587,Traditional Investment Managers,0.8,USA
4121019,ProShare Advisors LLC,4153606,Traditional Investment Managers,0.8,USA
4121019,PGGM,4623978,Traditional Investment Managers,0.77,Netherlands
4121019,Grantham Mayo Van Otterloo & Co. LLC,110399,Traditional Investment Managers,0.77,USA
4121019,BNY Asset Management,4057506,Traditional Investment Managers,0.68,USA
4121019,Qube Research & Technologies Ltd.,9146348,Traditional Investment Managers,0.66,United Kingdom
4121019,Managed Account Advisors LLC,4187561,Traditional Investment Managers,0.65,USA
4121019,Barclays PLC,114508,Banks/Investment Banks,0.64,United Kingdom
4121019,Morgan Stanley,103042,Banks/Investment Banks,0.63,USA
4121019,JPMorgan Chase & Co.,100201,Banks/Investment Banks,0.63,USA
4121019,Renaissance Technologies LLC,4048646,Hedge Fund Managers (<5% stake),0.62,USA
4121019,Goldman Sachs Group Inc.,4039450,Traditional Investment Managers,0.59,USA
4121019,Vanguard Fiduciary Trust Co.,5752504,Traditional Investment Managers,0.56,USA
4121019,SEI Investments Co.,102729,Traditional Investment Managers,0.55,USA
4121019,Amundi Asset Management SAS,4026948,Traditional Investment Managers,0.53,France
4121019,Millennium Management LLC,4135463,Hedge Fund Managers (<5% stake),0.51,USA
4121019,Handelsbanken Asset Management,4140470,Traditional Investment Managers,0.51,Sweden
4121019,Empower Advisory Group LLC,4117125,Traditional Investment Managers,0.51,USA
4121019,Jacobs Levy Equity Management Inc,111247,Traditional Investment Managers,0.48,USA
4121019,Connor Clark & Lunn Investment Management Ltd.,4035990,Traditional Investment Managers,0.47,Canada
4121019,Deutsche Asset & Wealth Management,111219,Traditional Investment Managers,0.47,USA
4121019,Altshuler Shaham Ltd.,5755714,Traditional Investment Managers,0.45,Israel
4121019,LPL Financial LLC,4026057,Traditional Investment Managers,0.44,USA
4121019,Barclays Bank PLC,4041196,Banks/Investment Banks,0.41,United Kingdom
4121019,Franklin Resources Inc.,102719,Traditional Investment Managers,0.41,USA
4121019,AllianceBernstein LP,109806,Traditional Investment Managers,0.37,USA
4121019,Wells Fargo & Co.,100382,Banks/Investment Banks,0.37,USA
4121019,Citigroup Inc.,4041896,Banks/Investment Banks,0.35,USA
4121019,HB Wealth Management LLC,4029686,Traditional Investment Managers,0.34,USA
4121019,Voloridge Investment Management LLC,4256115,Hedge Fund Managers (<5% stake),0.32,USA
4121019,Capital Fund Management S.A.,4117333,Hedge Fund Managers (<5% stake),0.32,France
4121019,Russell Investment Management LLC,111359,Traditional Investment Managers,0.3,USA
4121019,HSBC Global Asset Management (UK) Ltd.,4115698,Traditional Investment Managers,0.28,United Kingdom
4121019,Legal & General Investment Management Ltd.,4139862,Traditional Investment Managers,0.28,United Kingdom
4121019,Baillie Gifford & Co.,4026973,Traditional Investment Managers,0.27,United Kingdom
4121019,Thrivent Investment Management Inc.,4102247,Traditional Investment Managers,0.26,USA
4121019,Allianz Asset Management GmbH,4208127,Traditional Investment Managers,0.25,Germany
4121019,BNP Paribas Financial Markets SNC,4310789,Traditional Investment Managers,0.25,France
4121019,BMO Asset Management Corp.,109988,Traditional Investment Managers,0.25,USA
4121019,DWS Investment Management Americas Inc.,4089578,Traditional Investment Managers,0.25,USA
4121019,Teachers Insurance and Annuity Association-College Retirement Equities Fund,4270330,Traditional Investment Managers,0.24,USA
4121019,Royal Bank of Canada,100522,Banks/Investment Banks,0.24,Canada
4121019,Susquehanna International Group LLP,4112715,Traditional Investment Managers,0.24,USA
4121019,Envestnet Asset Management Inc.,4072215,Traditional Investment Managers,0.23,USA
4121019,California Public Employees' Retirement System,4005175,Government Pension Sponsors,0.23,USA
4121019,T. Rowe Price Group Inc.,4055767,Traditional Investment Managers,0.23,USA
4121019,Tudor Investment Corp.,4022690,Hedge Fund Managers (<5% stake),0.23,USA
4121019,Pictet Asset Management Ltd.,111267,Traditional Investment Managers,0.22,United Kingdom
4121019,Natixis Advisors LLC,4119727,Traditional Investment Managers,0.21,USA
4121019,"ID-Sparinvest, Filial af Sparinvest S.A., Luxembourg",5776820,Traditional Investment Managers,0.21,Denmark
4121019,Vanguard Global Advisers LLC,4337989,Traditional Investment Managers,0.21,USA
4121019,Nordea Investment Management AB,4026994,Traditional Investment Managers,0.21,Sweden
4121019,Vest Financial LLC,4377128,Traditional Investment Managers,0.21,USA
4121019,Grandfield & Dodd LLC,4119339,Traditional Investment Managers,0.2,USA
4121019,RREEF America L.L.C.,4048674,Traditional Investment Managers,0.2,USA
4121019,Schweizerische Nationalbank,4218551,Banks/Investment Banks,0.2,Switzerland
4121019,Invesco Ltd.,103661,Traditional Investment Managers,0.2,USA
4121019,ALPS Advisors Inc.,4143440,Traditional Investment Managers,0.19,USA
4121019,Electron Capital Partners LLC,4425363,Hedge Fund Managers (<5% stake),0.19,USA
4121019,Merrill Lynch Pierce Fenner & Smith Inc.,3006816,Banks/Investment Banks,0.19,USA
4121019,Nomura Asset Management Co. Ltd.,4048507,Traditional Investment Managers,0.18,Japan
4121019,Himension Capital (Singapore) Pte Ltd.,19400125,Traditional Investment Managers,0.18,Singapore
4121019,Edward Jones Trust Co.,1000525,Traditional Investment Managers,0.17,USA
4121019,Assenagon Asset Management S.A.,5805166,Traditional Investment Managers,0.17,Luxembourg
4121019,Raymond James Financial Inc.,102771,Traditional Investment Managers,0.17,USA
4121019,Rhumbline Advisers Ltd Partnership,109968,Traditional Investment Managers,0.17,USA
4121019,SAMA Foreign Holdings,5807369,Sovereign Wealth Funds (<5% stake),0.17,Saudi Arabia
4121019,Pacific Heights Asset Management LLC,4115842,Traditional Investment Managers,0.17,USA
4121019,GWL Investment Management Ltd.,4048184,Traditional Investment Managers,0.17,Canada
4121019,FMR LLC,3000896,Traditional Investment Managers,0.17,USA
4121019,Carson Wealth Management Group,5750365,Traditional Investment Managers,0.17,USA
4121019,RobecoSAM AG,4233855,Traditional Investment Managers,0.17,Switzerland
4121019,First Trust Advisors LP,4033550,Traditional Investment Managers,0.16,USA
4121019,Holocene Advisors LP,4975443,Hedge Fund Managers (<5% stake),0.16,USA
4121019,Citadel Advisors LLC,4252195,Hedge Fund Managers (<5% stake),0.15,USA
4121019,Lord Abbett & Co. LLC,109849,Traditional Investment Managers,0.15,USA
4121019,SG Americas Securities LLC,4092965,Banks/Investment Banks,0.15,USA
4121019,National Bank Investments Inc.,4575993,Traditional Investment Managers,0.14,Canada
4121019,Algert Global LLC,4116616,Hedge Fund Managers (<5% stake),0.14,USA
4121019,Mitsubishi UFJ Asset Management Co. Ltd.,4607441,Traditional Investment Managers,0.14,Japan
4121019,AGF Management Ltd.,4156964,Traditional Investment Managers,0.14,Canada
4121019,Massachusetts Financial Services Company,109763,Traditional Investment Managers,0.14,USA
4121019,NFJ Investment Group LLC,26632854,Traditional Investment Managers,0.13,USA
4121019,Stifel Asset Management Corp.,5774712,Traditional Investment Managers,0.13,USA
4121019,Castle Hook Partners LP,4850159,Hedge Fund Managers (<5% stake),0.12,USA
4121019,BNP Paribas Asset Management Europe,4784107,Traditional Investment Managers,0.12,France
4121019,Gotham Asset Management LLC,4255620,Hedge Fund Managers (<5% stake),0.12,USA
4121019,California State Teachers' Retirement System,4047959,Government Pension Sponsors,0.12,USA
4121019,Amanah Holdings Trust,138320353,Traditional Investment Managers,0.11,#INVALID COMPANY ID
4121019,Squarepoint OPS LLC,4572787,Hedge Fund Managers (<5% stake),0.11,USA
4121019,Sparinvest SA (Luxembourg),4232927,Traditional Investment Managers,0.11,Luxembourg
4121019,Principal Global Investors LLC,4089114,Traditional Investment Managers,0.11,USA
4121019,Quantinno Capital Management LP,11227495,Traditional Investment Managers,0.11,USA
4121019,Davenport & Co LLC,109376,Traditional Investment Managers,0.11,USA
4121019,Hardman Johnston Global Advisors LLC,4028144,Traditional Investment Managers,0.1,USA
4121019,Janus Henderson Group Ltd.,4147331,Traditional Investment Managers,0.1,United Kingdom
4121019,Canada Pension Plan Investment Board,4153483,Government Pension Sponsors,0.1,Canada
4121019,Clifford Swan Investment Counsel LLC,110930,Family Offices/Trusts,0.1,USA
4121019,Schroder Investment Management Ltd.,4249110,Traditional Investment Managers,0.1,United Kingdom
4121019,U.S. Bancorp Asset Management Inc.,4073155,Traditional Investment Managers,0.1,USA
4121019,Aquatic Capital Management LLC,16894363,Hedge Fund Managers (<5% stake),0.09,USA
4121019,Adage Capital Management LP,4081046,Hedge Fund Managers (<5% stake),0.09,USA
4121019,Old National Bancorp,100391,Banks/Investment Banks,0.09,USA
4121019,State Board of Administration of Florida,4046428,Government Pension Sponsors,0.09,USA
4121019,Driehaus Capital Management LLC,111537,Traditional Investment Managers,0.08,USA
4121019,BIT Capital GmbH,20357377,Traditional Investment Managers,0.08,Germany
4121019,Vanguard Asset Management Ltd.,4723508,Traditional Investment Managers,0.08,United Kingdom
4121019,New York State Common Retirement Fund,4043174,Government Pension Sponsors,0.08,USA
4121019,New York State Teachers' Retirement System,4024165,Government Pension Sponsors,0.08,USA
4121019,Old West Investment Management LLC,4230918,Traditional Investment Managers,0.07,USA
4121019,Jerry Kent Masters Jr.,,Individuals/Insiders,0.07,China
4121019,Universal Investment GmbH,4630169,Traditional Investment Managers,0.07,Germany
4121019,Tidal Investments LLC,4338202,Traditional Investment Managers,0.07,USA
4121019,Voya Investment Management LLC,4048215,Traditional Investment Managers,0.07,USA
4121019,Brandywine Global Investment Management LLC,110295,Traditional Investment Managers,0.07,USA
4121019,PDT Partners LLC,4338363,Hedge Fund Managers (<5% stake),0.07,USA
4121019,Wealth High Governance Asset Management Ltda,109480890,Traditional Investment Managers,0.07,Brazil
4121019,State of Wisconsin Investment Board,4022450,Government Pension Sponsors,0.07,USA
4121019,Mariner LLC,4145924,Traditional Investment Managers,0.06,USA
4121019,Victory Capital Management Inc.,110674,Traditional Investment Managers,0.06,USA
4121019,Columbia Management Investment Advisers LLC,109789,Traditional Investment Managers,0.06,USA
4121019,Manulife Asset Management,5747632,Traditional Investment Managers,0.06,Canada
4121019,Global X Management (Aus) Ltd.,8365031,Traditional Investment Managers,0.06,Australia
4121019,STRS Ohio,4138856,Government Pension Sponsors,0.06,USA
4121019,Focus Partners Wealth LLC,4048984,Traditional Investment Managers,0.06,USA
4121019,Dorsey Wright & Associates LLC,4028811,Traditional Investment Managers,0.06,USA
4121019,ZKB Asset Management,5753419,Traditional Investment Managers,0.06,Switzerland
4121019,Allianz Global Investors U.S. LLC,4262519,Traditional Investment Managers,0.05,USA
4121019,Janney Montgomery Scott LLC,109355,Banks/Investment Banks,0.05,USA
4121019,Bank J. Safra Sarasin AG,4138267,Traditional Investment Managers,0.05,Switzerland
4121019,Walleye Capital LLC,5837967,Hedge Fund Managers (<5% stake),0.05,USA
4121019,IEQ Capital LLC,15092837,Traditional Investment Managers,0.05,USA
4121019,Quadrature Capital Limited,5866138,Hedge Fund Managers (<5% stake),0.05,United Kingdom
4121019,Greenline Partners LLC,4338213,Traditional Investment Managers,0.05,USA
4121019,Vontobel Asset Management Inc.,110470,Traditional Investment Managers,0.05,USA
4121019,TD Asset Management Inc.,4093616,Traditional Investment Managers,0.05,Canada
4121019,CTBC Securities Investment Trust Co. Ltd.,4241120,Traditional Investment Managers,0.05,Taiwan
4121019,Chevy Chase Trust Co.,4072617,Traditional Investment Managers,0.05,USA
4121019,PGIM Inc.,4119440,Traditional Investment Managers,0.05,USA
4121019,Brevan Howard Capital Management LP,4338027,Traditional Investment Managers,0.05,Jersey
4121019,Yousif Capital Management LLC,27861143,Traditional Investment Managers,0.05,USA
4121019,Amova Asset Management Co. Ltd.,4107954,,0.05,Japan
4121019,Counterpoint Mutual Funds LLC,4562830,Traditional Investment Managers,0.05,USA
4121019,State Of New Jersey Police And Firemen's Retirement System,15145549,Government Pension Sponsors,0.05,USA
4121019,&Partners LLC,109413,Traditional Investment Managers,0.05,USA
4121019,Argenta Bank- en Verzekeringsgroep nv,4242091,Traditional Investment Managers,0.04,Belgium
4121019,Kadensa Capital Ltd,7830442,Hedge Fund Managers (<5% stake),0.04,Hong Kong
4121019,Frontier Capital Management Co LLC,111287,Traditional Investment Managers,0.04,USA
4121019,Edgestream Partners L.P.,4320624,Hedge Fund Managers (<5% stake),0.04,USA
4121019,North Carolina Department of State Treasurer,7102056,State Owned Shares,0.04,USA
4121019,W. H. Reaves & Co. Inc.,109166,Traditional Investment Managers,0.04,USA
4121019,Cambridge Investment Research Advisors Inc.,4117795,Traditional Investment Managers,0.04,USA
4121019,Morgan Stanley Asia Ltd.,4222061,Traditional Investment Managers,0.04,Hong Kong
4121019,LBBW Asset Management Investment GmbH,4242466,Traditional Investment Managers,0.04,Germany
4121019,ClearArc Capital Inc.,4073490,Traditional Investment Managers,0.04,USA
4121019,NISA Investment Advisors LLC,110752,Traditional Investment Managers,0.04,USA
4121019,Sicart Associates LLC,4830350,Traditional Investment Managers,0.04,USA
4121019,Schonfeld Strategic Advisors LLC,4663442,Hedge Fund Managers (<5% stake),0.04,USA
4121019,BBVA Asset Management S.A. S.G.I.I.C,4138393,Traditional Investment Managers,0.04,Spain
4121019,American Century Investment Management Inc,111074,Traditional Investment Managers,0.04,USA
4121019,Commonwealth Equity Services LLC,4026737,Traditional Investment Managers,0.04,USA
4121019,SAVA INFOND druzba za upravljanje d.o.o.,4139244,Traditional Investment Managers,0.04,Slovenia
4121019,The Bank of Nova Scotia,100521,Traditional Investment Managers,0.04,Canada
4121019,Cetera Investment Advisers LLC,4115973,Traditional Investment Managers,0.04,USA
4121019,Fourth Swedish National Pension Fund (AP4),4140538,Government Pension Sponsors,0.04,Sweden
4121019,Marshall Wace LLP,4135104,Hedge Fund Managers (<5% stake),0.04,United Kingdom
4121019,Hotchkis & Wiley Capital Management LLC,111254,Traditional Investment Managers,0.04,USA
4121019,Cerity Partners LLC,4255907,Traditional Investment Managers,0.04,USA
4121019,RBC Dominion Securities Inc.,4056453,Banks/Investment Banks,0.04,Canada
4121019,BW Gestao de Investimentos Ltda.,4548258,Family Offices/Trusts,0.04,Brazil
4121019,Great Lakes Advisors LLC,111481,Traditional Investment Managers,0.04,USA
4121019,Merchbanc S.A. S.G.I.I.C,5758410,Traditional Investment Managers,0.04,Spain
4121019,Wealth High Governance Capital Ltda.,28702408,Traditional Investment Managers,0.04,Brazil
4121019,Jennison Associates LLC,109844,Traditional Investment Managers,0.04,USA
4121019,Tennessee Department of Treasury,8321131,State Owned Shares,0.04,USA
4121019,Sarasin & Partners LLP,4141040,Traditional Investment Managers,0.04,United Kingdom
4121019,BNY Mellon Advisors Inc.,4118652,Traditional Investment Managers,0.04,USA
4121019,New Jersey Division of Investment,4138462,Government Pension Sponsors,0.03,USA
4121019,Osaic Wealth Inc.,109232,Traditional Investment Managers,0.03,USA
4121019,SCS Capital Management LLC,4119698,Traditional Investment Managers,0.03,USA
4121019,CIBC World Markets Corp.,109323,Banks/Investment Banks,0.03,USA
4121019,Leonteq AG,4773635,Traditional Investment Managers,0.03,Switzerland
4121019,Bedell Frazier Investment Counselling LLC.,4027116,Traditional Investment Managers,0.03,USA
4121019,AXA Investment Managers UK Ltd.,4405395,Traditional Investment Managers,0.03,United Kingdom
4121019,Pinnacle Associates Ltd.,110322,Traditional Investment Managers,0.03,USA
4121019,Acadian Asset Management LLC,110495,Traditional Investment Managers,0.03,USA
4121019,Rockefeller & Co. LLC,4026892,Traditional Investment Managers,0.03,USA
4121019,Eric W. Norris,,Individuals/Insiders,0.03,China
4121019,Strategic Advisers LLC,4102073,Traditional Investment Managers,0.03,USA
4121019,"Federated Hermes, Inc.",110641,Traditional Investment Managers,0.03,USA
4121019,Netha N. Johnson Jr.,,Individuals/Insiders,0.03,China
4121019,PNC Financial Services Group Inc.,100406,Banks/Investment Banks,0.03,USA
4121019,WealthPLAN Partners LLC,4320477,Traditional Investment Managers,0.03,USA
4121019,Cathay Securities Investment Trust Co. LTD,4240614,Traditional Investment Managers,0.03,Taiwan
4121019,Ohio Public Employees Retirement System,4005755,Government Pension Sponsors,0.03,USA
4121019,Niche Asset Management Limited,13969643,Traditional Investment Managers,0.03,United Kingdom
4121019,Engineers Gate Manager LP,4562926,Hedge Fund Managers (<5% stake),0.03,USA
4121019,Moneta Group Investment Advisors LLC,3005846,Family Offices/Trusts,0.03,USA
4121019,Ceská Národní Banka,4235357,State Owned Shares,0.03,Czechia
4121019,Public Sector Pension Investment Board,4150190,Government Pension Sponsors,0.03,Canada
4121019,DJE Kapital AG,4212529,Traditional Investment Managers,0.03,Germany
4121019,Union Investment Management Group,14361979,Traditional Investment Managers,0.03,USA
4121019,Sir Capital Management L.P.,4226407,Hedge Fund Managers (<5% stake),0.03,USA
4121019,Bridgewater Associates LP,111192,Hedge Fund Managers (<5% stake),0.03,USA
4121019,Occidental Asset Management LLC,4413790,Traditional Investment Managers,0.03,USA
4121019,Arizona State Retirement System,4341361,Government Pension Sponsors,0.03,USA
4121019,DNB Asset Management AS,4343973,Traditional Investment Managers,0.03,Norway
4121019,Stanley-Laman Group Ltd.,4118668,Traditional Investment Managers,0.03,USA
4121019,Waratah Capital Advisors Ltd.,4555673,Hedge Fund Managers (<5% stake),0.03,Canada
4121019,New York Life Investment Management LLC,4073190,Traditional Investment Managers,0.03,USA
4121019,The State of Michigan Retirement Systems,5746518,Government Pension Sponsors,0.03,USA
4121019,Fideuram Asset Management Sgr,101449874,Traditional Investment Managers,0.03,Italy
4121019,Old North State Wealth Management LLC,4230756,Traditional Investment Managers,0.03,USA
4121019,Vanguard Investments Australia Ltd.,4138917,Traditional Investment Managers,0.03,Australia
4121019,Sumitomo Mitsui Trust Asset Management Co. Ltd.,4318240,Traditional Investment Managers,0.03,Japan
4121019,Creative Planning LLC,4117421,Traditional Investment Managers,0.02,USA
4121019,Goldman Sachs Towarzystwo Funduszy Inwestycyjnych SA,7786445,Traditional Investment Managers,0.02,Poland
4121019,"Wilmington Trust Company, Banking & Trust Investments",5781500,Banks/Investment Banks,0.02,USA
4121019,Lincoln Financial Investments Corp.,4119651,Traditional Investment Managers,0.02,USA
4121019,Wealth Enhancement Advisory Services LLC,4117722,Traditional Investment Managers,0.02,USA
4121019,Nationwide Fund Advisors,4087052,Traditional Investment Managers,0.02,USA
4121019,Neuberger Berman Investment Advisers LLC,109731,Traditional Investment Managers,0.02,USA
4121019,MetLife Investment Management LLC,4187546,Traditional Investment Managers,0.02,USA
4121019,HANSAINVEST Hanseatische Investment-GmbH,4425813,Traditional Investment Managers,0.02,Germany
4121019,J.P. Morgan Mansart Management Limited,5856158,Traditional Investment Managers,0.02,United Kingdom
4121019,CIBC Asset Management Inc.,4048742,Traditional Investment Managers,0.02,Canada
4121019,KLP Kapitalforvaltning AS,4138888,Traditional Investment Managers,0.02,Norway
4121019,Pennsylvania Public School Employees' Retirement System,4047402,Government Pension Sponsors,0.02,USA
4121019,Legacy Trust,11893276,Family Offices/Trusts,0.02,USA
4121019,BB&T Trust,5743773,Traditional Investment Managers,0.02,USA
4121019,Putnam LLC,26566323,Traditional Investment Managers,0.02,USA
4121019,Mercer Global Advisors Inc.,111511,Traditional Investment Managers,0.02,USA
4121019,Retirement Systems Of Alabama,4138194,Government Pension Sponsors,0.02,USA
4121019,Blue Edge Capital LLC,4388645,Traditional Investment Managers,0.02,USA
4121019,Goldman Sachs Wealth Services LP,4027098,Traditional Investment Managers,0.02,USA
4121019,Jane Street Group LLC,4437851,Traditional Investment Managers,0.02,USA
4121019,HighTower Advisors LLC,4222753,Traditional Investment Managers,0.02,USA
4121019,Corient Private Wealth LP,101288928,Traditional Investment Managers,0.02,USA
4121019,Boston Partners Global Investors Inc.,4158830,Traditional Investment Managers,0.02,USA
4121019,Mml Investors Services LLC Brokerage Investments,5858996,Insurance Companies,0.02,USA
4121019,Independent Advisor Alliance LLC,4421918,Traditional Investment Managers,0.02,USA
4121019,Waverly Advisors LLC,4118104,Traditional Investment Managers,0.02,USA
4121019,Deka Investment GmbH,4137912,Traditional Investment Managers,0.02,Germany
4121019,Portman Square Capital LLP,5813249,Hedge Fund Managers (<5% stake),0.02,United Kingdom
4121019,Quantbot Technologies LP,4280559,Hedge Fund Managers (<5% stake),0.02,USA
4121019,Pinkerton Wealth LLC,4037111,Traditional Investment Managers,0.02,USA
4121019,Scotiabank Global Banking and Markets Asset Management Division,5752951,Traditional Investment Managers,0.02,Canada
4121019,EPIQ Partners LLC,6676879,Traditional Investment Managers,0.02,USA
4121019,Regions Investment Management Inc.,4048459,Traditional Investment Managers,0.02,USA
4121019,Canadian Imperial Bank of Commerce,100515,Banks/Investment Banks,0.02,Canada
4121019,McMillan Office Inc.,4305229,Family Offices/Trusts,0.02,USA
4121019,Neo Ivy Capital Management LLC,7511087,Hedge Fund Managers (<5% stake),0.02,USA
4121019,Knuff & Co. LLC,11227331,Family Offices/Trusts,0.02,USA
4121019,CWA Asset Management Group LLC,4550962,Traditional Investment Managers,0.02,USA
4121019,Ethic Inc.,4669066,Traditional Investment Managers,0.02,USA
4121019,Comerica Bank,1004911,Traditional Investment Managers,0.02,USA
4121019,Amalgamated Bank's Trust & Investment Services Group,5751335,Traditional Investment Managers,0.02,USA
4121019,AHL Partners LLP,4539092,Hedge Fund Managers (<5% stake),0.02,United Kingdom
4121019,Parkway Wealth Management Group LLC,133113002,Traditional Investment Managers,0.02,USA
4121019,Sprott Inc.,4271661,Traditional Investment Managers,0.02,Canada
4121019,Howard Capital Management Inc.,109842,Family Offices/Trusts,0.02,USA
4121019,Howard Capital Management LLC,4049060,Traditional Investment Managers,0.02,USA
4121019,Utah Retirement Systems,4284141,Government Pension Sponsors,0.02,USA
4121019,Donald J. LaBauve Jr.,,Individuals/Insiders,0.02,China
4121019,Equitile Investments Ltd,8307279,Traditional Investment Managers,0.02,United Kingdom
4121019,XTX Markets Ltd.,4853822,Traditional Investment Managers,0.02,United Kingdom
4121019,Wellington Management Group LLP,4579014,Traditional Investment Managers,0.02,USA
4121019,Vanguard Personalized Indexing Management,13980941,Traditional Investment Managers,0.02,USA
4121019,Northwestern Mutual Wealth Management Co.,4054540,Traditional Investment Managers,0.02,USA
4121019,Y-Intercept (Hong Kong) Ltd.,11146742,Traditional Investment Managers,0.02,Hong Kong
4121019,Krane Funds Advisors LLC,4383779,Traditional Investment Managers,0.02,USA
4121019,Woodline Partners LP,13652109,Hedge Fund Managers (<5% stake),0.02,USA
4121019,Intermede Investment Partners Ltd.,5849830,Traditional Investment Managers,0.02,United Kingdom
4121019,Cavalier Investments LLC,4627242,Traditional Investment Managers,0.02,USA
4121019,Blue Capital Inc.,29232093,Family Offices/Trusts,0.02,USA
4121019,O'Shaughnessy Asset Management LLC,4166919,Traditional Investment Managers,0.02,USA
4121019,Wilmington Trust Investment Advisors Inc.,4026952,Traditional Investment Managers,0.02,USA
4121019,Brown Brothers Harriman & Co.,109183,Traditional Investment Managers,0.01,USA
4121019,Impax Asset Management Group Plc,4144879,Traditional Investment Managers,0.01,United Kingdom
4121019,Empowered Funds LLC,4556191,Traditional Investment Managers,0.01,USA
4121019,Voleon Capital Management LP,4251523,Hedge Fund Managers (<5% stake),0.01,USA
4121019,Daiwa Asset Management Co. Ltd.,4137704,Traditional Investment Managers,0.01,Japan
4121019,Kennondale Capital Management LLC,132981299,Traditional Investment Managers,0.01,#INVALID COMPANY ID
4121019,Erste Towarzystwo Funduszy Inwestycyjnych SA,4138111,Traditional Investment Managers,0.01,Poland
4121019,10X Investments (Pty) Ltd,5842278,Traditional Investment Managers,0.01,South Africa
4121019,NEOS Investment Management LLC,106567697,Traditional Investment Managers,0.01,USA
4121019,Sagefield Capital,14945846,Hedge Fund Managers (<5% stake),0.01,USA
4121019,INTECH Investment Management LLC,111528,Traditional Investment Managers,0.01,USA
4121019,La Banque Postale Asset Management,4139945,Traditional Investment Managers,0.01,France
4121019,Cornerstone Planning LLC,23232760,Traditional Investment Managers,0.01,USA
4121019,Eagle Bluffs Wealth Management LLC,19545927,Traditional Investment Managers,0.01,USA
4121019,BNPP Asset Management Holding,13582910,Traditional Investment Managers,0.01,France
4121019,Blackstone Inc.,4157397,VC/PE Firms (<5% stake),0.01,USA
4121019,Nuveen Investments Inc.,102757,Traditional Investment Managers,0.01,USA
4121019,Atria Investments Inc.,4186534,Traditional Investment Managers,0.01,USA
4121019,Entropy Technologies LP,106602149,Traditional Investment Managers,0.01,USA
4121019,Soltis Investment Advisors LLC,4318601,Traditional Investment Managers,0.01,USA
4121019,IHT Wealth Management LLC,4550921,Traditional Investment Managers,0.01,USA
4121019,Meiji Yasuda Life Insurance Co.,4005681,Corporate Pension Sponsors,0.01,Japan
4121019,Mason Street Advisors LLC,4111157,Insurance Companies,0.01,USA
4121019,Three Seasons Wealth,111449096,Family Offices/Trusts,0.01,USA
4121019,DEVK Asset Management GmbH,4420792,Traditional Investment Managers,0.01,Germany
4121019,"Medivalor, A.V. Agencia de Valores, S.A.",7609147,Traditional Investment Managers,0.01,Spain
4121019,JT Stratford LLC,4621949,Traditional Investment Managers,0.01,USA
4121019,Pathstone Family Office LLC,4255945,Family Offices/Trusts,0.01,USA
4121019,ING Bank NV,4092030,Structured Finance Pool Managers,0.01,Netherlands
4121019,Catalyst Funds Management Pty. Ltd.,29586471,Hedge Fund Managers (<5% stake),0.01,Australia
4121019,Healthcare of Ontario Pension Plan Trust Fund,9877883,Government Pension Sponsors,0.01,Canada
4121019,Numeric Investors LLC,110153,Hedge Fund Managers (<5% stake),0.01,USA
4121019,Manning & Napier Advisors LLC,110939,Traditional Investment Managers,0.01,USA
4121019,Caption Management LLC,7384223,Hedge Fund Managers (<5% stake),0.01,USA
4121019,Xponance Inc.,4034531,Traditional Investment Managers,0.01,USA
4121019,Naples Global Advisors LLC,4320250,Traditional Investment Managers,0.01,USA
4121019,Mackenzie Financial Corp.,106960,Traditional Investment Managers,0.01,Canada
4121019,U.S. Capital Wealth Advisors LLC,6516031,Traditional Investment Managers,0.01,USA
4121019,Oregon Public Employees Retirement Fund,4251507,Government Pension Sponsors,0.01,USA
4121019,Cove Private Wealth LLC,101296674,Traditional Investment Managers,0.01,USA
4121019,Smart Money Group LLC,4765418,Traditional Investment Managers,0.01,USA
4121019,Alejandro Daniel Wolff,,Individuals/Insiders,0.01,China
4121019,BNY Mellon ETF Investment Adviser LLC,19342220,Traditional Investment Managers,0.01,USA
4121019,Mary Lauren Brlas,,Individuals/Insiders,0.01,China
4121019,Allstate Investments LLC,6336348,Insurance Companies,0.01,USA
4121019,Caitong International Asset Management Co. Ltd,9337684,Traditional Investment Managers,0.01,Hong Kong
4121019,Resona Asset Management Co. Ltd.,4629378,Traditional Investment Managers,0.01,Japan
4121019,Landscape Capital Management LLC,4538918,Hedge Fund Managers (<5% stake),0.01,USA
4121019,Mutual of America Capital Management LLC,111168,Insurance Companies,0.01,USA
4121019,Creutz & Partners,4138332,Traditional Investment Managers,0.01,Luxembourg
4121019,PERA Colorado,4047991,Government Pension Sponsors,0.01,USA
4121019,Prelude Capital Management LLC,4134726,Hedge Fund Managers (<5% stake),0.01,USA
4121019,Kestra Advisory Services LLC,4679925,Traditional Investment Managers,0.01,USA
4121019,AMJ Financial Wealth Management LLC,11226113,Traditional Investment Managers,0.01,USA
4121019,UniSuper Management Pty. Ltd.,4214610,Traditional Investment Managers,0.01,Australia
4121019,Jacobi Capital Management LLC,4231303,Traditional Investment Managers,0.01,USA
4121019,Summit Trail Advisors LLC,4617168,Traditional Investment Managers,0.01,USA
4121019,Realta Investment Advisors Inc,4186456,Traditional Investment Managers,0.01,USA
4121019,Hershey Financial Advisers LLC,111741106,Traditional Investment Managers,0.01,USA
4121019,Taylor Hoffman Capital Management LLC,20875413,Traditional Investment Managers,0.01,USA
4121019,Great Wall Fund Management Co. Ltd.,4138760,Traditional Investment Managers,0.01,China
4121019,Monetta Financial Services Inc.,111401,Traditional Investment Managers,0.01,USA
4121019,Gerald A. Steiner,,Individuals/Insiders,0.01,China
4121019,First Sentier Investors (Australia) IM Ltd,4135241,Traditional Investment Managers,0.01,Australia
4121019,Teacher Retirement System of Texas,4139256,Government Pension Sponsors,0.01,USA
4121019,Allspring Global Investments LLC,110570,Traditional Investment Managers,0.01,USA
4121019,Alaska Retirement Management Board,4142680,Government Pension Sponsors,0.01,USA
4121019,GuideStone Capital Management LLC,4115935,Traditional Investment Managers,0.01,USA
4121019,Morgan Stanley Investment Management Inc.,109721,Traditional Investment Managers,0.01,USA
4121019,Arkadios Wealth Advisors LLC,7357690,Traditional Investment Managers,0.01,USA
4121019,Koss-Olinger Consulting LLC,4028162,Traditional Investment Managers,0.01,USA
4121019,Regatta Capital Group LLC,4218931,Traditional Investment Managers,0.01,USA
4121019,Peninsula Asset Management Inc,110345,Traditional Investment Managers,0.01,USA
4121019,Money Concepts International Inc.,4216148,Banks/Investment Banks,0.01,USA
4121019,Patton Fund Management Inc.,4117916,Hedge Fund Managers (<5% stake),0.01,USA
4121019,DBX Advisors LLC,4318598,Traditional Investment Managers,0.01,USA
4121019,SunAmerica Asset Management LLC,111097,Traditional Investment Managers,0.01,USA
4121019,Tower Research Capital Europe Limited,5818434,Banks/Investment Banks,0.01,United Kingdom
4121019,Point Windward Advisors Inc.,4119137,Traditional Investment Managers,0.01,USA
4121019,CapFinancial Partners LLC,4585255,Traditional Investment Managers,0.01,USA
4121019,Virginia Retirement System,4020850,Government Pension Sponsors,0.01,USA
4121019,Omega Global Investors Pty Ltd.,4318315,Traditional Investment Managers,0.01,Australia
4121019,Independent Financial Group LLC,4065531,Traditional Investment Managers,0.01,#INVALID COMPANY ID
4121019,Mitsubishi UFJ Asset Management (UK) Ltd.,4164925,Traditional Investment Managers,0.01,United Kingdom
4121019,Symphonia Società di Gestione del Risparmio SpA,5848328,Traditional Investment Managers,0.01,Italy
4121019,Readystate Asset Management LP,101276038,Hedge Fund Managers (<5% stake),0.01,USA
4121019,Level Wealth Management LLC,107552928,Traditional Investment Managers,0.01,USA
4121019,Parrish Capital LLC,120044509,Traditional Investment Managers,0.01,USA
4121019,United Capital Financial Advisors,4146337,Traditional Investment Managers,0.01,USA
4121019,Storebrand Asset Management AS,4336776,Traditional Investment Managers,0.01,Norway
4121019,A Priori Investment Management Llc,10066781,VC/PE Firms (<5% stake),0.01,USA
4121019,Merewether Investment Management LP,10223830,Hedge Fund Managers (<5% stake),0.01,USA
4121019,Eurizon Capital SGR SpA,4324456,Traditional Investment Managers,0.01,Italy
4121019,AIA Investment Management Private Limited,6594844,Traditional Investment Managers,0.01,Singapore
4121019,Triagen Wealth Management LLC,20282675,Traditional Investment Managers,0.01,USA
4121019,Rothschild Investment LLC,109478,Traditional Investment Managers,0.01,USA
4121019,Williamson Legacy Group LLC,105764139,Traditional Investment Managers,0.01,USA
4121019,Natixis SA,4077805,Banks/Investment Banks,0.01,France
4121019,Venerable Investment Advisers LLC,117285549,Hedge Fund Managers (<5% stake),0.01,USA
4121019,Prudent Man Advisors LLC,4037129,Traditional Investment Managers,0.01,USA
4121019,Dean L. Seavers,,Individuals/Insiders,0.01,China
4121019,Teachers' Retirement System of the State of Kentucky,4324992,Government Pension Sponsors,0.01,USA
4121019,Vontobel Asset Management SA,4825704,Traditional Investment Managers,0.01,Luxembourg
4121019,K.J. Harrison & Partners Inc.,4139212,Traditional Investment Managers,0.01,Canada
4121019,Rafferty Asset Management LLC,4037235,Traditional Investment Managers,0.01,USA
4121019,Cpc Advisors LLC,4027228,Traditional Investment Managers,0.01,USA
4121019,Swiss Life Asset Mgmt AG,4140617,Traditional Investment Managers,0.01,Switzerland
4121019,Norway Savings Asset Management Group,5801829,Family Offices/Trusts,0.01,Norway
4121019,Uncommon Cents Investing Inc.,9091776,Traditional Investment Managers,0.01,USA
4121019,NewEdge Advisors LLC,4556217,Traditional Investment Managers,0.01,USA
4121019,Integrated Wealth Concepts LLC,4785392,Traditional Investment Managers,0.01,USA
4121019,Jackson Creek Investment Advisors LLC,20284388,Traditional Investment Managers,0.01,USA
4121019,Northcrest Asset Management LLC,29155540,Traditional Investment Managers,0.01,USA
4121019,Argenta Asset Management NV Luxembourg Branch,4260241,Traditional Investment Managers,0.01,Luxembourg
4121019,Miller Global Investments LLC,10854337,Family Offices/Trusts,0.01,USA
4121019,GAMMA Investing LLC,26480935,Traditional Investment Managers,0.01,USA
4121019,Jones Kertz & Associates Inc.,4027966,Family Offices/Trusts,0.01,USA
4121019,Clear Street LLC,15038624,Banks/Investment Banks,0.01,USA
4121019,Leibman Financial Servces Inc.,108629926,Traditional Investment Managers,0.01,USA
4121019,Advisors Asset Management Inc.,4093038,Traditional Investment Managers,0.01,USA
4121019,SlateStone Wealth LLC,4937201,Traditional Investment Managers,0.01,USA
4121019,Cloverfields Capital Group LP,19863545,Traditional Investment Managers,0.01,USA
4121019,Charter Research & Investment Group Inc.,4119571,Traditional Investment Managers,0.01,USA
4121019,Oppenheimer Asset Management Inc.,110379,Traditional Investment Managers,0.01,USA
4121019,Arax Advisory Partners LLC,4145387,Traditional Investment Managers,0.01,USA
4121019,Universal-Investment-Luxembourg S.A. Niederlassung Frankfurt Am Main,16073228,Traditional Investment Managers,0.01,Germany
4121019,Twin Tree Management LP,4318557,Hedge Fund Managers (<5% stake),0.01,USA
4121019,Convergence Investment Partners LLC,4224273,Traditional Investment Managers,0.01,USA
4121019,Vinva Investment Management Ltd.,4397028,Hedge Fund Managers (<5% stake),0.01,Australia
4121019,Lazard Asset Management LLC,110386,Traditional Investment Managers,0.01,USA
4121019,The Retirement Planning Company of New England Inc.,4036107,Traditional Investment Managers,0.01,USA
4121019,Kovack Advisors Inc.,4118203,Traditional Investment Managers,0.01,USA
4121019,AXQ Capital LP,105908838,Hedge Fund Managers (<5% stake),0.01,USA
4121019,Norinchukin Zenkyoren Asset Management Co. Ltd.,4138513,Traditional Investment Managers,0.01,Japan
4121019,Clare Market Investments LLC,14335977,Traditional Investment Managers,0.01,USA
4121019,Keystone Financial Group LLC,4434810,Traditional Investment Managers,0.01,USA
4121019,Arrow Capital Management Inc.,4612971,Traditional Investment Managers,0.01,Canada
4121019,Aberdeen Group PLC,4145085,Traditional Investment Managers,0.01,United Kingdom
4121019,William Blair Investment Management LLC,4578628,Traditional Investment Managers,0.01,USA
4121019,Cresset Asset Management LLC,7324562,Traditional Investment Managers,0.01,USA
4121019,Diarmuid B. O'Connell,,Individuals/Insiders,0.01,China
4121019,The Glenmede Trust Company NA,4072625,Traditional Investment Managers,0.01,USA
4121019,Roffman Milller Associates Inc,4030178,Traditional Investment Managers,0.01,USA
4121019,The Ameriflex Group Inc.,19727203,Traditional Investment Managers,0.01,USA
4121019,Machina Capital SAS,5884686,Traditional Investment Managers,0.01,France
4121019,Pacer Advisors Inc.,4539004,Traditional Investment Managers,0.01,USA
4121019,Adams Natural Resources Fund Inc.,4783704,Traditional Investment Managers,0.01,USA
4121019,Greenleaf Trust NA,4032621,Traditional Investment Managers,0.01,USA
4121019,Mizuho Financial Group Inc.,4087990,Traditional Investment Managers,0.01,Japan
4121019,Desjardins Global Asset Management Inc.,4226520,Traditional Investment Managers,0.01,Canada
4121019,Inspire Investing LLC,4904663,Traditional Investment Managers,0.01,USA
4121019,Forty Three Eighteen Advisors LLC,117301104,Traditional Investment Managers,0.01,USA
4121019,Wells Fargo Investment Institute Inc.,4118400,Traditional Investment Managers,0.01,USA
4121019,Infrastructure Capital Advisors LLC,4556202,Traditional Investment Managers,0.01,USA
4121019,Compagnie de Gestion Privée du Patrimoine,4245888,Traditional Investment Managers,0.01,France
4121019,Anchor Capital (Pty) Ltd.,5852503,Traditional Investment Managers,0.01,South Africa
4121019,Jordan Park Group LLC,4975164,Traditional Investment Managers,0.01,USA
4121019,Merit Financial Group LLC,4205871,Traditional Investment Managers,0.01,USA
4121019,Meiji Yasuda Asset Management Co. Ltd.,4586390,Traditional Investment Managers,0.01,Japan
4121019,Two Sigma Securities LLC,4254077,Banks/Investment Banks,0.01,USA
4121019,Quent Capital LLC,20114757,Traditional Investment Managers,0.01,USA
4121019,Wilmington Trust NA,1024488,Banks/Investment Banks,0.01,USA
4121019,Fora Capital LLC,19547874,Hedge Fund Managers (<5% stake),0.01,USA
4121019,Leap Investments LP,19110619,Traditional Investment Managers,0.01,USA
4121019,Hartford Investment Management Co.,110221,Traditional Investment Managers,0.01,USA
4121019,Ensign Peak Advisors Inc.,4108901,Traditional Investment Managers,0.01,USA
4121019,La Caisse de dépôt et placement du Québec,110573,Government Pension Sponsors,0.01,Canada
4121019,Drh VermÖGensverwaltung GmbH,6989270,Traditional Investment Managers,0.01,Germany
4121019,Mystic Asset Management Inc.,4537714,Traditional Investment Managers,0.01,USA
4121019,Marex Group Ltd.,4853792,Banks/Investment Banks,0.01,United Kingdom
4121019,Recurrent Investment Advisors LLC,7357269,Traditional Investment Managers,0.01,USA
4121019,AIGEN Investment Management LP,11041042,Hedge Fund Managers (<5% stake),0.01,USA
4121019,Brown Advisory Inc.,4142541,Traditional Investment Managers,0.01,USA
4121019,Davidson Investment Advisors Inc.,110979,Traditional Investment Managers,0.01,USA
4121019,Bosera Asset Management Co. Ltd.,4329445,Traditional Investment Managers,0.01,China
4121019,CoreCommodity Management LLC,4134208,Traditional Investment Managers,0.01,USA
4121019,DZ Bank AG,4142663,Traditional Investment Managers,0.01,Germany
4121019,Laird Norton Tyee Trust Co.,4048290,Family Offices/Trusts,0.01,USA
4121019,BCV Asset Management,4138167,Traditional Investment Managers,0.01,Switzerland
4121019,Boothbay Fund Management LLC,4560909,Hedge Fund Managers (<5% stake),0.01,USA
4121019,amandea Vermögensverwaltung AG,6729479,Traditional Investment Managers,0.01,Germany
4121019,Bovay & Partenaires SA,5848043,Traditional Investment Managers,0.01,Switzerland
4121019,Louisiana State Employees' Retirement System,4142455,Government Pension Sponsors,0.01,USA
4121019,Thematica SA,9313998,Traditional Investment Managers,0.01,Switzerland
4121019,Park Avenue Securities LLC,4057426,Traditional Investment Managers,0.01,USA
4121019,Glenda J. Minor,,Individuals/Insiders,0.01,China
4121019,Maryland State Retirement and Pension System,4646668,Government Pension Sponsors,0,USA
4121019,Kristin Buchholz Coleman,,Individuals/Insiders,0,China
4121019,Focus Partners Advisor Solutions LLC,4134418,Traditional Investment Managers,0,USA
4121019,Wealthfront Corp.,13486437,Traditional Investment Managers,0,USA
4121019,Mark R. Mummert,,Individuals/Insiders,0,China
4121019,Benjamin Edwards Inc.,4247410,Traditional Investment Managers,0,USA
4121019,Concurrent Investment Advisors LLC,20208578,Traditional Investment Managers,0,USA
4121019,KeyBank NA,1007545,Banks/Investment Banks,0,USA
4121019,AMF Capital AG,4546465,Traditional Investment Managers,0,Germany
4121019,Sierra Summit Advisors LLC,113607650,Family Offices/Trusts,0,USA
4121019,KCM Investment Advisors LLC,4035145,Traditional Investment Managers,0,USA
4121019,WESPAC Advisors LLC,4034609,Traditional Investment Managers,0,USA
4121019,New Mexico Educational Retirement Board,4048488,Government Pension Sponsors,0,USA
4121019,James J. O’Brien,,Individuals/Insiders,0,China
4351204,Mark Gareth Creasy,,Individuals/Insiders,8.88,China
4351204,Fidelity International Ltd.,4020980,Traditional Investment Managers,8.5,Bermuda
4351204,State Street Global Advisors Inc.,110652,Traditional Investment Managers,7.08,USA
4351204,Ausbil Investment Management Ltd.,4565421,Traditional Investment Managers,5.27,Australia
4351204,Ubique Asset Management Pty Ltd,5824704,Traditional Investment Managers,4.98,Australia
4351204,BlackRock Inc.,4048287,Traditional Investment Managers,4.29,USA
4351204,Norges Bank Investment Management,4138467,Sovereign Wealth Funds (<5% stake),3.98,Norway
4351204,Schroder Investment Management Ltd.,4249110,Traditional Investment Managers,3.63,United Kingdom
4351204,Vanguard Capital Management LLC,137764443,Traditional Investment Managers,2.56,USA
4351204,Dimensional Fund Advisors LP,111289,Traditional Investment Managers,2.4,USA
4351204,Vanguard Investments Australia Ltd.,4138917,Traditional Investment Managers,2,Australia
4351204,Fraserx PTY Ltd.,4565289,Corporations (Private),1.78,Australia
4351204,Nt-Comnwlth Super Corp,4549009,Traditional Investment Managers,0.9,Australia
4351204,Vanguard Fiduciary Trust Co.,5752504,Traditional Investment Managers,0.79,USA
4351204,Mirae Asset Global Investments Co. Ltd.,4256114,Traditional Investment Managers,0.64,South Korea
4351204,BetaShares Capital Ltd.,4578944,Traditional Investment Managers,0.61,Australia
4351204,GWL Investment Management Ltd.,4048184,Traditional Investment Managers,0.55,Canada
4351204,Argo Investments Ltd.,4137841,Traditional Investment Managers,0.52,Australia
4351204,Australian Super Pty Ltd,4757367,Government Pension Sponsors,0.52,Australia
4351204,RBC Global Asset Management Inc.,4281265,Traditional Investment Managers,0.48,Canada
4351204,Van Eck Associates Corp.,109888,Traditional Investment Managers,0.45,USA
4351204,ALPS Advisors Inc.,4143440,Traditional Investment Managers,0.42,USA
4351204,Charles Schwab Investment Management Inc.,4048695,Traditional Investment Managers,0.29,USA
4351204,Perth Select Seafoods Pty Ltd,4396123,Corporations (Private),0.26,Australia
4351204,Vanguard Asset Management Ltd.,4723508,Traditional Investment Managers,0.24,United Kingdom
4351204,Kenneth Joseph Hall,,Individuals/Insiders,0.21,China
4351204,Argenta Bank- en Verzekeringsgroep nv,4242091,Traditional Investment Managers,0.2,Belgium
4351204,First Samuel Ltd.,4338788,Traditional Investment Managers,0.19,Australia
4351204,AQR Capital Management LLC,4119538,Hedge Fund Managers (<5% stake),0.18,USA
4351204,Netwealth Investments Ltd.,4212945,Traditional Investment Managers,0.17,Australia
4351204,T. Rowe Price Group Inc.,4055767,Traditional Investment Managers,0.16,USA
4351204,Farjoy Pty Ltd.,4396007,Family Offices/Trusts,0.16,Australia
4351204,Amundi Asset Management SAS,4026948,Traditional Investment Managers,0.14,France
4351204,Geode Capital Management LLC,4119759,Traditional Investment Managers,0.14,USA
4351204,Wilson Asset Management (International) P,4139656,Traditional Investment Managers,0.14,Australia
4351204,Goldman Sachs Asset Management LP,110587,Traditional Investment Managers,0.11,USA
4351204,Grantham Mayo Van Otterloo & Co. LLC,110399,Traditional Investment Managers,0.1,USA
4351204,Wellington Management Group LLP,4579014,Traditional Investment Managers,0.1,USA
4351204,Smartshares Ltd.,4139976,Traditional Investment Managers,0.08,New Zealand
4351204,Northern Trust Global Investments,4272373,Traditional Investment Managers,0.07,United Kingdom
4351204,Bessemer Investment Management LLC,4118993,Traditional Investment Managers,0.07,USA
4351204,GuideStone Capital Management LLC,4115935,Traditional Investment Managers,0.07,USA
4351204,Teachers Insurance and Annuity Association-College Retirement Equities Fund,4270330,Traditional Investment Managers,0.07,USA
4351204,Milford Asset Management LTD,4211891,Traditional Investment Managers,0.06,New Zealand
4351204,Macquarie Investment Management Global Ltd.,4654230,Traditional Investment Managers,0.06,Australia
4351204,American Century Investment Management Inc,111074,Traditional Investment Managers,0.06,USA
4351204,Aberdeen Group PLC,4145085,Traditional Investment Managers,0.06,United Kingdom
4351204,Legal & General Investment Management Ltd.,4139862,Traditional Investment Managers,0.05,United Kingdom
4351204,Royal London Asset Management Ltd.,4138770,Traditional Investment Managers,0.05,United Kingdom
4351204,Ivan Vella,,Individuals/Insiders,0.04,China
4351204,Russell Investment Management Ltd.,4279122,Traditional Investment Managers,0.04,Australia
4351204,Niche Asset Management Limited,13969643,Traditional Investment Managers,0.04,United Kingdom
4351204,Argenta Asset Management NV Luxembourg Branch,4260241,Traditional Investment Managers,0.03,Luxembourg
4351204,Vanguard Global Advisers LLC,4337989,Traditional Investment Managers,0.03,USA
4351204,Krane Funds Advisors LLC,4383779,Traditional Investment Managers,0.02,USA
4351204,HSBC Global Asset Management (UK) Ltd.,4115698,Traditional Investment Managers,0.02,United Kingdom
4351204,KLP Kapitalforvaltning AS,4138888,Traditional Investment Managers,0.02,Norway
4351204,Michael Peter J. Nossal,,Individuals/Insiders,0.01,China
4351204,AllianceBernstein LP,109806,Traditional Investment Managers,0.01,USA
4351204,Invesco Capital Management LLC,4117611,Traditional Investment Managers,0.01,USA
4351204,ProShare Advisors LLC,4153606,Traditional Investment Managers,0.01,USA
4351204,LGPS Central Limited,7108293,VC/PE Firms (<5% stake),0.01,United Kingdom
4351204,HSBC Global Asset Management (Hong Kong) Ltd.,4100281,Traditional Investment Managers,0.01,Hong Kong
4351204,New York Life Investment Management LLC,4073190,Traditional Investment Managers,0.01,USA
4351204,UBS Asset Management AG,4674815,Traditional Investment Managers,0.01,Switzerland
4351204,Connor Clark & Lunn Investment Management Ltd.,4035990,Traditional Investment Managers,0.01,Canada
4351204,Kathryn Barker,,Individuals/Insiders,0.01,China
4351204,CoreCommodity Management LLC,4134208,Traditional Investment Managers,0.01,USA
4351204,Manulife Asset Management,5747632,Traditional Investment Managers,0.01,Canada
4351204,Canada Life Investment Management Ltd.,27584974,Traditional Investment Managers,0.01,Canada
4351204,Seligson & Co Rahastoyhtio Oy,4140042,Traditional Investment Managers,0.01,Finland
4351204,AXA Investment Managers UK Ltd.,4405395,Traditional Investment Managers,0.01,United Kingdom
4351204,Pacific Investment Management Co. LLC,109687,Traditional Investment Managers,0.01,USA
4351204,Debra Anne Bakker,,Individuals/Insiders,0.01,China
4351204,Global X Management (Aus) Ltd.,8365031,Traditional Investment Managers,0.01,Australia
4351204,First Trust Advisors LP,4033550,Traditional Investment Managers,0,USA
4351204,Franklin Resources Inc.,102719,Traditional Investment Managers,0,USA
4351204,Point Capital Group AG,14976855,Traditional Investment Managers,0,Switzerland
4351204,JP Morgan Asset Management,110092,Traditional Investment Managers,0,USA
4351204,Forsyth Barr Investment Management Ltd,5797434,Traditional Investment Managers,0,New Zealand
4351204,Keith William Spence,,Individuals/Insiders,0,China
4351204,HOLD Fund Management Ltd.,19942471,Traditional Investment Managers,0,Norway
4351204,Zurich Invest Bank AG,6337027,Traditional Investment Managers,0,Switzerland
4351204,Samantha Louise Hogg,,Individuals/Insiders,0,China
4351204,Dean Stuart Jenkins,,Individuals/Insiders,0,China
4351204,Themes Management Co.,112247511,Traditional Investment Managers,0,USA
4351204,Vanessa Ann Guthrie,,Individuals/Insiders,0,China
4351204,Mercer Global Investments Europe Limited,5759394,Traditional Investment Managers,0,Ireland
4351204,Kathleen Bozanic,,Individuals/Insiders,0,China
4351204,Mondrian Investment Partners Ltd.,110427,Traditional Investment Managers,0,United Kingdom
4351204,Xiaoping Yang,,Individuals/Insiders,0,China
4351204,Green Arrow Capital SGR SpA,5745911,VC/PE Firms (<5% stake),0,Italy
4351204,Vident Asset Management,4556203,Traditional Investment Managers,0,USA
4351204,Massachusetts Financial Services Company,109763,Traditional Investment Managers,0,USA
4351204,Acadian Asset Management LLC,110495,Traditional Investment Managers,0,USA
4351204,Towarzystwo Funduszy Inwestycyjnych PZU SA,4378744,Traditional Investment Managers,0,Poland
4351204,Justin Osborne,,Individuals/Insiders,0,China
4351204,Aviva Investors Global Services Ltd.,4376121,Traditional Investment Managers,0,United Kingdom
4351204,Eaton Vance Management,109754,Traditional Investment Managers,0,USA
4351204,Deutsche Asset & Wealth Management,111219,Traditional Investment Managers,0,USA
4351204,UOB Asset Management Ltd.,4139629,Traditional Investment Managers,0,Singapore
4351204,Numeric Investors LLC,110153,Hedge Fund Managers (<5% stake),0,USA
4351204,Anima SGR SpA,4137693,Traditional Investment Managers,0,Italy
4351204,Thrivent Investment Management Inc.,4102247,Traditional Investment Managers,0,USA
4351204,Nomura Asset Management Co. Ltd.,4048507,Traditional Investment Managers,0,Japan
4351204,Global X Japan Co. Ltd.,20326442,Traditional Investment Managers,0,#INVALID COMPANY ID
4351204,Tracey Jane Arlaud,,Individuals/Insiders,0,China
4351204,Marcelo Hubmeyer de Almeida Bastos,,Individuals/Insiders,0,China
4351204,Tidal Investments LLC,4338202,Traditional Investment Managers,0,USA
4351204,Vanguard Group Inc.,109776,Traditional Investment Managers,0,USA
4351204,AXA Investment Managers SA,4144380,Traditional Investment Managers,0,France
4351204,Capital Investment Trust Corp.,4225018,Traditional Investment Managers,0,Taiwan
4365897,Chengdu Tianqi Industry Group Co. Ltd.,4357834,Corporations (Private),24.33,China
4365897,Weiping Jiang,,Individuals/Insiders,4.01,China
4365897,Hong Kong Exchanges and Clearing Ltd.,4322619,Banks/Investment Banks,3.98,Hong Kong
4365897,HSBC Global Asset Management (UK) Ltd.,4115698,Traditional Investment Managers,3.11,United Kingdom
4365897,China Securities Finance Corporation Ltd.,4416934,Banks/Investment Banks,1.63,China
4365897,JPMorgan Chase & Co.,100201,Banks/Investment Banks,1.06,USA
4365897,Huatai-PineBridge Fund Management Co. Ltd.,4345275,Traditional Investment Managers,1,China
4365897,UBS Asset Management AG,4674815,Traditional Investment Managers,0.96,Switzerland
4365897,Pacific Asset Management Co. Ltd.,4562690,Traditional Investment Managers,0.85,China
4365897,Harvest Fund Management Co. Ltd.,4140486,Traditional Investment Managers,0.72,China
4365897,E Fund Management Co. Ltd.,4137681,Traditional Investment Managers,0.71,China
4365897,LG Chem Ltd.,4336566,Corporations (Public),0.65,South Korea
4365897,Jane Street Group LLC,4437851,Traditional Investment Managers,0.61,USA
4365897,Vanguard Capital Management LLC,137764443,Traditional Investment Managers,0.59,USA
4365897,China Southern Asset Management Co. Ltd.,4435100,Traditional Investment Managers,0.58,China
4365897,China Asset Management Co. Ltd.,4139271,Traditional Investment Managers,0.54,China
4365897,Orient Fund Management Co. Ltd.,4138631,Traditional Investment Managers,0.44,China
4365897,Greenwoods Asset Management Ltd.,4135197,Hedge Fund Managers (<5% stake),0.42,China
4365897,China Universal Asset Management Co. Ltd.,9020942,Traditional Investment Managers,0.4,China
4365897,CITIC Fund Management Co. Ltd.,4140115,Traditional Investment Managers,0.39,China
4365897,Morgan Stanley,103042,Banks/Investment Banks,0.38,USA
4365897,Mirae Asset Global Investments Co. Ltd.,4256114,Traditional Investment Managers,0.38,South Korea
4365897,GF Fund Management Co. Ltd.,4138625,Traditional Investment Managers,0.35,China
4365897,Fullgoal Fund Management Co. Ltd.,4137668,Traditional Investment Managers,0.35,China
4365897,Guotai Asset Mgmt Co. Ltd.,4138799,Traditional Investment Managers,0.33,China
4365897,BlackRock Inc.,4048287,Traditional Investment Managers,0.3,USA
4365897,Candriam Société En Commandite Par Actions,4578989,Traditional Investment Managers,0.22,Luxembourg
4365897,ICBC Credit Suisse Fund Management Co. Ltd.,4139311,Traditional Investment Managers,0.22,China
4365897,Shanghai Orient Securities Asset Management Co. Ltd.,5812793,Traditional Investment Managers,0.2,China
4365897,JP Morgan Asset Management,110092,Traditional Investment Managers,0.18,USA
4365897,First-Trust Fund Management Co. Ltd.,4140536,Traditional Investment Managers,0.18,China
4365897,Millennium Management LLC,4135463,Hedge Fund Managers (<5% stake),0.17,USA
4365897,Vanguard Fiduciary Trust Co.,5752504,Traditional Investment Managers,0.16,USA
4365897,Barclays Bank PLC,4041196,Banks/Investment Banks,0.15,United Kingdom
4365897,"Gfund Management Co., Ltd.",6520584,Traditional Investment Managers,0.13,China
4365897,Penghua Fund Management Co. Ltd.,4345260,Traditional Investment Managers,0.13,China
4365897,HuaAn Fund Management Company Ltd.,4138661,Traditional Investment Managers,0.12,China
4365897,Dimensional Fund Advisors LP,111289,Traditional Investment Managers,0.12,USA
4365897,Mackenzie Financial Corp.,106960,Traditional Investment Managers,0.1,Canada
4365897,Bosera Asset Management Co. Ltd.,4329445,Traditional Investment Managers,0.09,China
4365897,China Merchants Fund Management Co. Ltd.,4325258,Traditional Investment Managers,0.09,China
4365897,Ping An UOB Fund Management Co. Ltd.,4556995,Traditional Investment Managers,0.08,China
4365897,Tianhong Asset Management Co. Ltd.,4345965,Traditional Investment Managers,0.08,China
4365897,ALPS Advisors Inc.,4143440,Traditional Investment Managers,0.06,USA
4365897,CITIC-Prudential Fund Management Company Ltd.,4345966,Traditional Investment Managers,0.06,China
4365897,Bank of Communications Schroder Fund Management Co. Ltd.,4137941,Traditional Investment Managers,0.06,China
4365897,Tibet Eastmoney Fund Management Co.Ltd.,20057752,Traditional Investment Managers,0.06,China
4365897,Causeway Capital Management LLC,4095848,Traditional Investment Managers,0.06,USA
4365897,Amundi Asset Management SAS,4026948,Traditional Investment Managers,0.06,France
4365897,GWL Investment Management Ltd.,4048184,Traditional Investment Managers,0.05,Canada
4365897,Zhonghai Fund Management Co. Ltd.,4345268,Traditional Investment Managers,0.05,China
4365897,"Truvalue Asset Management Co.,Ltd.",5866754,Traditional Investment Managers,0.05,China
4365897,Baillie Gifford & Co.,4026973,Traditional Investment Managers,0.05,United Kingdom
4365897,Lion Fund Management Co. Ltd.,4139789,Traditional Investment Managers,0.05,China
4365897,Changjiang Securities(shanghai)Asset Management Co.Ltd.,5866758,Traditional Investment Managers,0.04,China
4365897,State Street Global Advisors Inc.,110652,Traditional Investment Managers,0.04,USA
4365897,SWS MU Fund Management Co. Ltd.,4139950,Traditional Investment Managers,0.04,China
4365897,Invesco Great Wall Fund Management Co. Ltd,5762318,Traditional Investment Managers,0.04,China
4365897,Rongtong Fund Management Co. Ltd.,4139739,Traditional Investment Managers,0.04,China
4365897,Hwabao WP Fund Management Co. Ltd.,4137720,Traditional Investment Managers,0.04,China
4365897,Bank of Communications Schroder Asset Management Co. Ltd.,5879924,Traditional Investment Managers,0.03,China
4365897,China Asset Management (Hong Kong) Ltd.,4388745,Traditional Investment Managers,0.03,Hong Kong
4365897,Yinhua Fund Management Co. Ltd.,4139415,Traditional Investment Managers,0.03,China
4365897,Wanjia Asset Management Co. Ltd.,4606392,Traditional Investment Managers,0.03,China
4365897,Geode Capital Management LLC,4119759,Traditional Investment Managers,0.03,USA
4365897,Dacheng Fund Management Co. Ltd.,4137754,Traditional Investment Managers,0.03,China
4365897,Wei Guo,,Individuals/Insiders,0.03,China
4365897,DBX Advisors LLC,4318598,Traditional Investment Managers,0.03,USA
4365897,New China Fund Management Co. Ltd.,4345262,Traditional Investment Managers,0.03,China
4365897,CITIC Securities Asset Management (HK) Ltd.,5806591,Traditional Investment Managers,0.02,Hong Kong
4365897,Charles Schwab Investment Management Inc.,4048695,Traditional Investment Managers,0.02,USA
4365897,Baoying Fund Management Co. Ltd.,4138088,Traditional Investment Managers,0.02,China
4365897,CTBC Securities Investment Trust Co. Ltd.,4241120,Traditional Investment Managers,0.02,Taiwan
4365897,Peng Yang Fund Management Co. Ltd.,11183019,Traditional Investment Managers,0.02,China
4365897,Vanguard Asset Management Ltd.,4723508,Traditional Investment Managers,0.02,United Kingdom
4365897,"Goldstate Capital Fund Management Co., Ltd.",5777425,Traditional Investment Managers,0.02,China
4365897,Northern Trust Global Investments,4272373,Traditional Investment Managers,0.02,United Kingdom
4365897,Neuberger Berman Fund management (China) Co. Ltd.,106535824,Traditional Investment Managers,0.02,#INVALID COMPANY ID
4365897,Strategic Advisers LLC,4102073,Traditional Investment Managers,0.02,USA
4365897,IG Investment Management Ltd.,4005523,Traditional Investment Managers,0.02,Canada
4365897,Matthews International Capital Management LLC,110787,Traditional Investment Managers,0.02,USA
4365897,Taikang Fund Management Co. Ltd.,109523595,Traditional Investment Managers,0.02,China
4365897,Eurizon Capital SGR SpA,4324456,Traditional Investment Managers,0.02,Italy
4365897,Norges Bank Investment Management,4138467,Sovereign Wealth Funds (<5% stake),0.02,Norway
4365897,First State Cinda Fund Management Co. Ltd.,4368709,Traditional Investment Managers,0.02,China
4365897,China Universal Fund Management Co. Ltd.,27663277,Traditional Investment Managers,0.02,#INVALID COMPANY ID
4365897,Tidal Investments LLC,4338202,Traditional Investment Managers,0.01,USA
4365897,Goldman Sachs Asset Management LP,110587,Traditional Investment Managers,0.01,USA
4365897,Deutsche Asset & Wealth Management,111219,Traditional Investment Managers,0.01,USA
4365897,Soochow Asset Management Co. Ltd.,4139902,Traditional Investment Managers,0.01,China
4365897,Fidelity Fund Management (China) Co. Ltd.,108500939,Traditional Investment Managers,0.01,China
4365897,WisdomTree Asset Management Inc.,4145691,Traditional Investment Managers,0.01,USA
4365897,Franklin Resources Inc.,102719,Traditional Investment Managers,0.01,USA
4365897,Mercer Global Investments Europe Limited,5759394,Traditional Investment Managers,0.01,Ireland
4365897,Taikang Asset Management Co. Ltd.,4436408,Traditional Investment Managers,0.01,China
4365897,Essence Fund Management Co. Ltd,5837129,Traditional Investment Managers,0.01,China
4365897,Changsheng Fund Management Co. Ltd.,4311270,Traditional Investment Managers,0.01,China
4365897,CCB Principal Asset Management Co. Ltd.,4138221,Traditional Investment Managers,0.01,China
4365897,BetaShares Capital Ltd.,4578944,Traditional Investment Managers,0.01,Australia
4365897,HFT Investment Management Co. Ltd. (Group,4784142,Traditional Investment Managers,0.01,China
4365897,CPIC Fund Management Co. Ltd.,4379197,Traditional Investment Managers,0.01,China
4365897,UBS SDIC Fund Management Co. Ltd.,4417406,Traditional Investment Managers,0.01,China
4365897,CSOP Asset Management Ltd.,4408592,Traditional Investment Managers,0.01,Hong Kong
4365897,Founder Fubon Fund Management Co. Ltd.,4336717,Traditional Investment Managers,0.01,China
4365897,"First Seafront Fund Management Co., Ltd",5851125,Traditional Investment Managers,0.01,China
4365897,Minsheng Royal Fund Management Co. Ltd.,4316799,Traditional Investment Managers,0.01,China
4365897,Huafu Fund Management Co. Ltd.,4138775,Traditional Investment Managers,0.01,China
4365897,Legal & General Investment Management Ltd.,4139862,Traditional Investment Managers,0.01,United Kingdom
4365897,China Life AMP Asset Management Co. Ltd.,4559567,Traditional Investment Managers,0.01,China
4365897,Fuanda Fund Management Co. Ltd.,5823548,Traditional Investment Managers,0.01,China
4365897,Acadian Asset Management LLC,110495,Traditional Investment Managers,0.01,USA
4365897,Aberdeen Group PLC,4145085,Traditional Investment Managers,0.01,United Kingdom
4365897,Krane Funds Advisors LLC,4383779,Traditional Investment Managers,0.01,USA
4365897,Capital Investment Trust Corp.,4225018,Traditional Investment Managers,0.01,Taiwan
4365897,Invesco Capital Management LLC,4117611,Traditional Investment Managers,0.01,USA
4365897,Principal Global Investors LLC,4089114,Traditional Investment Managers,0,USA
4365897,Western Leadbank Fund Management Co. Ltd.,4890277,Traditional Investment Managers,0,China
4365897,Teachers Insurance and Annuity Association-College Retirement Equities Fund,4270330,Traditional Investment Managers,0,USA
4365897,Bank of Beijing Scotiabank Asset Management Co. Ltd.,4396635,Traditional Investment Managers,0,China
4365897,Fidelity International Ltd.,4020980,Traditional Investment Managers,0,Bermuda
4365897,ABC-CA Fund Management Co. Ltd.,4316929,Traditional Investment Managers,0,China
4365897,BOCI-Prudential Asset Management Ltd.,4138118,Traditional Investment Managers,0,Hong Kong
4365897,Great Wall Fund Management Co. Ltd.,4138760,Traditional Investment Managers,0,China
4365897,SEI Investments Co.,102729,Traditional Investment Managers,0,USA
4365897,ICBC UBS Asset Management (International) Company Ltd.,4641730,Traditional Investment Managers,0,Hong Kong
4365897,Mitsubishi UFJ Asset Management Co. Ltd.,4607441,Traditional Investment Managers,0,Japan
4365897,AllianceBernstein LP,109806,Traditional Investment Managers,0,USA
4365897,Citic Securities Co. Ltd.,4290440,Banks/Investment Banks,0,China
4365897,Straits Investment Management Pte. Ltd.,14821347,Traditional Investment Managers,0,Singapore
4365897,ProShare Advisors LLC,4153606,Traditional Investment Managers,0,USA
4365897,Aviva Investors Global Services Ltd.,4376121,Traditional Investment Managers,0,United Kingdom
4365897,Springs Fund Management Co.Ltd.,108037678,Traditional Investment Managers,0,China
4365897,"Hongta Hotland Asset Management Co., Ltd.",5841553,Traditional Investment Managers,0,China
4365897,BNP Paribas Asset Management Europe,4784107,Traditional Investment Managers,0,France
4365897,BMO Asset Management Corp.,109988,Traditional Investment Managers,0,USA
4365897,Van Eck Associates Corp.,109888,Traditional Investment Managers,0,USA
4365897,Bank of China Investment Management Co. Ltd.,4137999,Traditional Investment Managers,0,China
4365897,Guolian Fund Management Company Ltd.,4878959,Traditional Investment Managers,0,China
4365897,Neuberger Berman Investment Advisers LLC,109731,Traditional Investment Managers,0,USA
4365897,PICC Asset Management Co. Ltd.,4341872,Traditional Investment Managers,0,China
4365897,CIBC Asset Management Inc.,4048742,Traditional Investment Managers,0,Canada
4365897,Broad Asset Management Co. Ltd.,15012201,Traditional Investment Managers,0,China
4365897,First Trust Advisors LP,4033550,Traditional Investment Managers,0,USA
4365897,Pictet Asset Management Ltd.,111267,Traditional Investment Managers,0,United Kingdom
4365897,Vanguard Investments Australia Ltd.,4138917,Traditional Investment Managers,0,Australia
4365897,Huisheng Fund Management Co. Ltd.,106158792,Traditional Investment Managers,0,China
4365897,Maxwealth Fund Management Co. Ltd.,4536183,Traditional Investment Managers,0,China
4365897,Hongde Fund Management Co. Ltd.,5877799,Traditional Investment Managers,0,China
4365897,"Yimin Asset Management Co., Ltd.",4345969,Traditional Investment Managers,0,China
4365897,"Zhong Ou Fund Management Co., Ltd",5860959,Traditional Investment Managers,0,China
4365897,Numeric Investors LLC,110153,Hedge Fund Managers (<5% stake),0,USA
4365897,BNY Asset Management,4057506,Traditional Investment Managers,0,USA
4365897,Danske Bank A/S,4080954,Traditional Investment Managers,0,Denmark
4365897,Galaxy Asset Management Co. Ltd.,4138761,Traditional Investment Managers,0,China
4365897,Eaton Vance Management,109754,Traditional Investment Managers,0,USA
4365897,Themes Management Co.,112247511,Traditional Investment Managers,0,USA
4365897,Global X Management (Aus) Ltd.,8365031,Traditional Investment Managers,0,Australia
4365897,KLP Kapitalforvaltning AS,4138888,Traditional Investment Managers,0,Norway
4365897,Keywise Capital Management (HK) Ltd.,4288829,Hedge Fund Managers (<5% stake),0,Hong Kong
4365897,Amova Asset Management Co. Ltd.,4107954,,0,Japan
4365897,Invesco Hong Kong Ltd.,4120029,Traditional Investment Managers,0,Hong Kong
4365897,Sumitomo Mitsui Trust Asset Management Co. Ltd.,4318240,Traditional Investment Managers,0,Japan
4365897,Pacific Investment Management Co. LLC,109687,Traditional Investment Managers,0,USA
4365897,Caitong Fund Management,4548312,Traditional Investment Managers,0,China
4365897,Manulife Asset Management,5747632,Traditional Investment Managers,0,Canada
4365897,KBC Asset Management NV,4111901,Traditional Investment Managers,0,Belgium
4365897,Degroof Petercam Asset Management,4377155,Traditional Investment Managers,0,Belgium
4365897,CIB Fund Management Co. Ltd,4404664,Traditional Investment Managers,0,China
4365897,MultiConcept Fund Management S.A.,5760837,Traditional Investment Managers,0,Luxembourg
4365897,Zhongtai Securities (Shanghai) Asset Management Co.Ltd.,5855481,Traditional Investment Managers,0,China
4365897,Voya Investment Management LLC,4048215,Traditional Investment Managers,0,USA
4365897,Focusbridge Investments Ltd.,15102002,Traditional Investment Managers,0,China
4365897,RBC Global Asset Management Inc.,4281265,Traditional Investment Managers,0,Canada
4365897,China Post & Capital Fund Management Co. Ltd.,4322244,Traditional Investment Managers,0,China
4365897,Allianz Asset Management GmbH,4208127,Traditional Investment Managers,0,Germany
4365897,Harding Loevner LP,110879,Traditional Investment Managers,0,USA
4365897,Security Kapitalanlage AG,4140057,Traditional Investment Managers,0,Austria
4365897,Tongtai Fund Management Co. Ltd.,19438254,Traditional Investment Managers,0,China
4365897,Swiss Life Asset Mgmt AG,4140617,Traditional Investment Managers,0,Switzerland
4365897,China Fund Management Co. Ltd.,5868824,Traditional Investment Managers,0,China
4365897,Lazard Asset Management LLC,110386,Traditional Investment Managers,0,USA
4365897,Guodu Securities Co.Ltd.,4297985,Traditional Investment Managers,0,China
4365897,BNPP Asset Management Holding,13582910,Traditional Investment Managers,0,France
4365897,AXA SPDB Investment Managers Co. Ltd.,4332537,Traditional Investment Managers,0,China
4365897,BOSC Asset Management Ltd.,4553770,Traditional Investment Managers,0,China
4365897,Hang Seng Investment Management Ltd.,4138797,Traditional Investment Managers,0,Hong Kong
4365897,Franklin Templeton Sealand Fund Management Co. Ltd.,4550448,Traditional Investment Managers,0,China
4365897,Resona Asset Management Co. Ltd.,4629378,Traditional Investment Managers,0,Japan
4365897,BlackRock Fund Management Ltd.,107988050,Traditional Investment Managers,0,China
4365897,SunAmerica Asset Management LLC,111097,Traditional Investment Managers,0,USA
4365897,1832 Asset Management LP,4248288,Traditional Investment Managers,0,Canada
4365897,"AVIC Fund Management Co., Ltd.",5880770,Traditional Investment Managers,0,China
4365897,Russell Investment Management LLC,111359,Traditional Investment Managers,0,USA
4365897,Nissay Asset Management Corp.,4116134,Traditional Investment Managers,0,Japan
4365897,China International Capital Corp. Ltd.,4138232,Banks/Investment Banks,0,China
4365897,Horizon Asset Management Co. Ltd.,5883563,Traditional Investment Managers,0,China
4365897,China Merchants Securities Asset Management Co. Ltd.,4669111,Traditional Investment Managers,0,China
4365897,Everbright Pramerica Fund Management Co.,4137684,,0,China
4365897,Dongxing Asset Management Co. Ltd.,29518821,Traditional Investment Managers,0,China
4365897,HSBC Jintrust Fund Management Co. Ltd.,4820048,Traditional Investment Managers,0,China
4365897,USCF Advisers LLC,4560796,Traditional Investment Managers,0,USA
4365897,BOC International (China) Co. Ltd.,4315032,Traditional Investment Managers,0,China
4365897,Lincoln Financial Investments Corp.,4119651,Traditional Investment Managers,0,USA
4365897,Qianhai Alliance Asset Management,8364410,Traditional Investment Managers,0,China
4365897,BNY Mellon ETF Investment Adviser LLC,19342220,Traditional Investment Managers,0,USA
4365897,Vanguard Group Inc.,109776,Traditional Investment Managers,0,USA
4365897,Jane Street Capital LLC,4110759,Banks/Investment Banks,0,USA
4365897,CICC Fund Management Co. Ltd.,4677331,Traditional Investment Managers,-0.89,China
7941731,A10 Investimentos Ltda.,5843451,VC/PE Firms (>5% stake),42.86,Brazil
7941731,Van Eck Associates Corp.,109888,Traditional Investment Managers,5.1,USA
7941731,Legal & General Investment Management Ltd.,4139862,Traditional Investment Managers,2.46,United Kingdom
7941731,Point72 Asset Management LP,4677902,Hedge Fund Managers (<5% stake),2.22,USA
7941731,BlackRock Inc.,4048287,Traditional Investment Managers,2.12,USA
7941731,D.E. Shaw & Co. LP,109290,Hedge Fund Managers (<5% stake),2.1,USA
7941731,Mirae Asset Global Investments Co. Ltd.,4256114,Traditional Investment Managers,1.95,South Korea
7941731,Millennium Management LLC,4135463,Hedge Fund Managers (<5% stake),1.63,USA
7941731,Rosewill Bay Ltd.,110337608,Corporations (Private),1.51,Brazil
7941731,Handelsbanken Asset Management,4140470,Traditional Investment Managers,1.34,Sweden
7941731,Damask Inc.,108756067,Corporations (Private),1.3,Brazil
7941731,Morgan Stanley,103042,Banks/Investment Banks,1.27,USA
7941731,Jane Street Group LLC,4437851,Traditional Investment Managers,1.2,USA
7941731,Konwave AG (Gold 2000),4139331,Traditional Investment Managers,1.1,Switzerland
7941731,GWL Investment Management Ltd.,4048184,Traditional Investment Managers,1.08,Canada
7941731,Balyasny Asset Management LP,4134300,Hedge Fund Managers (<5% stake),0.79,USA
7941731,Citadel Advisors LLC,4252195,Hedge Fund Managers (<5% stake),0.73,USA
7941731,Invesco Capital Management LLC,4117611,Traditional Investment Managers,0.59,USA
7941731,Ana Cabral-Gardner,,Individuals/Insiders,0.5,China
7941731,State Street Global Advisors Inc.,110652,Traditional Investment Managers,0.45,USA
7941731,ALPS Advisors Inc.,4143440,Traditional Investment Managers,0.39,USA
7941731,Sir Capital Management L.P.,4226407,Hedge Fund Managers (<5% stake),0.37,USA
7941731,BW Gestao de Investimentos Ltda.,4548258,Family Offices/Trusts,0.33,Brazil
7941731,Rothschild & Cie Gestion,4139846,Traditional Investment Managers,0.33,France
7941731,Baker Steel Capital Managers LLP,4138136,Hedge Fund Managers (<5% stake),0.32,United Kingdom
7941731,Susquehanna International Group LLP,4112715,Traditional Investment Managers,0.3,USA
7941731,Ariose Capital Management Ltd,5872618,Hedge Fund Managers (<5% stake),0.28,Hong Kong
7941731,Itaú Unibanco Holding SA,4047336,Traditional Investment Managers,0.27,Brazil
7941731,Commodity Capital AG,4548989,Traditional Investment Managers,0.27,Switzerland
7941731,Waratah Capital Advisors Ltd.,4555673,Hedge Fund Managers (<5% stake),0.24,Canada
7941731,UBS Asset Management AG,4674815,Traditional Investment Managers,0.24,Switzerland
7941731,Barclays PLC,114508,Banks/Investment Banks,0.24,United Kingdom
7941731,First Trust Advisors LP,4033550,Traditional Investment Managers,0.23,USA
7941731,Caitong International Asset Management Co. Ltd,9337684,Traditional Investment Managers,0.23,Hong Kong
7941731,Hudson River Trading LLC,4383268,Banks/Investment Banks,0.22,USA
7941731,Manulife Asset Management,5747632,Traditional Investment Managers,0.22,Canada
7941731,Lighthouse Investment Partners LLC,4134253,Hedge Fund Managers (<5% stake),0.21,USA
7941731,Commonwealth Equity Services LLC,4026737,Traditional Investment Managers,0.18,USA
7941731,Bank of America Corp.,100369,Banks/Investment Banks,0.17,USA
7941731,IMC Trading BV,4540115,Banks/Investment Banks,0.17,Netherlands
7941731,CQS (UK) LLP,4135083,Hedge Fund Managers (<5% stake),0.16,United Kingdom
7941731,Schonfeld Strategic Advisors LLC,4663442,Hedge Fund Managers (<5% stake),0.14,USA
7941731,Geode Capital Management LLC,4119759,Traditional Investment Managers,0.13,USA
7941731,Two Sigma Investments LP,4110297,Hedge Fund Managers (<5% stake),0.12,USA
7941731,SG Americas Securities LLC,4092965,Banks/Investment Banks,0.12,USA
7941731,Global X Management (Aus) Ltd.,8365031,Traditional Investment Managers,0.12,Australia
7941731,XTX Markets Ltd.,4853822,Traditional Investment Managers,0.12,United Kingdom
7941731,Cannell & Spears LLC,4158201,Traditional Investment Managers,0.11,USA
7941731,Simplex Trading LLC,4282430,Traditional Investment Managers,0.1,USA
7941731,Northern Trust Global Investments,4272373,Traditional Investment Managers,0.1,United Kingdom
7941731,Thematica SA,9313998,Traditional Investment Managers,0.09,Switzerland
7941731,Goldman Sachs Group Inc.,4039450,Traditional Investment Managers,0.09,USA
7941731,Merrill Lynch Pierce Fenner & Smith Inc.,3006816,Banks/Investment Banks,0.09,USA
7941731,Keystone Investors Pte. Ltd.,101502023,Hedge Fund Managers (<5% stake),0.08,Singapore
7941731,Marshall Wace LLP,4135104,Hedge Fund Managers (<5% stake),0.07,United Kingdom
7941731,Santander Distribuidora de Títulos E Valores Mobiliários SA,4429113,Traditional Investment Managers,0.07,Brazil
7941731,Pictet Asset Management Ltd.,111267,Traditional Investment Managers,0.06,United Kingdom
7941731,Aberdeen Group PLC,4145085,Traditional Investment Managers,0.06,United Kingdom
7941731,Alexandre Rodrigues Cabral,,Individuals/Insiders,0.06,China
7941731,BCV Asset Management,4138167,Traditional Investment Managers,0.05,Switzerland
7941731,Turim Investimentos Ltda.,5810300,Family Offices/Trusts,0.04,Brazil
7941731,Teachers Insurance and Annuity Association-College Retirement Equities Fund,4270330,Traditional Investment Managers,0.04,USA
7941731,Fédération des caisses Desjardins du Québec,4169610,Traditional Investment Managers,0.04,Canada
7941731,Pinpoint Asset Management (Singapore) Pte. Ltd.,28791761,Hedge Fund Managers (<5% stake),0.04,Singapore
7941731,American Century Investment Management Inc,111074,Traditional Investment Managers,0.04,USA
7941731,ProShare Advisors LLC,4153606,Traditional Investment Managers,0.03,USA
7941731,Junaid Jafar,,Individuals/Insiders,0.03,China
7941731,Entropy Technologies LP,106602149,Traditional Investment Managers,0.03,USA
7941731,Engineers Gate Manager LP,4562926,Hedge Fund Managers (<5% stake),0.03,USA
7941731,BNP Paribas Financial Markets SNC,4310789,Traditional Investment Managers,0.02,France
7941731,Goldman Sachs Asset Management LP,110587,Traditional Investment Managers,0.02,USA
7941731,Two Sigma Securities LLC,4254077,Banks/Investment Banks,0.02,USA
7941731,The Toronto-Dominion Bank,100519,Traditional Investment Managers,0.02,Canada
7941731,BNP Paribas Securities Corp.,109247,Banks/Investment Banks,0.02,USA
7941731,Walleye Capital LLC,5837967,Hedge Fund Managers (<5% stake),0.02,USA
7941731,Banor Capital Ltd.,5813336,Traditional Investment Managers,0.02,United Kingdom
7941731,Jonathan Roberts Advisory Group Inc.,4118161,Traditional Investment Managers,0.02,USA
7941731,Leap Investments LP,19110619,Traditional Investment Managers,0.02,USA
7941731,AllianceBernstein LP,109806,Traditional Investment Managers,0.01,USA
7941731,Inscription Capital LLC,10451143,Traditional Investment Managers,0.01,USA
7941731,Barclays Bank PLC,4041196,Banks/Investment Banks,0.01,United Kingdom
7941731,LPL Financial LLC,4026057,Traditional Investment Managers,0.01,USA
7941731,Black Maple Capital Management LP,4419077,Hedge Fund Managers (<5% stake),0.01,USA
7941731,Bayesian Capital Management LP,5872727,Traditional Investment Managers,0.01,USA
7941731,FNY Investment Advisers LLC,10621023,Hedge Fund Managers (<5% stake),0.01,USA
7941731,MAI Capital Management LLC,4116022,Traditional Investment Managers,0.01,USA
7941731,Amundi Asset Management SAS,4026948,Traditional Investment Managers,0.01,France
7941731,Ohio Public Employees Retirement System,4005755,Government Pension Sponsors,0.01,USA
7941731,Jump Trading LLC,4093415,Traditional Investment Managers,0.01,USA
7941731,Deutsche Asset & Wealth Management,111219,Traditional Investment Managers,0.01,USA
7941731,Tidal Investments LLC,4338202,Traditional Investment Managers,0.01,USA
7941731,Schroder Investment Management Ltd.,4249110,Traditional Investment Managers,0.01,United Kingdom
7941731,Allworth Financial L.P.,4186450,Traditional Investment Managers,0,USA
7941731,HSBC Global Asset Management (UK) Ltd.,4115698,Traditional Investment Managers,0,United Kingdom
7941731,JPMorgan Chase & Co.,100201,Banks/Investment Banks,0,USA
7941731,RBC Dominion Securities Inc.,4056453,Banks/Investment Banks,0,Canada
7941731,Themes Management Co.,112247511,Traditional Investment Managers,0,USA
7941731,The Huntington Trust Company NA,110116,Traditional Investment Managers,0,USA
7941731,SBI Holdings Inc.,4253405,Traditional Investment Managers,0,Japan
7941731,GAMMA Investing LLC,26480935,Traditional Investment Managers,0,USA
7941731,BB Gestão de Recursos - Distribuidora de Títulos e Valores Mobiliários SA,4407080,Traditional Investment Managers,0,Brazil
7941731,Atlantic Union Bankshares Corp.,100575,Banks/Investment Banks,0,USA
7941731,RBC Rochdale LLC,4055176,Traditional Investment Managers,0,USA
7941731,RoseCap Investment Advisors LLC,12399618,Traditional Investment Managers,0,USA
7941731,Wells Fargo & Co.,100382,Banks/Investment Banks,0,USA
7941731,Rockefeller & Co. LLC,4026892,Traditional Investment Managers,0,USA
7941731,Eaton Vance Management,109754,Traditional Investment Managers,0,USA
7941731,Royal Bank of Canada,100522,Banks/Investment Banks,0,Canada
7941731,Osaic Wealth Inc.,109232,Traditional Investment Managers,0,USA
7941731,Geneos Wealth Management Inc.,4086018,Traditional Investment Managers,0,USA
7941731,NFSG Corp.,4205285,Traditional Investment Managers,0,USA
7941731,Edward Jones Trust Co.,1000525,Traditional Investment Managers,0,USA
7941731,Union Investment Management Group,14361979,Traditional Investment Managers,0,USA
7941731,Smartleaf Asset Management LLC,4585350,Traditional Investment Managers,0,USA
7941731,Rhumbline Advisers Ltd Partnership,109968,Traditional Investment Managers,0,USA
7941731,Decker Retirement Planning Inc.,9273784,Family Offices/Trusts,0,USA
7941731,Flax Pond Capital LLC,109783856,Family Offices/Trusts,0,USA
7941731,Cornerstone Financial Management LLC,116253511,Traditional Investment Managers,0,USA
7941731,Parallel Advisors LLC,4186766,Traditional Investment Managers,0,USA
7941731,Daycoval Asset Management Administração de Recursos Ltda.,4420079,Hedge Fund Managers (<5% stake),0,Brazil
7941731,Investors Portfolio Services LLC,28670823,Traditional Investment Managers,0,USA
7941731,Advisory Services Network LLC,4283691,Traditional Investment Managers,0,USA
7941731,Advocates Wealth Planning,4146001,Traditional Investment Managers,0,USA
7941731,Encompass Capital Advisors LLC,4315040,Hedge Fund Managers (<5% stake),0,USA
7941731,Electron Capital Partners LLC,4425363,Hedge Fund Managers (<5% stake),0,USA
7941731,Virtu Financial Inc.,4435552,Banks/Investment Banks,0,USA
7941731,Kingswood Wealth Advisors LLC,7325735,Traditional Investment Managers,0,USA
7941731,Symmetry Investments LP,5849854,Hedge Fund Managers (<5% stake),0,Cayman Islands
7941731,"Headlands Tech Holdings, LLC",15017834,Traditional Investment Managers,0,USA
7941731,State Of New Jersey Police And Firemen's Retirement System,15145549,Government Pension Sponsors,0,USA
7941731,Farther Finance Advisors LLC,19067849,Family Offices/Trusts,0,USA
7941731,BNPP Asset Management Holding,13582910,Traditional Investment Managers,0,France
7941731,"Massar Capital Management, LP",10610394,Hedge Fund Managers (<5% stake),0,USA
7941731,National Bank Investments Inc.,4575993,Traditional Investment Managers,0,Canada
7941731,BetaShares Capital Ltd.,4578944,Traditional Investment Managers,0,Australia
7941731,Boothbay Fund Management LLC,4560909,Hedge Fund Managers (<5% stake),0,USA
7941731,Tower Research Capital Europe Limited,5818434,Banks/Investment Banks,0,United Kingdom
7941731,Dymon Asia Private Equity (Singapore) Pte. Ltd.,5821144,VC/PE Firms (<5% stake),0,Singapore
7941731,Jordan Park Group LLC,4975164,Traditional Investment Managers,0,USA
7941731,Marcelo Freire de Paiva,,Individuals/Insiders,0,China
7941731,Physician Wealth Advisors Inc.,4034293,Traditional Investment Managers,0,USA
7941731,IG Investment Management Ltd.,4005523,Traditional Investment Managers,0,Canada
7941731,Nomura Holdings Inc.,4085931,Traditional Investment Managers,0,Japan
7941731,Perigon Wealth Management LLC,4116602,Traditional Investment Managers,0,USA
7941731,Scopia Capital Management LP,4119283,Hedge Fund Managers (<5% stake),0,USA
7941731,Levin Capital Strategies L.P.,4120142,Traditional Investment Managers,0,USA
7941731,GF Fund Management Co. Ltd.,4138625,Traditional Investment Managers,0,China
7941731,AXA Investment Managers SA,4144380,Traditional Investment Managers,0,France
7941731,Fourthought Financial Partners LLC.,108075480,Traditional Investment Managers,0,USA
7941731,Canada Life Investment Management Ltd.,27584974,Traditional Investment Managers,0,Canada
7941731,Creekmur Asset Management LLC,19859253,Family Offices/Trusts,0,USA
7941731,Polymer Capital Management (HK) Ltd.,19930468,Hedge Fund Managers (<5% stake),0,Hong Kong
7941731,Jain Global LLC,114228265,Hedge Fund Managers (<5% stake),0,USA
7941731,Blackstone Inc.,4157397,VC/PE Firms (<5% stake),-0.02,USA
7941731,Connor Clark & Lunn Investment Management Ltd.,4035990,Traditional Investment Managers,-0.03,Canada
7941731,Arrowstreet Capital Ltd. Partnership,4049161,Traditional Investment Managers,-1.29,USA
4991303,Youngy Investment Holding Group Co.Ltd.,7141900,Corporations (Private),24.63,China
4991303,Hong Kong Exchanges and Clearing Ltd.,4322619,Banks/Investment Banks,3.76,Hong Kong
4991303,Changhong Zhang,,Individuals/Insiders,1.42,China
4991303,China Southern Asset Management Co. Ltd.,4435100,Traditional Investment Managers,0.74,China
4991303,First-Trust Fund Management Co. Ltd.,4140536,Traditional Investment Managers,0.61,China
4991303,UBS Asset Management AG,4674815,Traditional Investment Managers,0.58,Switzerland
4991303,Wen Hui Zhu,,Individuals/Insiders,0.49,China
4991303,China Asset Management Co. Ltd.,4139271,Traditional Investment Managers,0.43,China
4991303,Penghua Fund Management Co. Ltd.,4345260,Traditional Investment Managers,0.41,China
4991303,China Universal Asset Management Co. Ltd.,9020942,Traditional Investment Managers,0.41,China
4991303,Fullgoal Fund Management Co. Ltd.,4137668,Traditional Investment Managers,0.4,China
4991303,Guozhong Jiang,,Individuals/Insiders,0.38,China
4991303,ChangAn Fund Management Co.Ltd,5826475,Traditional Investment Managers,0.37,China
4991303,GF Fund Management Co. Ltd.,4138625,Traditional Investment Managers,0.34,China
4991303,Xiang-Yang Lu,,Individuals/Insiders,0.27,China
4991303,Harvest Fund Management Co. Ltd.,4140486,Traditional Investment Managers,0.22,China
4991303,GWL Investment Management Ltd.,4048184,Traditional Investment Managers,0.22,Canada
4991303,Vanguard Capital Management LLC,137764443,Traditional Investment Managers,0.21,USA
4991303,"Gfund Management Co., Ltd.",6520584,Traditional Investment Managers,0.16,China
4991303,Huatai-PineBridge Fund Management Co. Ltd.,4345275,Traditional Investment Managers,0.13,China
4991303,Dimensional Fund Advisors LP,111289,Traditional Investment Managers,0.08,USA
4991303,Vanguard Fiduciary Trust Co.,5752504,Traditional Investment Managers,0.06,USA
4991303,HuaAn Fund Management Company Ltd.,4138661,Traditional Investment Managers,0.04,China
4991303,Wanjia Asset Management Co. Ltd.,4606392,Traditional Investment Managers,0.04,China
4991303,China Post & Capital Fund Management Co. Ltd.,4322244,Traditional Investment Managers,0.04,China
4991303,ICBC Credit Suisse Fund Management Co. Ltd.,4139311,Traditional Investment Managers,0.04,China
4991303,E Fund Management Co. Ltd.,4137681,Traditional Investment Managers,0.03,China
4991303,Mirae Asset Global Investments Co. Ltd.,4256114,Traditional Investment Managers,0.02,South Korea
4991303,Chang Xin Asset Management Corp. Ltd.,4345964,Traditional Investment Managers,0.02,China
4991303,Hwabao WP Fund Management Co. Ltd.,4137720,Traditional Investment Managers,0.02,China
4991303,State Street Global Advisors Inc.,110652,Traditional Investment Managers,0.02,USA
4991303,"Zhong Ou Fund Management Co., Ltd",5860959,Traditional Investment Managers,0.01,China
4991303,"Truvalue Asset Management Co.,Ltd.",5866754,Traditional Investment Managers,0.01,China
4991303,Charles Schwab Investment Management Inc.,4048695,Traditional Investment Managers,0.01,USA
4991303,Broad Asset Management Co. Ltd.,15012201,Traditional Investment Managers,0.01,China
4991303,Huafu Fund Management Co. Ltd.,4138775,Traditional Investment Managers,0.01,China
4991303,Bank of Beijing Scotiabank Asset Management Co. Ltd.,4396635,Traditional Investment Managers,0.01,China
4991303,Guotai Asset Mgmt Co. Ltd.,4138799,Traditional Investment Managers,0.01,China
4991303,JP Morgan Asset Management,110092,Traditional Investment Managers,0.01,USA
4991303,Tianhong Asset Management Co. Ltd.,4345965,Traditional Investment Managers,0.01,China
4991303,Krane Funds Advisors LLC,4383779,Traditional Investment Managers,0.01,USA
4991303,Western Leadbank Fund Management Co. Ltd.,4890277,Traditional Investment Managers,0,China
4991303,Vanguard Asset Management Ltd.,4723508,Traditional Investment Managers,0,United Kingdom
4991303,Franklin Resources Inc.,102719,Traditional Investment Managers,0,USA
4991303,CPIC Fund Management Co. Ltd.,4379197,Traditional Investment Managers,0,China
4991303,Huashang Fund Management Co. Ltd.,7059915,Traditional Investment Managers,0,China
4991303,Legal & General Investment Management Ltd.,4139862,Traditional Investment Managers,0,United Kingdom
4991303,Xin Yuan Asset Management Co.,4557386,Traditional Investment Managers,0,China
4991303,Themes Management Co.,112247511,Traditional Investment Managers,0,USA
4991303,BlackRock Inc.,4048287,Traditional Investment Managers,0,USA
4991303,Jia Xiaohui,,Individuals/Insiders,0,China
4991303,Minsheng Royal Fund Management Co. Ltd.,4316799,Traditional Investment Managers,0,China
4991303,Orient Fund Management Co. Ltd.,4138631,Traditional Investment Managers,0,China
4991303,SWS MU Fund Management Co. Ltd.,4139950,Traditional Investment Managers,0,China
4991303,Ping An UOB Fund Management Co. Ltd.,4556995,Traditional Investment Managers,0,China
4991303,Invesco Great Wall Fund Management Co. Ltd,5762318,Traditional Investment Managers,0,China
4991303,ABC-CA Fund Management Co. Ltd.,4316929,Traditional Investment Managers,0,China
4991303,BlackRock Fund Management Ltd.,107988050,Traditional Investment Managers,0,China
4991303,Bosera Asset Management Co. Ltd.,4329445,Traditional Investment Managers,0,China
4991303,Yinhua Fund Management Co. Ltd.,4139415,Traditional Investment Managers,0,China
4991303,First State Cinda Fund Management Co. Ltd.,4368709,Traditional Investment Managers,0,China
4991303,Vanguard Group Inc.,109776,Traditional Investment Managers,0,USA
4986961,Rong Zheng,,Individuals/Insiders,10.28,China
4986961,Ting Zhang,,Individuals/Insiders,3.66,China
4986961,National Council for Social Security Fund,4303210,Sovereign Wealth Funds (<5% stake),2.9,China
4986961,Invesco Great Wall Fund Management Co. Ltd,5762318,Traditional Investment Managers,2.06,China
4986961,Bosera Asset Management Co. Ltd.,4329445,Traditional Investment Managers,1.22,China
4986961,Harvest Fund Management Co. Ltd.,4140486,Traditional Investment Managers,1.12,China
4986961,China Asset Management Co. Ltd.,4139271,Traditional Investment Managers,0.98,China
4986961,China Southern Asset Management Co. Ltd.,4435100,Traditional Investment Managers,0.92,China
4986961,Fan Jianmin,,Individuals/Insiders,0.92,China
4986961,Kuwait Investment Authority,4055370,Sovereign Wealth Funds (<5% stake),0.88,Kuwait
4986961,"Sichuan Yahua Industrial Group Co., Ltd., ESOP",5882970,ESOP,0.87,China
4986961,Fullgoal Fund Management Co. Ltd.,4137668,Traditional Investment Managers,0.77,China
4986961,Hwabao WP Fund Management Co. Ltd.,4137720,Traditional Investment Managers,0.75,China
4986961,Chong Sheng Wang,,Individuals/Insiders,0.72,China
4986961,GF Fund Management Co. Ltd.,4138625,Traditional Investment Managers,0.71,China
4986961,China Life Asset Management Company Ltd.,4236979,Traditional Investment Managers,0.68,China
4986961,First-Trust Fund Management Co. Ltd.,4140536,Traditional Investment Managers,0.63,China
4986961,Guotai Asset Mgmt Co. Ltd.,4138799,Traditional Investment Managers,0.6,China
4986961,Franklin Templeton Sealand Fund Management Co. Ltd.,4550448,Traditional Investment Managers,0.43,China
4986961,Xin Gao,,Individuals/Insiders,0.38,China
4986961,Orient Fund Management Co. Ltd.,4138631,Traditional Investment Managers,0.24,China
4986961,New China Fund Management Co. Ltd.,4345262,Traditional Investment Managers,0.22,China
4986961,Vanguard Capital Management LLC,137764443,Traditional Investment Managers,0.21,USA
4986961,First State Cinda Fund Management Co. Ltd.,4368709,Traditional Investment Managers,0.2,China
4986961,CCB Principal Asset Management Co. Ltd.,4138221,Traditional Investment Managers,0.19,China
4986961,Western Leadbank Fund Management Co. Ltd.,4890277,Traditional Investment Managers,0.18,China
4986961,"Gfund Management Co., Ltd.",6520584,Traditional Investment Managers,0.16,China
4986961,Yan Meng,,Individuals/Insiders,0.14,China
4986961,CITIC-Prudential Fund Management Company Ltd.,4345966,Traditional Investment Managers,0.13,China
4986961,Ping An UOB Fund Management Co. Ltd.,4556995,Traditional Investment Managers,0.12,China
4986961,Huatai-PineBridge Fund Management Co. Ltd.,4345275,Traditional Investment Managers,0.12,China
4986961,GWL Investment Management Ltd.,4048184,Traditional Investment Managers,0.11,Canada
4986961,Penghua Fund Management Co. Ltd.,4345260,Traditional Investment Managers,0.1,China
4986961,China Universal Asset Management Co. Ltd.,9020942,Traditional Investment Managers,0.1,China
4986961,Baoying Fund Management Co. Ltd.,4138088,Traditional Investment Managers,0.09,China
4986961,China Life AMP Asset Management Co. Ltd.,4559567,Traditional Investment Managers,0.08,China
4986961,Dimensional Fund Advisors LP,111289,Traditional Investment Managers,0.08,USA
4986961,ICBC Credit Suisse Fund Management Co. Ltd.,4139311,Traditional Investment Managers,0.08,China
4986961,Kexiang Mou,,Individuals/Insiders,0.08,China
4986961,Xiaoqi Yue,,Individuals/Insiders,0.08,China
4986961,Soochow Asset Management Co. Ltd.,4139902,Traditional Investment Managers,0.07,China
4986961,Tianhong Asset Management Co. Ltd.,4345965,Traditional Investment Managers,0.07,China
4986961,Xiongying Zhai,,Individuals/Insiders,0.07,China
4986961,Changjiang Securities(shanghai)Asset Management Co.Ltd.,5866758,Traditional Investment Managers,0.07,China
4986961,Yinhua Fund Management Co. Ltd.,4139415,Traditional Investment Managers,0.06,China
4986961,Vanguard Fiduciary Trust Co.,5752504,Traditional Investment Managers,0.06,USA
4986961,E Fund Management Co. Ltd.,4137681,Traditional Investment Managers,0.06,China
4986961,Tian Ming Dou,,Individuals/Insiders,0.06,China
4986961,Qing Yang,,Individuals/Insiders,0.06,China
4986961,ChangAn Fund Management Co.Ltd,5826475,Traditional Investment Managers,0.06,China
4986961,Great Wall Fund Management Co. Ltd.,4138760,Traditional Investment Managers,0.06,China
4986961,Tebon Fund Management Co. Ltd.,4608579,Traditional Investment Managers,0.06,China
4986961,Wanjia Asset Management Co. Ltd.,4606392,Traditional Investment Managers,0.05,China
4986961,Galaxy Asset Management Co. Ltd.,4138761,Traditional Investment Managers,0.05,China
4986961,China Post & Capital Fund Management Co. Ltd.,4322244,Traditional Investment Managers,0.05,China
4986961,Hui Lin,,Individuals/Insiders,0.04,China
4986961,Hong Wen Zhang,,Individuals/Insiders,0.04,China
4986961,Zhonghai Fund Management Co. Ltd.,4345268,Traditional Investment Managers,0.04,China
4986961,"Truvalue Asset Management Co.,Ltd.",5866754,Traditional Investment Managers,0.03,China
4986961,Jing Bin,,Individuals/Insiders,0.03,China
4986961,Changsheng Fund Management Co. Ltd.,4311270,Traditional Investment Managers,0.03,China
4986961,Caitong Fund Management,4548312,Traditional Investment Managers,0.03,China
4986961,Taikang Fund Management Co. Ltd.,109523595,Traditional Investment Managers,0.03,China
4986961,Yuanqiang Liang,,Individuals/Insiders,0.02,China
4986961,HuaAn Fund Management Company Ltd.,4138661,Traditional Investment Managers,0.02,China
4986961,Peng Yang Fund Management Co. Ltd.,11183019,Traditional Investment Managers,0.02,China
4986961,Shanghai Orient Securities Asset Management Co. Ltd.,5812793,Traditional Investment Managers,0.02,China
4986961,Dacheng Fund Management Co. Ltd.,4137754,Traditional Investment Managers,0.02,China
4986961,Chang Xin Asset Management Corp. Ltd.,4345964,Traditional Investment Managers,0.01,China
4986961,BlackRock Inc.,4048287,Traditional Investment Managers,0.01,USA
4986961,Broad Asset Management Co. Ltd.,15012201,Traditional Investment Managers,0.01,China
4986961,Huafu Fund Management Co. Ltd.,4138775,Traditional Investment Managers,0.01,China
4986961,Green Fund Management Co. Ltd.,11220187,Traditional Investment Managers,0.01,China
4986961,"Zhong Ou Fund Management Co., Ltd",5860959,Traditional Investment Managers,0.01,China
4986961,Mirae Asset Global Investments Co. Ltd.,4256114,Traditional Investment Managers,0.01,South Korea
4986961,China Fund Management Co. Ltd.,5868824,Traditional Investment Managers,0.01,China
4986961,AXA SPDB Investment Managers Co. Ltd.,4332537,Traditional Investment Managers,0.01,China
4986961,UBS SDIC Fund Management Co. Ltd.,4417406,Traditional Investment Managers,0.01,China
4986961,Taiping Fund Management Co. Ltd.,4954984,Traditional Investment Managers,0.01,China
4986961,Charles Schwab Investment Management Inc.,4048695,Traditional Investment Managers,0.01,USA
4986961,SEI Investments Co.,102729,Traditional Investment Managers,0.01,USA
4986961,Fidelity International Ltd.,4020980,Traditional Investment Managers,0.01,Bermuda
4986961,SWS MU Fund Management Co. Ltd.,4139950,Traditional Investment Managers,0.01,China
4986961,Franklin Resources Inc.,102719,Traditional Investment Managers,0.01,USA
4986961,ICBC UBS Asset Management (International) Company Ltd.,4641730,Traditional Investment Managers,0.01,Hong Kong
4986961,Shanghai Guotai Junan Securities Asset Management Co. Ltd.,4592065,Traditional Investment Managers,0,China
4986961,ProShare Advisors LLC,4153606,Traditional Investment Managers,0,USA
4986961,HSBC Global Asset Management (UK) Ltd.,4115698,Traditional Investment Managers,0,United Kingdom
4986961,Vanguard Asset Management Ltd.,4723508,Traditional Investment Managers,0,United Kingdom
4986961,Hongde Fund Management Co. Ltd.,5877799,Traditional Investment Managers,0,China
4986961,State Street Global Advisors Inc.,110652,Traditional Investment Managers,0,USA
4986961,Legal & General Investment Management Ltd.,4139862,Traditional Investment Managers,0,United Kingdom
4986961,Focusbridge Investments Ltd.,15102002,Traditional Investment Managers,0,China
4986961,Xingyin Fund Management Co. Ltd.,7731166,Traditional Investment Managers,0,China
4986961,Essence Fund Management Co. Ltd,5837129,Traditional Investment Managers,0,China
4986961,Fuanda Fund Management Co. Ltd.,5823548,Traditional Investment Managers,0,China
4986961,Rongtong Fund Management Co. Ltd.,4139739,Traditional Investment Managers,0,China
4986961,Global X Management (Aus) Ltd.,8365031,Traditional Investment Managers,0,Australia
4986961,China Merchants Fund Management Co. Ltd.,4325258,Traditional Investment Managers,0,China
4986961,Themes Management Co.,112247511,Traditional Investment Managers,0,USA
4986961,CICC Fund Management Co. Ltd.,4677331,Traditional Investment Managers,0,China
4986961,Bank of Communications Schroder Fund Management Co. Ltd.,4137941,Traditional Investment Managers,0,China
4986961,Minsheng Royal Fund Management Co. Ltd.,4316799,Traditional Investment Managers,0,China
4986961,CIB Fund Management Co. Ltd,4404664,Traditional Investment Managers,0,China
4986961,Caitong Securities Asset Management Co.Ltd.,5810740,Traditional Investment Managers,0,China
4986961,UBS Asset Management AG,4674815,Traditional Investment Managers,0,Switzerland
4986961,Northern Trust Global Investments,4272373,Traditional Investment Managers,0,United Kingdom
4986961,Horizon Asset Management Co. Ltd.,5883563,Traditional Investment Managers,0,China
4986961,ABC-CA Fund Management Co. Ltd.,4316929,Traditional Investment Managers,0,China
4986961,Bank of Beijing Scotiabank Asset Management Co. Ltd.,4396635,Traditional Investment Managers,0,China
4986961,China International Capital Corp. Ltd.,4138232,Banks/Investment Banks,0,China
4986961,Vanguard Group Inc.,109776,Traditional Investment Managers,0,USA
4986961,Mega International Investment Trust Co. Ltd.,4314602,Traditional Investment Managers,0,Taiwan
4351851,Hancock Prospecting Pty Ltd.,4350925,Corporations (Private),15.05,Australia
4351851,Timothy Rupert Barr Goyder,,Individuals/Insiders,10.5,China
4351851,State Street Global Advisors Inc.,110652,Traditional Investment Managers,6.24,USA
4351851,Van Eck Associates Corp.,109888,Traditional Investment Managers,4.5,USA
4351851,JPMorgan Chase & Co.,100201,Banks/Investment Banks,3.93,USA
4351851,National Reconstruction Fund Corp.,119009093,State Owned Shares,2.15,Australia
4351851,Citigroup Inc.,4041896,Banks/Investment Banks,2.04,USA
4351851,Vanguard Capital Management LLC,137764443,Traditional Investment Managers,2.02,USA
4351851,Vanguard Investments Australia Ltd.,4138917,Traditional Investment Managers,1.56,Australia
4351851,BlackRock Inc.,4048287,Traditional Investment Managers,1.55,USA
4351851,Norges Bank Investment Management,4138467,Sovereign Wealth Funds (<5% stake),1.11,Norway
4351851,OCJ Investment (Australia) Pty Ltd.,4412455,Corporations (Private),0.92,Australia
4351851,Clement Pty Ltd,4393643,Corporations (Private),0.92,Australia
4351851,The Universal Zone Pty. Ltd.,19244790,Corporations (Private),0.84,Australia
4351851,Australian Super Pty Ltd,4757367,Government Pension Sponsors,0.7,Australia
4351851,Legal & General Investment Management Ltd.,4139862,Traditional Investment Managers,0.66,United Kingdom
4351851,Vanguard Fiduciary Trust Co.,5752504,Traditional Investment Managers,0.59,USA
4351851,BetaShares Capital Ltd.,4578944,Traditional Investment Managers,0.56,Australia
4351851,Mirae Asset Global Investments Co. Ltd.,4256114,Traditional Investment Managers,0.47,South Korea
4351851,ALPS Advisors Inc.,4143440,Traditional Investment Managers,0.35,USA
4351851,GWL Investment Management Ltd.,4048184,Traditional Investment Managers,0.32,Canada
4351851,Gremlyn Pty Ltd,11532789,Corporations (Private),0.32,Australia
4351851,Matthew James Maingay,,Individuals/Insiders,0.3,China
4351851,Kenma Investment Advisors Pty Ltd.,4660752,Corporations (Private),0.3,Australia
4351851,Double Eagle Pty Ltd.,11201454,Corporations (Private),0.29,Australia
4351851,Global X Management (Aus) Ltd.,8365031,Traditional Investment Managers,0.23,Australia
4351851,Dimensional Fund Advisors LP,111289,Traditional Investment Managers,0.22,USA
4351851,Antonino Ottaviano,,Individuals/Insiders,0.21,China
4351851,Adam Smits,,Individuals/Insiders,0.15,China
4351851,Charles Schwab Investment Management Inc.,4048695,Traditional Investment Managers,0.14,USA
4351851,Commodity Capital AG,4548989,Traditional Investment Managers,0.13,Switzerland
4351851,Amundi Asset Management SAS,4026948,Traditional Investment Managers,0.09,France
4351851,Teachers Insurance and Annuity Association-College Retirement Equities Fund,4270330,Traditional Investment Managers,0.09,USA
4351851,Vanguard Asset Management Ltd.,4723508,Traditional Investment Managers,0.06,United Kingdom
4351851,Geode Capital Management LLC,4119759,Traditional Investment Managers,0.05,USA
4351851,Tidal Investments LLC,4338202,Traditional Investment Managers,0.03,USA
4351851,Macquarie Investment Management Global Ltd.,4654230,Traditional Investment Managers,0.03,Australia
4351851,Vanguard Global Advisers LLC,4337989,Traditional Investment Managers,0.02,USA
4351851,ProShare Advisors LLC,4153606,Traditional Investment Managers,0.01,USA
4351851,KLP Kapitalforvaltning AS,4138888,Traditional Investment Managers,0.01,Norway
4351851,BTG Pactual Global Asset Management Ltd.,4252258,Traditional Investment Managers,0.01,Bermuda
4351851,AllianceBernstein LP,109806,Traditional Investment Managers,0.01,USA
4351851,JP Morgan Asset Management,110092,Traditional Investment Managers,0.01,USA
4351851,Shane McLeay,,Individuals/Insiders,0.01,China
4351851,Jennifer Morris,,Individuals/Insiders,0.01,China
4351851,Ian Damien Wells,,Individuals/Insiders,0.01,China
4351851,Thrivent Investment Management Inc.,4102247,Traditional Investment Managers,0.01,USA
4351851,Smartshares Ltd.,4139976,Traditional Investment Managers,0.01,New Zealand
4351851,First Trust Advisors LP,4033550,Traditional Investment Managers,0,USA
4351851,AQR Capital Management LLC,4119538,Hedge Fund Managers (<5% stake),0,USA
4351851,Themes Management Co.,112247511,Traditional Investment Managers,0,USA
4351851,Deutsche Asset & Wealth Management,111219,Traditional Investment Managers,0,USA
4351851,Adrienne Christina Parker,,Individuals/Insiders,0,China
4351851,Zurich Invest Bank AG,6337027,Traditional Investment Managers,0,Switzerland
4351851,HSBC Global Asset Management (UK) Ltd.,4115698,Traditional Investment Managers,0,United Kingdom
4351851,Global X Japan Co. Ltd.,20326442,Traditional Investment Managers,0,#INVALID COMPANY ID
4351851,CaixaBank Asset Management SGIIC S.A.U.,4138997,Traditional Investment Managers,0,Spain
4351851,American Century Investment Management Inc,111074,Traditional Investment Managers,0,USA
4351851,FMR LLC,3000896,Traditional Investment Managers,0,USA
4351851,Lombard Odier Asset Management (Europe) Ltd.,4289501,Traditional Investment Managers,0,United Kingdom
4351851,Lombard Odier Asset Management (Switzerland) SA,7060057,Traditional Investment Managers,0,Switzerland
4351851,Connor Clark & Lunn Investment Management Ltd.,4035990,Traditional Investment Managers,0,Canada
4351851,Northern Trust Global Investments,4272373,Traditional Investment Managers,0,United Kingdom
4351851,UBS Asset Management AG,4674815,Traditional Investment Managers,0,Switzerland
4351851,EAM Global Investors LLC,4550922,Traditional Investment Managers,0,USA
4351851,Domini Impact Investments LLC,4116164,Traditional Investment Managers,0,USA
4351851,DWS Investment Management Americas Inc.,4089578,Traditional Investment Managers,0,USA
4351851,Vanguard Group Inc.,109776,Traditional Investment Managers,0,USA
4355642,Minxi Xinghang State-owned Assets Investment Operation Co.Ltd.,4403255,Corporations (Private),23.04,China
4355642,BlackRock Inc.,4048287,Traditional Investment Managers,2.15,USA
4355642,China Securities Finance Corporation Ltd.,4416934,Banks/Investment Banks,1.66,China
4355642,UBS Asset Management AG,4674815,Traditional Investment Managers,1.34,Switzerland
4355642,GIC Pte. Ltd.,4005446,Sovereign Wealth Funds (<5% stake),1.11,Singapore
4355642,Van Eck Associates Corp.,109888,Traditional Investment Managers,1.1,USA
4355642,JP Morgan Asset Management,110092,Traditional Investment Managers,1.03,USA
4355642,Guoxin Investment Co. Ltd.,4843554,Corporations (Private),0.96,China
4355642,Harvest Fund Management Co. Ltd.,4140486,Traditional Investment Managers,0.94,China
4355642,FMR LLC,3000896,Traditional Investment Managers,0.94,USA
4355642,Vanguard Capital Management LLC,137764443,Traditional Investment Managers,0.93,USA
4355642,China Life AMP Asset Management Co. Ltd.,4559567,Traditional Investment Managers,0.76,China
4355642,China Life Asset Management Company Ltd.,4236979,Traditional Investment Managers,0.76,China
4355642,E Fund Management Co. Ltd.,4137681,Traditional Investment Managers,0.74,China
4355642,Perseverance Asset Management LLP,5884796,Traditional Investment Managers,0.68,China
4355642,China Universal Asset Management Co. Ltd.,9020942,Traditional Investment Managers,0.67,China
4355642,Invesco Great Wall Fund Management Co. Ltd,5762318,Traditional Investment Managers,0.65,China
4355642,BNP Paribas SA,3001689,Traditional Investment Managers,0.63,France
4355642,"Zhong Ou Fund Management Co., Ltd",5860959,Traditional Investment Managers,0.6,China
4355642,China Asset Management (Hong Kong) Ltd.,4388745,Traditional Investment Managers,0.59,Hong Kong
4355642,Abu Dhabi Investment Authority,4137795,Sovereign Wealth Funds (<5% stake),0.52,United Arab Emirates
4355642,BNP Paribas Financial Markets SNC,4310789,Traditional Investment Managers,0.51,France
4355642,HSBC Global Asset Management (UK) Ltd.,4115698,Traditional Investment Managers,0.51,United Kingdom
4355642,China Asset Management Co. Ltd.,4139271,Traditional Investment Managers,0.51,China
4355642,Huatai-PineBridge Fund Management Co. Ltd.,4345275,Traditional Investment Managers,0.5,China
4355642,Ping An Asset Management Co. Ltd.,10875409,Traditional Investment Managers,0.48,China
4355642,ICBC Credit Suisse Fund Management Co. Ltd.,4139311,Traditional Investment Managers,0.48,China
4355642,Schroder Investment Management Ltd.,4249110,Traditional Investment Managers,0.44,United Kingdom
4355642,Fullgoal Fund Management Co. Ltd.,4137668,Traditional Investment Managers,0.4,China
4355642,Mirae Asset Global Investments Co. Ltd.,4256114,Traditional Investment Managers,0.4,South Korea
4355642,Schroder Investment Management (Hong Kong) Ltd.,4139954,Traditional Investment Managers,0.38,Hong Kong
4355642,Morgan Stanley,103042,Banks/Investment Banks,0.36,USA
4355642,JPMorgan Chase & Co.,100201,Banks/Investment Banks,0.35,USA
4355642,GF Fund Management Co. Ltd.,4138625,Traditional Investment Managers,0.35,China
4355642,China Southern Asset Management Co. Ltd.,4435100,Traditional Investment Managers,0.31,China
4355642,AEGON-Industrial Fund Mgmt Co.,4139225,Traditional Investment Managers,0.3,China
4355642,Schroder Investment Management North America Inc.,109872,Traditional Investment Managers,0.29,USA
4355642,Bosera Asset Management Co. Ltd.,4329445,Traditional Investment Managers,0.27,China
4355642,Strategic Advisers LLC,4102073,Traditional Investment Managers,0.26,USA
4355642,Shanghai Orient Securities Asset Management Co. Ltd.,5812793,Traditional Investment Managers,0.25,China
4355642,Vanguard Fiduciary Trust Co.,5752504,Traditional Investment Managers,0.24,USA
4355642,Guotai Asset Mgmt Co. Ltd.,4138799,Traditional Investment Managers,0.23,China
4355642,Fidelity International Ltd.,4020980,Traditional Investment Managers,0.22,Bermuda
4355642,Baillie Gifford & Co.,4026973,Traditional Investment Managers,0.22,United Kingdom
4355642,Huashang Fund Management Co. Ltd.,7059915,Traditional Investment Managers,0.19,China
4355642,HuaAn Fund Management Company Ltd.,4138661,Traditional Investment Managers,0.19,China
4355642,Allianz Asset Management GmbH,4208127,Traditional Investment Managers,0.19,Germany
4355642,Maxwealth Fund Management Co. Ltd.,4536183,Traditional Investment Managers,0.18,China
4355642,Zijin Mining Group Company Limited ESOP,19309699,ESOP,0.16,China
4355642,Capital Research and Management Co.,111195,Traditional Investment Managers,0.16,USA
4355642,Dimensional Fund Advisors LP,111289,Traditional Investment Managers,0.16,USA
4355642,Geode Capital Management LLC,4119759,Traditional Investment Managers,0.14,USA
4355642,Yinhua Fund Management Co. Ltd.,4139415,Traditional Investment Managers,0.13,China
4355642,Wellington Management Group LLP,4579014,Traditional Investment Managers,0.12,USA
4355642,American Century Investment Management Inc,111074,Traditional Investment Managers,0.12,USA
4355642,Essence Fund Management Co. Ltd,5837129,Traditional Investment Managers,0.12,China
4355642,Bank of Communications Schroder Fund Management Co. Ltd.,4137941,Traditional Investment Managers,0.12,China
4355642,State Street Global Advisors Inc.,110652,Traditional Investment Managers,0.12,USA
4355642,Invesco Ltd.,103661,Traditional Investment Managers,0.11,USA
4355642,Wanjia Asset Management Co. Ltd.,4606392,Traditional Investment Managers,0.1,China
4355642,Ruiyuan Fund Management Company LTD,15508432,Traditional Investment Managers,0.09,China
4355642,Ping An UOB Fund Management Co. Ltd.,4556995,Traditional Investment Managers,0.09,China
4355642,Teachers Insurance and Annuity Association-College Retirement Equities Fund,4270330,Traditional Investment Managers,0.08,USA
4355642,AllianceBernstein LP,109806,Traditional Investment Managers,0.08,USA
4355642,Penghua Fund Management Co. Ltd.,4345260,Traditional Investment Managers,0.07,China
4355642,Dacheng Fund Management Co. Ltd.,4137754,Traditional Investment Managers,0.07,China
4355642,Pictet Asset Management Ltd.,111267,Traditional Investment Managers,0.06,United Kingdom
4355642,T. Rowe Price Group Inc.,4055767,Traditional Investment Managers,0.06,USA
4355642,ABC-CA Fund Management Co. Ltd.,4316929,Traditional Investment Managers,0.06,China
4355642,Tianhong Asset Management Co. Ltd.,4345965,Traditional Investment Managers,0.06,China
4355642,Charles Schwab Investment Management Inc.,4048695,Traditional Investment Managers,0.06,USA
4355642,Broad Asset Management Co. Ltd.,15012201,Traditional Investment Managers,0.06,China
4355642,Value Partners Hong Kong Ltd.,4304908,Traditional Investment Managers,0.06,Hong Kong
4355642,Minsheng Royal Fund Management Co. Ltd.,4316799,Traditional Investment Managers,0.06,China
4355642,Rongtong Fund Management Co. Ltd.,4139739,Traditional Investment Managers,0.06,China
4355642,HFT Investment Management Co. Ltd. (Group,4784142,Traditional Investment Managers,0.06,China
4355642,HSBC Global Asset Management (Hong Kong) Ltd.,4100281,Traditional Investment Managers,0.05,Hong Kong
4355642,Deutsche Asset & Wealth Management,111219,Traditional Investment Managers,0.05,USA
4355642,RBC Global Asset Management Inc.,4281265,Traditional Investment Managers,0.05,Canada
4355642,Taikang Asset Management Co. Ltd.,4436408,Traditional Investment Managers,0.05,China
4355642,UBS SDIC Fund Management Co. Ltd.,4417406,Traditional Investment Managers,0.05,China
4355642,Vanguard Asset Management Ltd.,4723508,Traditional Investment Managers,0.05,United Kingdom
4355642,Lion Fund Management Co. Ltd.,4139789,Traditional Investment Managers,0.05,China
4355642,"First Seafront Fund Management Co., Ltd",5851125,Traditional Investment Managers,0.04,China
4355642,Northern Trust Global Investments,4272373,Traditional Investment Managers,0.04,United Kingdom
4355642,Goldman Sachs Asset Management LP,110587,Traditional Investment Managers,0.04,USA
4355642,China Post & Capital Fund Management Co. Ltd.,4322244,Traditional Investment Managers,0.04,China
4355642,Taikang Fund Management Co. Ltd.,109523595,Traditional Investment Managers,0.04,China
4355642,Hwabao WP Fund Management Co. Ltd.,4137720,Traditional Investment Managers,0.04,China
4355642,CITIC-Prudential Fund Management Company Ltd.,4345966,Traditional Investment Managers,0.04,China
4355642,Schroder Investment Mgmt (Singapore) Ltd.,4139955,Traditional Investment Managers,0.04,Singapore
4355642,Morgan Stanley Investment Management Inc.,109721,Traditional Investment Managers,0.04,USA
4355642,China Merchants Fund Management Co. Ltd.,4325258,Traditional Investment Managers,0.04,China
4355642,Invesco Hong Kong Ltd.,4120029,Traditional Investment Managers,0.04,Hong Kong
4355642,Pinebridge Investments Asia Ltd.,4138005,VC/PE Firms (<5% stake),0.04,Hong Kong
4355642,Principal Global Investors LLC,4089114,Traditional Investment Managers,0.04,USA
4355642,Changsheng Fund Management Co. Ltd.,4311270,Traditional Investment Managers,0.04,China
4355642,CCB Principal Asset Management Co. Ltd.,4138221,Traditional Investment Managers,0.04,China
4355642,Jupiter Fund Management PLC,4271664,Traditional Investment Managers,0.04,United Kingdom
4355642,Victory Capital Management Inc.,110674,Traditional Investment Managers,0.04,USA
4355642,Global X Management (Aus) Ltd.,8365031,Traditional Investment Managers,0.04,Australia
4355642,CIB Fund Management Co. Ltd,4404664,Traditional Investment Managers,0.04,China
4355642,Fullerton Fund Management Co. Ltd.,4209761,Traditional Investment Managers,0.03,Singapore
4355642,Russell Investment Management LLC,111359,Traditional Investment Managers,0.03,USA
4355642,Bank of China Investment Management Co. Ltd.,4137999,Traditional Investment Managers,0.03,China
4355642,Cullen Capital Management LLC,4099072,Traditional Investment Managers,0.03,USA
4355642,Mitsubishi UFJ Asset Management Co. Ltd.,4607441,Traditional Investment Managers,0.03,Japan
4355642,"Truvalue Asset Management Co.,Ltd.",5866754,Traditional Investment Managers,0.03,China
4355642,Amundi Asset Management SAS,4026948,Traditional Investment Managers,0.03,France
4355642,CSOP Asset Management Ltd.,4408592,Traditional Investment Managers,0.03,Hong Kong
4355642,Aviva Investors Global Services Ltd.,4376121,Traditional Investment Managers,0.03,United Kingdom
4355642,Matthews International Capital Management LLC,110787,Traditional Investment Managers,0.03,USA
4355642,DBX Advisors LLC,4318598,Traditional Investment Managers,0.03,USA
4355642,Value Partners Ltd.,4120036,Hedge Fund Managers (<5% stake),0.03,Hong Kong
4355642,AXA SPDB Investment Managers Co. Ltd.,4332537,Traditional Investment Managers,0.02,China
4355642,Legal & General Investment Management Ltd.,4139862,Traditional Investment Managers,0.02,United Kingdom
4355642,CPIC Fund Management Co. Ltd.,4379197,Traditional Investment Managers,0.02,China
4355642,Lazard Asset Management LLC,110386,Traditional Investment Managers,0.02,USA
4355642,Chang Xin Asset Management Corp. Ltd.,4345964,Traditional Investment Managers,0.02,China
4355642,Franklin Resources Inc.,102719,Traditional Investment Managers,0.02,USA
4355642,Eurizon Capital SGR SpA,4324456,Traditional Investment Managers,0.02,Italy
4355642,Manulife Asset Management,5747632,Traditional Investment Managers,0.02,Canada
4355642,Baoying Fund Management Co. Ltd.,4138088,Traditional Investment Managers,0.02,China
4355642,BEA Union Investment Management Ltd.,4208762,Traditional Investment Managers,0.02,Hong Kong
4355642,Putnam LLC,26566323,Traditional Investment Managers,0.02,USA
4355642,Great Wall Fund Management Co. Ltd.,4138760,Traditional Investment Managers,0.02,China
4355642,Nomura Investment Management Business Trust,109913,Traditional Investment Managers,0.02,USA
4355642,Golden Eagle Asset Management Co. Ltd.,4138496,Traditional Investment Managers,0.02,China
4355642,National Bank Trust Inc.,4099895,Banks/Investment Banks,0.02,Canada
4355642,Royal London Asset Management Ltd.,4138770,Traditional Investment Managers,0.02,United Kingdom
4355642,Golden Trust SinoPac Fund Management Co. Ltd.,4574748,Traditional Investment Managers,0.02,China
4355642,Columbia Management Investment Advisers LLC,109789,Traditional Investment Managers,0.02,USA
4355642,Baring Asset Management Ltd.,111272,Traditional Investment Managers,0.02,United Kingdom
4355642,Border To Coast Pensions Partnership Ltd.,10499632,Government Pension Sponsors,0.02,United Kingdom
4355642,Causeway Capital Management LLC,4095848,Traditional Investment Managers,0.02,USA
4355642,BOCI-Prudential Asset Management Ltd.,4138118,Traditional Investment Managers,0.02,Hong Kong
4355642,Peng Yang Fund Management Co. Ltd.,11183019,Traditional Investment Managers,0.02,China
4355642,SEI Investments Co.,102729,Traditional Investment Managers,0.02,USA
4355642,Franklin Templeton Sealand Fund Management Co. Ltd.,4550448,Traditional Investment Managers,0.02,China
4355642,Laichang Zou,,Individuals/Insiders,0.02,China
4355642,Hongde Fund Management Co. Ltd.,5877799,Traditional Investment Managers,0.02,China
4355642,TT International Asset Management Ltd,4026891,Traditional Investment Managers,0.02,United Kingdom
4355642,Eaton Vance Management,109754,Traditional Investment Managers,0.02,USA
4355642,AZ Investment Management Singapore Ltd.,5804546,Hedge Fund Managers (<5% stake),0.01,Singapore
4355642,Western Leadbank Fund Management Co. Ltd.,4890277,Traditional Investment Managers,0.01,China
4355642,"Da Cheng International Asset Management Co., Ltd.",4549477,Traditional Investment Managers,0.01,Hong Kong
4355642,CICC Fund Management Co. Ltd.,4677331,Traditional Investment Managers,0.01,China
4355642,Mercer Global Investments Europe Limited,5759394,Traditional Investment Managers,0.01,Ireland
4355642,Focusbridge Investments Ltd.,15102002,Traditional Investment Managers,0.01,China
4355642,Fullgoal Asset Management (HK) Ltd,5854382,Traditional Investment Managers,0.01,Hong Kong
4355642,Numeric Investors LLC,110153,Hedge Fund Managers (<5% stake),0.01,USA
4355642,Aberdeen Group PLC,4145085,Traditional Investment Managers,0.01,United Kingdom
4355642,Jpmorgan Asset Management (China) Company Ltd.,5879252,Traditional Investment Managers,0.01,China
4355642,RWC Partners Ltd.,4135098,Traditional Investment Managers,0.01,United Kingdom
4355642,Huatai Baoxing Fund Management Co. Ltd.,10181318,Traditional Investment Managers,0.01,China
4355642,Morgan Stanley Fund Management (China) Co. Ltd.,4138826,Traditional Investment Managers,0.01,China
4355642,Janus Henderson Group Ltd.,4147331,Traditional Investment Managers,0.01,United Kingdom
4355642,Rothschild & Cie Gestion,4139846,Traditional Investment Managers,0.01,France
4355642,Allspring Global Investments LLC,110570,Traditional Investment Managers,0.01,USA
4355642,Nationwide Fund Advisors,4087052,Traditional Investment Managers,0.01,USA
4355642,Hongfu Lin,,Individuals/Insiders,0.01,China
4355642,Belgrave Capital Management Ltd.,4332718,Traditional Investment Managers,0.01,United Kingdom
4355642,First State Cinda Fund Management Co. Ltd.,4368709,Traditional Investment Managers,0.01,China
4355642,Phoenix Unit Trust Managers Limited,7834181,Traditional Investment Managers,0.01,United Kingdom
4355642,Shaoyang Shen,,Individuals/Insiders,0.01,China
4355642,Pzena Investment Management Inc.,4162576,Traditional Investment Managers,0.01,USA
4355642,Boston Partners Global Investors Inc.,4158830,Traditional Investment Managers,0.01,USA
4355642,Krane Funds Advisors LLC,4383779,Traditional Investment Managers,0.01,USA
4355642,Everbright Pramerica Fund Management Co.,4137684,,0.01,China
4355642,Schroder Investment Management (Japan) Ltd.,4296648,Traditional Investment Managers,0.01,Japan
4355642,Tibet Eastmoney Fund Management Co.Ltd.,20057752,Traditional Investment Managers,0.01,China
4355642,Fideuram Asset Management (Ireland) DAC,4140503,Traditional Investment Managers,0.01,Ireland
4355642,Hangzhou Huisheng Investment Management Co. Ltd.,19448171,Traditional Investment Managers,0.01,China
4355642,Zhonghai Fund Management Co. Ltd.,4345268,Traditional Investment Managers,0.01,China
4355642,BlackRock Fund Management Ltd.,107988050,Traditional Investment Managers,0.01,China
4355642,Deka Investment GmbH,4137912,Traditional Investment Managers,0.01,Germany
4355642,PICC Asset Management Co. Ltd.,4341872,Traditional Investment Managers,0.01,China
4355642,Hongying Lin,,Individuals/Insiders,0.01,China
4355642,BNY Asset Management,4057506,Traditional Investment Managers,0.01,USA
4355642,Youcheng Zheng,,Individuals/Insiders,0.01,China
4355642,Thrivent Investment Management Inc.,4102247,Traditional Investment Managers,0.01,USA
4355642,AFH Independent Financial Services Limited,7794310,Traditional Investment Managers,0.01,United Kingdom
4355642,Eastspring Investments (Singapore) Ltd.,4138745,Traditional Investment Managers,0.01,Singapore
4355642,Honghui Wu,,Individuals/Insiders,0.01,China
4355642,Xionghui Xie,,Individuals/Insiders,0.01,China
4355642,SWS MU Fund Management Co. Ltd.,4139950,Traditional Investment Managers,0.01,China
4355642,BMO Asset Management Corp.,109988,Traditional Investment Managers,0.01,USA
4355642,Invesco Capital Management LLC,4117611,Traditional Investment Managers,0.01,USA
4355642,Taiping Fund Management Co. Ltd.,4954984,Traditional Investment Managers,0.01,China
4355642,Yi Long,,Individuals/Insiders,0.01,China
4355642,Shanghai Guotai Junan Securities Asset Management Co. Ltd.,4592065,Traditional Investment Managers,0.01,China
4355642,CIBC Asset Management Inc.,4048742,Traditional Investment Managers,0.01,Canada
4355642,Oaktree Fund Advisors LLC,10169175,Traditional Investment Managers,0.01,USA
4355642,Fortune And Royal Asset Management Co. Ltd.,5883003,Traditional Investment Managers,0.01,China
4355642,RHB Asset Management Sdn. Bhd.,4139625,Traditional Investment Managers,0.01,Malaysia
4355642,Mega International Investment Trust Co. Ltd.,4314602,Traditional Investment Managers,0.01,Taiwan
4355642,"Yingda Asset Management Co., Ltd.",7798890,Traditional Investment Managers,0.01,China
4355642,Sumitomo Mitsui Trust Asset Management Co. Ltd.,4318240,Traditional Investment Managers,0.01,Japan
4355642,Lion Global Investors Ltd.,4139819,Traditional Investment Managers,0.01,Singapore
4355642,BetaShares Capital Ltd.,4578944,Traditional Investment Managers,0.01,Australia
4355642,Jianhui Wu,,Individuals/Insiders,0.01,China
4355642,China Universal Fund Management Co. Ltd.,27663277,Traditional Investment Managers,0.01,#INVALID COMPANY ID
4355642,Amova Asset Management Co. Ltd.,4107954,,0.01,Japan
4355642,Xiangcai Fund Management Co. Ltd.,19312355,Traditional Investment Managers,0.01,China
4355642,Galaxy Asset Management Co. Ltd.,4138761,Traditional Investment Managers,0.01,China
4355642,Chun Wang,,Individuals/Insiders,0.01,China
4355642,"Gfund Management Co., Ltd.",6520584,Traditional Investment Managers,0.01,China
4355642,Horizon Asset Management Co. Ltd.,5883563,Traditional Investment Managers,0.01,China
4355642,Yuanhang Liao,,Individuals/Insiders,0.01,China
4355642,New China Fund Management Co. Ltd.,4345262,Traditional Investment Managers,0.01,China
4355642,"Jyah Asset Management Co., Ltd.",5877802,Traditional Investment Managers,0,China
4355642,First Trust Advisors LP,4033550,Traditional Investment Managers,0,USA
4355642,Banor Capital Ltd.,5813336,Traditional Investment Managers,0,United Kingdom
4355642,Brookfield Corp.,4066647,VC/PE Firms (<5% stake),0,Canada
4355642,First-Trust Fund Management Co. Ltd.,4140536,Traditional Investment Managers,0,China
4355642,Capital Investment Trust Corp.,4225018,Traditional Investment Managers,0,Taiwan
4355642,TD Asset Management Inc.,4093616,Traditional Investment Managers,0,Canada
4355642,BOSC Asset Management Ltd.,4553770,Traditional Investment Managers,0,China
4355642,Orient Fund Management Co. Ltd.,4138631,Traditional Investment Managers,0,China
4355642,FountainCap Research & Investment (Hong Kong) Co. Ltd.,8682054,Traditional Investment Managers,0,Hong Kong
4355642,Neuberger Berman Fund management (China) Co. Ltd.,106535824,Traditional Investment Managers,0,#INVALID COMPANY ID
4355642,PGIM Securities Investment Trust Enterprise,4240414,Traditional Investment Managers,0,Taiwan
4355642,Chaoyang Que,,Individuals/Insiders,0,China
4355642,Caitong Securities Asset Management Co.Ltd.,5810740,Traditional Investment Managers,0,China
4355642,Myriad Asset Management Advisors LLC,133018323,Traditional Investment Managers,0,USA
4355642,ICBC UBS Asset Management (International) Company Ltd.,4641730,Traditional Investment Managers,0,Hong Kong
4355642,Nissay Asset Management Corp.,4116134,Traditional Investment Managers,0,Japan
4355642,Fiera Capital Corporation,110287,Traditional Investment Managers,0,Canada
4355642,KBC Asset Management NV,4111901,Traditional Investment Managers,0,Belgium
4355642,Caitong Fund Management,4548312,Traditional Investment Managers,0,China
4355642,Santander Asset Management SA SGIIC,4187337,Hedge Fund Managers (<5% stake),0,Spain
4355642,CTBC Securities Investment Trust Co. Ltd.,4241120,Traditional Investment Managers,0,Taiwan
4355642,Yuanta Securities Investment Trust Co. Ltd.,4216438,Traditional Investment Managers,0,Taiwan
4355642,Veritas Asset Management LLP,4135100,Traditional Investment Managers,0,United Kingdom
4355642,Lombard Odier Asset Management (Switzerland) SA,7060057,Traditional Investment Managers,0,Switzerland
4355642,Voya Investment Management LLC,4048215,Traditional Investment Managers,0,USA
4355642,ChangAn Fund Management Co.Ltd,5826475,Traditional Investment Managers,0,China
4355642,"Zheshang Fund Management Co., Ltd.",5819977,Traditional Investment Managers,0,China
4355642,Hang Seng Investment Management Ltd.,4138797,Traditional Investment Managers,0,Hong Kong
4355642,Springs Fund Management Co.Ltd.,108037678,Traditional Investment Managers,0,China
4355642,"Federated Hermes, Inc.",110641,Traditional Investment Managers,0,USA
4355642,Fuhwa Securities Investment Trust Co. Ltd.,4240804,Traditional Investment Managers,0,Taiwan
4355642,Vanguard Investments Australia Ltd.,4138917,Traditional Investment Managers,0,Australia
4355642,Mackenzie Financial Corp.,106960,Traditional Investment Managers,0,Canada
4355642,Cathay Securities Investment Trust Co. LTD,4240614,Traditional Investment Managers,0,Taiwan
4355642,Purekind Fund Management Co.Ltd.,15947616,Traditional Investment Managers,0,China
4355642,Nomura Asset Management Taiwan Ltd.,4212913,Traditional Investment Managers,0,Taiwan
4355642,Prescient Investment Management Pty Ltd,4213196,Traditional Investment Managers,0,Japan
4355642,China Fund Management Co. Ltd.,5868824,Traditional Investment Managers,0,China
4355642,Nuode Asset Management Co. Ltd.,7789048,Traditional Investment Managers,0,China
4355642,Acadian Asset Management LLC,110495,Traditional Investment Managers,0,USA
4355642,Vanguard Global Advisers LLC,4337989,Traditional Investment Managers,0,USA
4355642,HSBC Jintrust Fund Management Co. Ltd.,4820048,Traditional Investment Managers,0,China
4355642,Huafu Fund Management Co. Ltd.,4138775,Traditional Investment Managers,0,China
4355642,BOCHK Asset Management Ltd.,4311273,Traditional Investment Managers,0,Hong Kong
4355642,NS Partners Ltd,4074095,Traditional Investment Managers,0,United Kingdom
4355642,Daiwa Asset Management Co. Ltd.,4137704,Traditional Investment Managers,0,Japan
4355642,GWL Investment Management Ltd.,4048184,Traditional Investment Managers,0,Canada
4355642,Huatai Securities (Shanghai) Asset Management Co. Ltd.,4621446,Traditional Investment Managers,0,China
4355642,Quanguo Fund Management Co. Ltd.,109508756,Traditional Investment Managers,0,#INVALID COMPANY ID
4355642,PGIM Inc.,4119440,Traditional Investment Managers,0,USA
4355642,Zhonggeng Fund Management Co. Ltd.,15135223,Traditional Investment Managers,0,China
4355642,Virtus Investment Advisers LLC,110527,Traditional Investment Managers,0,USA
4355642,AMG Funds LLC,4097957,Traditional Investment Managers,0,USA
4355642,Guolian Fund Management Company Ltd.,4878959,Traditional Investment Managers,0,China
4355642,Bank of Beijing Scotiabank Asset Management Co. Ltd.,4396635,Traditional Investment Managers,0,China
4355642,Mercer Global Investments Management Ltd,5830179,Traditional Investment Managers,0,Ireland
4355642,BOC International (China) Co. Ltd.,4315032,Traditional Investment Managers,0,China
4355642,Sumitomo Mitsui DS Asset Management Co. Ltd.,4140078,Traditional Investment Managers,0,Japan
4355642,IG Investment Management Ltd.,4005523,Traditional Investment Managers,0,Canada
4355642,Horizon Investments LLC,4118373,Traditional Investment Managers,0,USA
4355642,St James's Place Unit Trust Group Ltd.,5759900,Traditional Investment Managers,0,United Kingdom
4355642,Taikang Asset Management (Hong Kong) Co. Ltd.,4581365,Traditional Investment Managers,0,Hong Kong
4355642,China Galaxy International Asset Management (Hong Kong) Co. Ltd,5862433,Traditional Investment Managers,0,Hong Kong
4355642,Uni-President Assets Management Corp.,4281886,Traditional Investment Managers,0,Taiwan
4355642,Rosefinch Fund Management Co. Ltd.,19437756,Traditional Investment Managers,0,China
4355642,Mercer Investments LLC,4119790,Traditional Investment Managers,0,USA
4355642,Highbridge Capital Management LLC,4095386,Hedge Fund Managers (<5% stake),0,USA
4355642,Nippon Life India Asset Management Ltd.,4139779,Traditional Investment Managers,0,India
4355642,Taiping Assets Management (HK) Company Ltd.,4577892,Traditional Investment Managers,0,Hong Kong
4355642,Zhongtai Securities (Shanghai) Asset Management Co.Ltd.,5855481,Traditional Investment Managers,0,China
4355642,Nanhua Fund Management Co. Ltd.,11172585,Traditional Investment Managers,0,China
4355642,DWS Investments Singapore Ltd,4117833,Traditional Investment Managers,0,Singapore
4355642,Founder Fubon Fund Management Co. Ltd.,4336717,Traditional Investment Managers,0,China
4355642,JT Asset Management Co. Ltd,5853751,Traditional Investment Managers,0,China
4355642,Resona Asset Management Co. Ltd.,4629378,Traditional Investment Managers,0,Japan
4355642,Lincoln Financial Investments Corp.,4119651,Traditional Investment Managers,0,USA
4355642,Oberweis Asset Management Inc.,4001519,Traditional Investment Managers,0,USA
4355642,Desjardins Global Asset Management Inc.,4226520,Traditional Investment Managers,0,Canada
4355642,Asset Management One Co. Ltd.,4120033,Traditional Investment Managers,0,Japan
4355642,AXA Investment Managers UK Ltd.,4405395,Traditional Investment Managers,0,United Kingdom
4355642,Changjiang Securities(shanghai)Asset Management Co.Ltd.,5866758,Traditional Investment Managers,0,China
4355642,JK Capital Management Ltd.,4259935,Traditional Investment Managers,0,Hong Kong
4355642,"Goldstate Capital Fund Management Co., Ltd.",5777425,Traditional Investment Managers,0,China
4355642,10X Asset Management Pty. LTD,8532130,Traditional Investment Managers,0,South Africa
4355642,Sarasin & Partners LLP,4141040,Traditional Investment Managers,0,United Kingdom
4355642,Allianz Global Investors U.S. LLC,4262519,Traditional Investment Managers,0,USA
4355642,Towarzystwo Funduszy Inwestycyjnych PZU SA,4378744,Traditional Investment Managers,0,Poland
4355642,Swiss Life Asset Mgmt AG,4140617,Traditional Investment Managers,0,Switzerland
4355642,AllianceBernstein Fund Management Ltd.,123879915,Traditional Investment Managers,0,#INVALID COMPANY ID
4355642,Arrowstreet Capital Ltd. Partnership,4049161,Traditional Investment Managers,0,USA
4355642,Harding Loevner LP,110879,Traditional Investment Managers,0,USA
4355642,Fuanda Fund Management Co. Ltd.,5823548,Traditional Investment Managers,0,China
4355642,Sanlam Investment Management (Pty.) Ltd.,4672091,,0,South Africa
4355642,Taishin Securities Investment Trust Co. Ltd.,4278931,Traditional Investment Managers,0,Taiwan
4355642,AHAM Asset Management Bhd.,4190455,Traditional Investment Managers,0,Malaysia
4355642,"Yimin Asset Management Co., Ltd.",4345969,Traditional Investment Managers,0,China
4355642,China Merchants Securities Asset Management Co. Ltd.,4669111,Traditional Investment Managers,0,China
4355642,CR Yuanta Fund Management Co.Ltd.,5829542,Traditional Investment Managers,0,China
4355642,Degroof Petercam Asset Management,4377155,Traditional Investment Managers,0,Belgium
4355642,Xin Yuan Asset Management Co.,4557386,Traditional Investment Managers,0,China
4355642,Baring Asset Management Ltd. (Japan),4138374,Traditional Investment Managers,0,Japan
4355642,SunAmerica Asset Management LLC,111097,Traditional Investment Managers,0,USA
4355642,Ping An of China Asset Management (Hong Kong) Co. Ltd.,4560837,Traditional Investment Managers,0,Hong Kong
4355642,Putnam Fiduciary Trust Co.,1015222,Traditional Investment Managers,0,USA
4355642,Qianhai Alliance Asset Management,8364410,Traditional Investment Managers,0,China
4355642,CCM Partners LP,4055159,Traditional Investment Managers,0,USA
4355642,Australian Super Pty Ltd,4757367,Government Pension Sponsors,0,Australia
4355642,Frank Russell Co.,4025426,,0,USA
4355642,azValor Asset Management SGIIC S.A.U.,4873872,Traditional Investment Managers,0,Spain
4355642,SPARX Asset Management Co. Ltd.,4111802,Traditional Investment Managers,0,Japan
4355642,Themes Management Co.,112247511,Traditional Investment Managers,0,USA
4355642,Soochow Asset Management Co. Ltd.,4139902,Traditional Investment Managers,0,China
4355642,Xingyin Fund Management Co. Ltd.,7731166,Traditional Investment Managers,0,China
4355642,MSCI Inc.,4167462,Banks/Investment Banks,0,USA
4355642,Marlborough Fund Managers Ltd.,4138146,Traditional Investment Managers,0,United Kingdom
4355642,"Hongta Hotland Asset Management Co., Ltd.",5841553,Traditional Investment Managers,0,China
4355642,Liontrust Asset Management PLC,4139864,Traditional Investment Managers,0,United Kingdom
4355642,GuideStone Capital Management LLC,4115935,Traditional Investment Managers,0,USA
4355642,Pacific Investment Management Co. LLC,109687,Traditional Investment Managers,0,USA
4355642,Tebon Fund Management Co. Ltd.,4608579,Traditional Investment Managers,0,China
4355642,Segall Bryant & Hamill LLC,110793,Traditional Investment Managers,0,USA
4355642,Keywise Capital Management (HK) Ltd.,4288829,Hedge Fund Managers (<5% stake),0,Hong Kong
4355642,Fubon Asset Management Co. Ltd.,4281837,Traditional Investment Managers,0,Taiwan
4355642,MetLife Investment Management LLC,4187546,Traditional Investment Managers,0,USA
4355642,CCB International Asset Management Ltd.,4281020,Traditional Investment Managers,0,Hong Kong
4355642,Dongxing Asset Management Co. Ltd.,29518821,Traditional Investment Managers,0,China
4355642,Massachusetts Financial Services Company,109763,Traditional Investment Managers,0,USA
4355642,1832 Asset Management LP,4248288,Traditional Investment Managers,0,Canada
4355642,Zhejiang Zheshang Securities Asset Management Co. Ltd.,5843533,Traditional Investment Managers,0,China
4355642,Shin Kong Investment Trust Co. Ltd.,4248806,Traditional Investment Managers,0,Taiwan
4355642,Guotai Junan Assets (Asia) Ltd.,4213180,Traditional Investment Managers,0,Hong Kong
4355642,First Sentier Investors (Australia) IM Ltd,4135241,Traditional Investment Managers,0,Australia
4355642,ABN AMRO Investment Solutions SA,4260136,Traditional Investment Managers,0,France
4355642,Principal Asset Management Bhd.,4190959,Traditional Investment Managers,0,Malaysia
4355642,Abacus FCF Advisors LLC,4307010,Traditional Investment Managers,0,USA
4355642,Macquarie Investment Management Ltd.,4135240,Traditional Investment Managers,0,Australia
4355642,East Capital Asset Management S.A.,5849983,Traditional Investment Managers,0,Luxembourg
4355642,UOB Asset Management Ltd.,4139629,Traditional Investment Managers,0,Singapore
4355642,Huisheng Fund Management Co. Ltd.,106158792,Traditional Investment Managers,0,China
4355642,Cambria Investment Management L.P.,4272541,Traditional Investment Managers,0,USA
4355642,Tongtai Fund Management Co. Ltd.,19438254,Traditional Investment Managers,0,China
4355642,Integrity Fund Management Co. Ltd.,106229912,Traditional Investment Managers,0,China
4355642,China International Capital Corporation Hong Kong Asset Management Ltd.,4543599,Traditional Investment Managers,0,Hong Kong
4355642,Sygnia Asset Management (Pty) Ltd.,4264756,Traditional Investment Managers,0,South Africa
4355642,Old Mutual Multi-Managers,27729917,Traditional Investment Managers,0,South Africa
4355642,Intelligent Alpha LLC,120128743,Traditional Investment Managers,0,USA
4355642,Hexa Asset Management Co. Ltd.,19241294,Traditional Investment Managers,0,#INVALID COMPANY ID
4355642,Hood River Capital Management LLC,4377113,Traditional Investment Managers,0,USA
4355642,CoreCommodity Management LLC,4134208,Traditional Investment Managers,0,USA
4355642,Envestnet Asset Management Inc.,4072215,Traditional Investment Managers,0,USA
4355642,Wilshire Advisors LLC,4048818,Traditional Investment Managers,0,USA
4355642,CI Global Asset Management,4114882,Traditional Investment Managers,0,Canada
4355642,Lombard Odier Asset Management (Europe) Ltd.,4289501,Traditional Investment Managers,0,United Kingdom
4355642,"AVIC Fund Management Co., Ltd.",5880770,Traditional Investment Managers,0,China
4355642,ProShare Advisors LLC,4153606,Traditional Investment Managers,0,USA
4355642,Wilmington Funds Management Corp.,4026915,Traditional Investment Managers,0,USA
4355642,Thompson Siegel & Walmsley LLC,109931,Traditional Investment Managers,0,USA
4355642,China International Capital Corp. Ltd.,4138232,Banks/Investment Banks,0,China
4355642,Green Fund Management Co. Ltd.,11220187,Traditional Investment Managers,0,China
4355642,Virtus ETF Advisers LLC,4419277,,0,USA
4355642,Driehaus Capital Management LLC,111537,Traditional Investment Managers,0,USA
4355642,European And Global Advisers LLP,10346719,Traditional Investment Managers,0,United Kingdom
4355642,Topright Fund Management Co. Ltd.,109399086,Traditional Investment Managers,0,China
4355642,Bohai Huijin Securities Asset Management Co. Ltd.,4937020,Traditional Investment Managers,0,China
4355642,NFJ Investment Group LLC,26632854,Traditional Investment Managers,0,USA
4355642,Dongxing Securities Corporation Ltd.,4772536,Traditional Investment Managers,0,China
4355642,Lumyna Investments Ltd.,19350037,Traditional Investment Managers,0,United Kingdom
4355642,China Reform Securities Company Ltd.,4824802,Traditional Investment Managers,0,China
4355642,United Vision Asset Management Co. Ltd.,15102304,Traditional Investment Managers,0,China
4355642,Rhumbline Advisers Ltd Partnership,109968,Traditional Investment Managers,0,USA
4355642,Shanxi Securities Co. Ltd.,4319350,Traditional Investment Managers,0,China
4355642,Anima SGR SpA,4137693,Traditional Investment Managers,0,Italy
4355642,Hang Seng Qianhai Fund Management Co. Ltd.,4860042,Traditional Investment Managers,0,China
4355642,CCB Fund Management Co. Ltd.,28469313,Traditional Investment Managers,0,China
4355642,ICBC Asset Management (Global) Co. Ltd.,4270311,Traditional Investment Managers,0,Hong Kong
4355642,Beixin Ruifeng Fund Management Co. Ltd.,5853282,Traditional Investment Managers,0,China
4355642,Geometria Quant S.L.,25461354,Traditional Investment Managers,0,Spain
4355642,Sustainable Growth Advisers LP,4119489,Traditional Investment Managers,0,USA
4355642,PNC Financial Services Group Inc.,100406,Banks/Investment Banks,0,USA
4355642,TCW Group Inc.,109947,Traditional Investment Managers,0,USA
4355642,Astute Fund Management Bhd.,4138115,Traditional Investment Managers,0,Malaysia
4355642,Heron View Partners LLC,4055966,Traditional Investment Managers,0,USA
4355642,Old Mutual Investment Group (Pty) Ltd.,4140566,Traditional Investment Managers,0,South Africa
4355642,GAMMA Investing LLC,26480935,Traditional Investment Managers,0,USA
4355642,Yimi Fund Management Co. Ltd.,110719123,Traditional Investment Managers,0,#INVALID COMPANY ID
4355642,Vident Asset Management,4556203,Traditional Investment Managers,0,USA
4355642,Donghai Funds Management Co. Ltd.,4587777,Traditional Investment Managers,0,China
4355642,Ancora Advisors LLC,4117990,Traditional Investment Managers,0,USA
4355642,Jinxin Fund Management Co. Ltd.,5879050,Traditional Investment Managers,0,China
4355642,"CS Richland Asset Management Co., Ltd.",6892772,Traditional Investment Managers,0,China
4355642,IMA Advisory Services Inc.,4093059,Traditional Investment Managers,0,USA
4355642,BNP Paribas Securities Corp.,109247,Banks/Investment Banks,0,USA
4355642,Vanguard Group Inc.,109776,Traditional Investment Managers,0,USA
4355642,Lombard Odier (Hong Kong) Ltd.,4139728,Traditional Investment Managers,0,Hong Kong
4355642,AXA Investment Managers SA,4144380,Traditional Investment Managers,0,France
4355642,Jih Sun Securities Investment Trust Co. Ltd.,4239293,Traditional Investment Managers,0,Taiwan
4355642,Premia Partners,10533696,Traditional Investment Managers,0,Hong Kong
4355642,BNY Mellon ETF Investment Adviser LLC,19342220,Traditional Investment Managers,0,USA
4355642,Signature Equity Partners LLC,112689727,Traditional Investment Managers,0,USA
4355642,UBS Securities LLC,109295,Banks/Investment Banks,0,USA
4355642,Bank of America Corp.,100369,Banks/Investment Banks,-0.01,USA
4355642,Citigroup Inc.,4041896,Banks/Investment Banks,-0.05,USA
4361422,Liangbin Li,,Individuals/Insiders,18.97,China
4361422,Xiaoshen Wang,,Individuals/Insiders,6.8,China
4361422,Hong Kong Exchanges and Clearing Ltd.,4322619,Banks/Investment Banks,3.49,Hong Kong
4361422,BlackRock Inc.,4048287,Traditional Investment Managers,2.38,USA
4361422,Van Eck Associates Corp.,109888,Traditional Investment Managers,1.16,USA
4361422,Baillie Gifford & Co.,4026973,Traditional Investment Managers,1.05,United Kingdom
4361422,Vanguard Capital Management LLC,137764443,Traditional Investment Managers,0.96,USA
4361422,Huatai-PineBridge Fund Management Co. Ltd.,4345275,Traditional Investment Managers,0.9,China
4361422,Haibo Shen,,Individuals/Insiders,0.73,China
4361422,E Fund Management Co. Ltd.,4137681,Traditional Investment Managers,0.64,China
4361422,JPMorgan Chase & Co.,100201,Banks/Investment Banks,0.61,USA
4361422,China Southern Asset Management Co. Ltd.,4435100,Traditional Investment Managers,0.56,China
4361422,GF Fund Management Co. Ltd.,4138625,Traditional Investment Managers,0.51,China
4361422,China Asset Management Co. Ltd.,4139271,Traditional Investment Managers,0.5,China
4361422,Harvest Fund Management Co. Ltd.,4140486,Traditional Investment Managers,0.44,China
4361422,China Universal Asset Management Co. Ltd.,9020942,Traditional Investment Managers,0.38,China
4361422,Ganfeng Lithium Group Co. Ltd.  Esop,115738594,ESOP,0.34,#INVALID COMPANY ID
4361422,Mirae Asset Global Investments Co. Ltd.,4256114,Traditional Investment Managers,0.34,South Korea
4361422,Orient Fund Management Co. Ltd.,4138631,Traditional Investment Managers,0.29,China
4361422,Guotai Asset Mgmt Co. Ltd.,4138799,Traditional Investment Managers,0.29,China
4361422,Fullgoal Fund Management Co. Ltd.,4137668,Traditional Investment Managers,0.27,China
4361422,Vanguard Fiduciary Trust Co.,5752504,Traditional Investment Managers,0.25,USA
4361422,Rosefinch Fund Management Co. Ltd.,19437756,Traditional Investment Managers,0.23,China
4361422,Dimensional Fund Advisors LP,111289,Traditional Investment Managers,0.15,USA
4361422,Norges Bank Investment Management,4138467,Sovereign Wealth Funds (<5% stake),0.14,Norway
4361422,Geode Capital Management LLC,4119759,Traditional Investment Managers,0.14,USA
4361422,ICBC Credit Suisse Fund Management Co. Ltd.,4139311,Traditional Investment Managers,0.14,China
4361422,Amundi Asset Management SAS,4026948,Traditional Investment Managers,0.14,France
4361422,Penghua Fund Management Co. Ltd.,4345260,Traditional Investment Managers,0.13,China
4361422,Bosera Asset Management Co. Ltd.,4329445,Traditional Investment Managers,0.1,China
4361422,"Zhong Ou Fund Management Co., Ltd",5860959,Traditional Investment Managers,0.1,China
4361422,First-Trust Fund Management Co. Ltd.,4140536,Traditional Investment Managers,0.09,China
4361422,ALPS Advisors Inc.,4143440,Traditional Investment Managers,0.08,USA
4361422,Ting Huang,,Individuals/Insiders,0.08,China
4361422,State Street Global Advisors Inc.,110652,Traditional Investment Managers,0.07,USA
4361422,Ping An UOB Fund Management Co. Ltd.,4556995,Traditional Investment Managers,0.07,China
4361422,Tianhong Asset Management Co. Ltd.,4345965,Traditional Investment Managers,0.07,China
4361422,First State Cinda Fund Management Co. Ltd.,4368709,Traditional Investment Managers,0.07,China
4361422,Global X Management (Aus) Ltd.,8365031,Traditional Investment Managers,0.06,Australia
4361422,Zhonghai Fund Management Co. Ltd.,4345268,Traditional Investment Managers,0.06,China
4361422,Deutsche Asset & Wealth Management,111219,Traditional Investment Managers,0.05,USA
4361422,China Merchants Fund Management Co. Ltd.,4325258,Traditional Investment Managers,0.05,China
4361422,Vanguard Asset Management Ltd.,4723508,Traditional Investment Managers,0.05,United Kingdom
4361422,Tibet Eastmoney Fund Management Co.Ltd.,20057752,Traditional Investment Managers,0.05,China
4361422,CITIC-Prudential Fund Management Company Ltd.,4345966,Traditional Investment Managers,0.05,China
4361422,Commodity Capital AG,4548989,Traditional Investment Managers,0.05,Switzerland
4361422,UBS Asset Management AG,4674815,Traditional Investment Managers,0.05,Switzerland
4361422,Cui Liao,,Individuals/Insiders,0.05,China
4361422,"Truvalue Asset Management Co.,Ltd.",5866754,Traditional Investment Managers,0.04,China
4361422,UBS SDIC Fund Management Co. Ltd.,4417406,Traditional Investment Managers,0.04,China
4361422,Morgan Stanley,103042,Banks/Investment Banks,0.04,USA
4361422,Yinhua Fund Management Co. Ltd.,4139415,Traditional Investment Managers,0.04,China
4361422,JP Morgan Asset Management,110092,Traditional Investment Managers,0.04,USA
4361422,Charles Schwab Investment Management Inc.,4048695,Traditional Investment Managers,0.03,USA
4361422,HSBC Global Asset Management (UK) Ltd.,4115698,Traditional Investment Managers,0.03,United Kingdom
4361422,Rongtong Fund Management Co. Ltd.,4139739,Traditional Investment Managers,0.03,China
4361422,HuaAn Fund Management Company Ltd.,4138661,Traditional Investment Managers,0.03,China
4361422,China Asset Management (Hong Kong) Ltd.,4388745,Traditional Investment Managers,0.03,Hong Kong
4361422,Teachers Insurance and Annuity Association-College Retirement Equities Fund,4270330,Traditional Investment Managers,0.03,USA
4361422,Mitsubishi UFJ Asset Management Co. Ltd.,4607441,Traditional Investment Managers,0.03,Japan
4361422,Jian Hua Xu,,Individuals/Insiders,0.03,China
4361422,SWS MU Fund Management Co. Ltd.,4139950,Traditional Investment Managers,0.03,China
4361422,GWL Investment Management Ltd.,4048184,Traditional Investment Managers,0.03,Canada
4361422,Wanjia Asset Management Co. Ltd.,4606392,Traditional Investment Managers,0.03,China
4361422,Fideuram Asset Management Sgr,101449874,Traditional Investment Managers,0.02,Italy
4361422,Hwabao WP Fund Management Co. Ltd.,4137720,Traditional Investment Managers,0.02,China
4361422,Invesco Capital Management LLC,4117611,Traditional Investment Managers,0.02,USA
4361422,DBX Advisors LLC,4318598,Traditional Investment Managers,0.02,USA
4361422,Bank of Communications Schroder Fund Management Co. Ltd.,4137941,Traditional Investment Managers,0.02,China
4361422,Union Asset Management Holding AG,4224292,Traditional Investment Managers,0.02,Germany
4361422,Northern Trust Global Investments,4272373,Traditional Investment Managers,0.02,United Kingdom
4361422,Phoenix Unit Trust Managers Limited,7834181,Traditional Investment Managers,0.02,United Kingdom
4361422,WisdomTree Asset Management Inc.,4145691,Traditional Investment Managers,0.02,USA
4361422,New China Fund Management Co. Ltd.,4345262,Traditional Investment Managers,0.02,China
4361422,Invesco Great Wall Fund Management Co. Ltd,5762318,Traditional Investment Managers,0.02,China
4361422,Franklin Resources Inc.,102719,Traditional Investment Managers,0.02,USA
4361422,Soochow Asset Management Co. Ltd.,4139902,Traditional Investment Managers,0.02,China
4361422,Mercer Global Investments Europe Limited,5759394,Traditional Investment Managers,0.02,Ireland
4361422,Huatai Securities (Shanghai) Asset Management Co. Ltd.,4621446,Traditional Investment Managers,0.02,China
4361422,Tebon Fund Management Co. Ltd.,4608579,Traditional Investment Managers,0.02,China
4361422,BetaShares Capital Ltd.,4578944,Traditional Investment Managers,0.02,Australia
4361422,CTBC Securities Investment Trust Co. Ltd.,4241120,Traditional Investment Managers,0.02,Taiwan
4361422,Taikang Fund Management Co. Ltd.,109523595,Traditional Investment Managers,0.02,China
4361422,CSOP Asset Management Ltd.,4408592,Traditional Investment Managers,0.02,Hong Kong
4361422,Neuberger Berman Fund management (China) Co. Ltd.,106535824,Traditional Investment Managers,0.02,#INVALID COMPANY ID
4361422,"Goldstate Capital Fund Management Co., Ltd.",5777425,Traditional Investment Managers,0.01,China
4361422,Janus Henderson Group Ltd.,4147331,Traditional Investment Managers,0.01,United Kingdom
4361422,Danske Capital Denmark,4137587,Traditional Investment Managers,0.01,Denmark
4361422,China Universal Fund Management Co. Ltd.,27663277,Traditional Investment Managers,0.01,#INVALID COMPANY ID
4361422,Legal & General Investment Management Ltd.,4139862,Traditional Investment Managers,0.01,United Kingdom
4361422,KBC Asset Management NV,4111901,Traditional Investment Managers,0.01,Belgium
4361422,Huafu Fund Management Co. Ltd.,4138775,Traditional Investment Managers,0.01,China
4361422,Great Wall Fund Management Co. Ltd.,4138760,Traditional Investment Managers,0.01,China
4361422,Nuode Asset Management Co. Ltd.,7789048,Traditional Investment Managers,0.01,China
4361422,Chang Xin Asset Management Corp. Ltd.,4345964,Traditional Investment Managers,0.01,China
4361422,Goldman Sachs Asset Management LP,110587,Traditional Investment Managers,0.01,USA
4361422,Royal London Asset Management Ltd.,4138770,Traditional Investment Managers,0.01,United Kingdom
4361422,Tidal Investments LLC,4338202,Traditional Investment Managers,0.01,USA
4361422,Lihua Fu,,Individuals/Insiders,0.01,China
4361422,CPIC Fund Management Co. Ltd.,4379197,Traditional Investment Managers,0.01,China
4361422,CCB Principal Asset Management Co. Ltd.,4138221,Traditional Investment Managers,0.01,China
4361422,"First Seafront Fund Management Co., Ltd",5851125,Traditional Investment Managers,0.01,China
4361422,Baoying Fund Management Co. Ltd.,4138088,Traditional Investment Managers,0.01,China
4361422,Xingyin Fund Management Co. Ltd.,7731166,Traditional Investment Managers,0.01,China
4361422,American Century Investment Management Inc,111074,Traditional Investment Managers,0.01,USA
4361422,Taikang Asset Management Co. Ltd.,4436408,Traditional Investment Managers,0.01,China
4361422,Eaton Vance Management,109754,Traditional Investment Managers,0.01,USA
4361422,GuideStone Capital Management LLC,4115935,Traditional Investment Managers,0.01,USA
4361422,Bg Fund Management Luxembourg S.A.,4253894,Traditional Investment Managers,0.01,Luxembourg
4361422,KLP Kapitalforvaltning AS,4138888,Traditional Investment Managers,0.01,Norway
4361422,BNP Paribas Asset Management Europe,4784107,Traditional Investment Managers,0.01,France
4361422,BMO Asset Management Corp.,109988,Traditional Investment Managers,0.01,USA
4361422,Yangming Ou,,Individuals/Insiders,0.01,China
4361422,Aberdeen Group PLC,4145085,Traditional Investment Managers,0.01,United Kingdom
4361422,Pinebridge Investments Asia Ltd.,4138005,VC/PE Firms (<5% stake),0.01,Hong Kong
4361422,AHAM Asset Management Bhd.,4190455,Traditional Investment Managers,0.01,Malaysia
4361422,Essence Fund Management Co. Ltd,5837129,Traditional Investment Managers,0.01,China
4361422,RHB Asset Management Sdn. Bhd.,4139625,Traditional Investment Managers,0.01,Malaysia
4361422,Dacheng Fund Management Co. Ltd.,4137754,Traditional Investment Managers,0.01,China
4361422,Acadian Asset Management LLC,110495,Traditional Investment Managers,0.01,USA
4361422,Capital Investment Trust Corp.,4225018,Traditional Investment Managers,0.01,Taiwan
4361422,Vontobel Asset Management SA,4825704,Traditional Investment Managers,0.01,Luxembourg
4361422,Western Leadbank Fund Management Co. Ltd.,4890277,Traditional Investment Managers,0.01,China
4361422,Straits Investment Management Pte. Ltd.,14821347,Traditional Investment Managers,0.01,Singapore
4361422,Morgan Stanley Investment Management Inc.,109721,Traditional Investment Managers,0.01,USA
4361422,SEI Investments Co.,102729,Traditional Investment Managers,0.01,USA
4361422,Fidelity Fund Management (China) Co. Ltd.,108500939,Traditional Investment Managers,0.01,China
4361422,Krane Funds Advisors LLC,4383779,Traditional Investment Managers,0.01,USA
4361422,Minsheng Royal Fund Management Co. Ltd.,4316799,Traditional Investment Managers,0.01,China
4361422,BEA Union Investment Management Ltd.,4208762,Traditional Investment Managers,0.01,Hong Kong
4361422,China Life AMP Asset Management Co. Ltd.,4559567,Traditional Investment Managers,0,China
4361422,Controlfida (Suisse) SA,6731032,Traditional Investment Managers,0,Switzerland
4361422,Fuanda Fund Management Co. Ltd.,5823548,Traditional Investment Managers,0,China
4361422,Victory Capital Management Inc.,110674,Traditional Investment Managers,0,USA
4361422,Heron View Partners LLC,4055966,Traditional Investment Managers,0,USA
4361422,BOCI-Prudential Asset Management Ltd.,4138118,Traditional Investment Managers,0,Hong Kong
4361422,BNY Asset Management,4057506,Traditional Investment Managers,0,USA
4361422,Columbia Management Investment Advisers LLC,109789,Traditional Investment Managers,0,USA
4361422,Fideuram Asset Management (Ireland) DAC,4140503,Traditional Investment Managers,0,Ireland
4361422,Strategic Advisers LLC,4102073,Traditional Investment Managers,0,USA
4361422,Manulife Asset Management,5747632,Traditional Investment Managers,0,Canada
4361422,ICBC UBS Asset Management (International) Company Ltd.,4641730,Traditional Investment Managers,0,Hong Kong
4361422,TA Investment Management Berhad,4213217,Traditional Investment Managers,0,Malaysia
4361422,Morgan Stanley Fund Management (China) Co. Ltd.,4138826,Traditional Investment Managers,0,China
4361422,Vanguard Investments Australia Ltd.,4138917,Traditional Investment Managers,0,Australia
4361422,Aviva Investors Global Services Ltd.,4376121,Traditional Investment Managers,0,United Kingdom
4361422,Founder Fubon Fund Management Co. Ltd.,4336717,Traditional Investment Managers,0,China
4361422,Bank of China Investment Management Co. Ltd.,4137999,Traditional Investment Managers,0,China
4361422,ABC-CA Fund Management Co. Ltd.,4316929,Traditional Investment Managers,0,China
4361422,Shanghai Orient Securities Asset Management Co. Ltd.,5812793,Traditional Investment Managers,0,China
4361422,Altrinsic Global Advisors LLC,4119479,Traditional Investment Managers,0,USA
4361422,Fubon Asset Management Co. Ltd.,4281837,Traditional Investment Managers,0,Taiwan
4361422,Eurizon Capital SGR SpA,4324456,Traditional Investment Managers,0,Italy
4361422,Xunman Xiong,,Individuals/Insiders,0,China
4361422,China Fund Management Co. Ltd.,5868824,Traditional Investment Managers,0,China
4361422,ProShare Advisors LLC,4153606,Traditional Investment Managers,0,USA
4361422,Fil Fund Management (China) Company Ltd.,105984690,Traditional Investment Managers,0,China
4361422,Robeco Hong Kong Ltd.,4219913,Traditional Investment Managers,0,Hong Kong
4361422,Danske Bank A/S,4080954,Traditional Investment Managers,0,Denmark
4361422,Sarasin & Partners LLP,4141040,Traditional Investment Managers,0,United Kingdom
4361422,Wellington Management Group LLP,4579014,Traditional Investment Managers,0,USA
4361422,Voya Investment Management LLC,4048215,Traditional Investment Managers,0,USA
4361422,Pictet Asset Management Ltd.,111267,Traditional Investment Managers,0,United Kingdom
4361422,Qianhai Alliance Asset Management,8364410,Traditional Investment Managers,0,China
4361422,Fidelity International Ltd.,4020980,Traditional Investment Managers,0,Bermuda
4361422,Value Partners Hong Kong Ltd.,4304908,Traditional Investment Managers,0,Hong Kong
4361422,Boston Partners Global Investors Inc.,4158830,Traditional Investment Managers,0,USA
4361422,Jpmorgan Asset Management (China) Company Ltd.,5879252,Traditional Investment Managers,0,China
4361422,Mega International Investment Trust Co. Ltd.,4314602,Traditional Investment Managers,0,Taiwan
4361422,Oberweis Asset Management Inc.,4001519,Traditional Investment Managers,0,USA
4361422,Mercer Investments LLC,4119790,Traditional Investment Managers,0,USA
4361422,Desjardins Global Asset Management Inc.,4226520,Traditional Investment Managers,0,Canada
4361422,PICC Asset Management Co. Ltd.,4341872,Traditional Investment Managers,0,China
4361422,ODDO BHF ASSET MANAGEMENT GmbH,4422379,Traditional Investment Managers,0,Germany
4361422,AllianceBernstein LP,109806,Traditional Investment Managers,0,USA
4361422,Degroof Petercam Asset Management,4377155,Traditional Investment Managers,0,Belgium
4361422,CIBC Asset Management Inc.,4048742,Traditional Investment Managers,0,Canada
4361422,Maxwealth Fund Management Co. Ltd.,4536183,Traditional Investment Managers,0,China
4361422,Changsheng Fund Management Co. Ltd.,4311270,Traditional Investment Managers,0,China
4361422,Sumitomo Mitsui DS Asset Management Co. Ltd.,4140078,Traditional Investment Managers,0,Japan
4361422,BNPP Asset Management Holding,13582910,Traditional Investment Managers,0,France
4361422,First Trust Advisors LP,4033550,Traditional Investment Managers,0,USA
4361422,Integrity Fund Management Co. Ltd.,106229912,Traditional Investment Managers,0,China
4361422,Galaxy Asset Management Co. Ltd.,4138761,Traditional Investment Managers,0,China
4361422,Hongde Fund Management Co. Ltd.,5877799,Traditional Investment Managers,0,China
4361422,Resona Asset Management Co. Ltd.,4629378,Traditional Investment Managers,0,Japan
4361422,Guolian Fund Management Company Ltd.,4878959,Traditional Investment Managers,0,China
4361422,PGIM Inc.,4119440,Traditional Investment Managers,0,USA
4361422,Lazard Asset Management LLC,110386,Traditional Investment Managers,0,USA
4361422,Sanlam Investment Management (Pty.) Ltd.,4672091,,0,South Africa
4361422,Amova Asset Management Co. Ltd.,4107954,,0,Japan
4361422,IS Asset Management,4139199,Traditional Investment Managers,0,Türkiye
4361422,Lion Fund Management Co. Ltd.,4139789,Traditional Investment Managers,0,China
4361422,JT Asset Management Co. Ltd,5853751,Traditional Investment Managers,0,China
4361422,Zhongtai Securities (Shanghai) Asset Management Co.Ltd.,5855481,Traditional Investment Managers,0,China
4361422,CICC Fund Management Co. Ltd.,4677331,Traditional Investment Managers,0,China
4361422,Horizon Asset Management Co. Ltd.,5883563,Traditional Investment Managers,0,China
4361422,Mackenzie Financial Corp.,106960,Traditional Investment Managers,0,Canada
4361422,Sumitomo Mitsui Trust Asset Management Co. Ltd.,4318240,Traditional Investment Managers,0,Japan
4361422,Hony Horizon Fund Management Co. Ltd.,9795838,Traditional Investment Managers,0,China
4361422,CI Global Asset Management,4114882,Traditional Investment Managers,0,Canada
4361422,Themes Management Co.,112247511,Traditional Investment Managers,0,USA
4361422,CIB Fund Management Co. Ltd,4404664,Traditional Investment Managers,0,China
4361422,Pacific Investment Management Co. LLC,109687,Traditional Investment Managers,0,USA
4361422,Russell Investment Management LLC,111359,Traditional Investment Managers,0,USA
4361422,Lincoln Financial Investments Corp.,4119651,Traditional Investment Managers,0,USA
4361422,Broad Asset Management Co. Ltd.,15012201,Traditional Investment Managers,0,China
4361422,Bank of Beijing Scotiabank Asset Management Co. Ltd.,4396635,Traditional Investment Managers,0,China
4361422,Security Kapitalanlage AG,4140057,Traditional Investment Managers,0,Austria
4361422,1832 Asset Management LP,4248288,Traditional Investment Managers,0,Canada
4361422,"ID-Sparinvest, Filial af Sparinvest S.A., Luxembourg",5776820,Traditional Investment Managers,0,Denmark
4361422,Swiss Life Asset Mgmt AG,4140617,Traditional Investment Managers,0,Switzerland
4361422,Storebrand Asset Management AS,4336776,Traditional Investment Managers,0,Norway
4361422,HFT Investment Management Co. Ltd. (Group,4784142,Traditional Investment Managers,0,China
4361422,Huashang Fund Management Co. Ltd.,7059915,Traditional Investment Managers,0,China
4361422,SunAmerica Asset Management LLC,111097,Traditional Investment Managers,0,USA
4361422,Sparinvest SA (Luxembourg),4232927,Traditional Investment Managers,0,Luxembourg
4361422,AXA SPDB Investment Managers Co. Ltd.,4332537,Traditional Investment Managers,0,China
4361422,Global X Japan Co. Ltd.,20326442,Traditional Investment Managers,0,#INVALID COMPANY ID
4361422,Guodu Securities Co.Ltd.,4297985,Traditional Investment Managers,0,China
4361422,BOSC Asset Management Ltd.,4553770,Traditional Investment Managers,0,China
4361422,BlackRock Fund Management Ltd.,107988050,Traditional Investment Managers,0,China
4361422,Nissay Asset Management Corp.,4116134,Traditional Investment Managers,0,Japan
4361422,BOC International (China) Co. Ltd.,4315032,Traditional Investment Managers,0,China
4361422,Franklin Templeton Sealand Fund Management Co. Ltd.,4550448,Traditional Investment Managers,0,China
4361422,Shanghai Guotai Junan Securities Asset Management Co. Ltd.,4592065,Traditional Investment Managers,0,China
4361422,Bin Wang,,Individuals/Insiders,0,China
4361422,China Merchants Securities Asset Management Co. Ltd.,4669111,Traditional Investment Managers,0,China
4361422,ChangAn Fund Management Co.Ltd,5826475,Traditional Investment Managers,0,China
4361422,USCF Advisers LLC,4560796,Traditional Investment Managers,0,USA
4361422,China International Capital Corp. Ltd.,4138232,Banks/Investment Banks,0,China
4361422,Ping An of China Asset Management (Hong Kong) Co. Ltd.,4560837,Traditional Investment Managers,0,Hong Kong
4361422,Nykredit Portefølje Administration A/S,4556895,Traditional Investment Managers,0,Denmark
4361422,Hang Seng Investment Management Ltd.,4138797,Traditional Investment Managers,0,Hong Kong
4361422,Peng Yang Fund Management Co. Ltd.,11183019,Traditional Investment Managers,0,China
4361422,"AVIC Fund Management Co., Ltd.",5880770,Traditional Investment Managers,0,China
4361422,"Gfund Management Co., Ltd.",6520584,Traditional Investment Managers,0,China
4361422,Winch Advisory Services LLC,4117742,Traditional Investment Managers,0,USA
4361422,Focusbridge Investments Ltd.,15102002,Traditional Investment Managers,0,China
4361422,Curio Wealth LLC,114676085,Family Offices/Trusts,0,USA
4361422,Dongxing Asset Management Co. Ltd.,29518821,Traditional Investment Managers,0,China
4361422,Morgan Stanley AIP GP LP,4155096,Traditional Investment Managers,0,USA
4361422,HSBC Jintrust Fund Management Co. Ltd.,4820048,Traditional Investment Managers,0,China
4361422,BNY Mellon ETF Investment Adviser LLC,19342220,Traditional Investment Managers,0,USA
4361422,Vanguard Group Inc.,109776,Traditional Investment Managers,0,USA
4361422,Citigroup Inc.,4041896,Banks/Investment Banks,-0.11,USA
4361422,Liangbin Li,,Individuals/Insiders,18.97,China
4361422,Xiaoshen Wang,,Individuals/Insiders,6.8,China
4361422,Hong Kong Exchanges and Clearing Ltd.,4322619,Banks/Investment Banks,3.49,Hong Kong
4361422,BlackRock Inc.,4048287,Traditional Investment Managers,2.38,USA
4361422,Van Eck Associates Corp.,109888,Traditional Investment Managers,1.16,USA
4361422,Baillie Gifford & Co.,4026973,Traditional Investment Managers,1.05,United Kingdom
4361422,Vanguard Capital Management LLC,137764443,Traditional Investment Managers,0.96,USA
4361422,Huatai-PineBridge Fund Management Co. Ltd.,4345275,Traditional Investment Managers,0.9,China
4361422,Haibo Shen,,Individuals/Insiders,0.73,China
4361422,E Fund Management Co. Ltd.,4137681,Traditional Investment Managers,0.64,China
4361422,JPMorgan Chase & Co.,100201,Banks/Investment Banks,0.61,USA
4361422,China Southern Asset Management Co. Ltd.,4435100,Traditional Investment Managers,0.56,China
4361422,GF Fund Management Co. Ltd.,4138625,Traditional Investment Managers,0.51,China
4361422,China Asset Management Co. Ltd.,4139271,Traditional Investment Managers,0.5,China
4361422,Harvest Fund Management Co. Ltd.,4140486,Traditional Investment Managers,0.44,China
4361422,China Universal Asset Management Co. Ltd.,9020942,Traditional Investment Managers,0.38,China
4361422,Ganfeng Lithium Group Co. Ltd.  Esop,115738594,ESOP,0.34,#INVALID COMPANY ID
4361422,Mirae Asset Global Investments Co. Ltd.,4256114,Traditional Investment Managers,0.34,South Korea
4361422,Orient Fund Management Co. Ltd.,4138631,Traditional Investment Managers,0.29,China
4361422,Guotai Asset Mgmt Co. Ltd.,4138799,Traditional Investment Managers,0.29,China
4361422,Fullgoal Fund Management Co. Ltd.,4137668,Traditional Investment Managers,0.27,China
4361422,Vanguard Fiduciary Trust Co.,5752504,Traditional Investment Managers,0.25,USA
4361422,Rosefinch Fund Management Co. Ltd.,19437756,Traditional Investment Managers,0.23,China
4361422,Dimensional Fund Advisors LP,111289,Traditional Investment Managers,0.15,USA
4361422,Norges Bank Investment Management,4138467,Sovereign Wealth Funds (<5% stake),0.14,Norway
4361422,Geode Capital Management LLC,4119759,Traditional Investment Managers,0.14,USA
4361422,ICBC Credit Suisse Fund Management Co. Ltd.,4139311,Traditional Investment Managers,0.14,China
4361422,Amundi Asset Management SAS,4026948,Traditional Investment Managers,0.14,France
4361422,Penghua Fund Management Co. Ltd.,4345260,Traditional Investment Managers,0.13,China
4361422,Bosera Asset Management Co. Ltd.,4329445,Traditional Investment Managers,0.1,China
4361422,"Zhong Ou Fund Management Co., Ltd",5860959,Traditional Investment Managers,0.1,China
4361422,First-Trust Fund Management Co. Ltd.,4140536,Traditional Investment Managers,0.09,China
4361422,ALPS Advisors Inc.,4143440,Traditional Investment Managers,0.08,USA
4361422,Ting Huang,,Individuals/Insiders,0.08,China
4361422,State Street Global Advisors Inc.,110652,Traditional Investment Managers,0.07,USA
4361422,Ping An UOB Fund Management Co. Ltd.,4556995,Traditional Investment Managers,0.07,China
4361422,Tianhong Asset Management Co. Ltd.,4345965,Traditional Investment Managers,0.07,China
4361422,First State Cinda Fund Management Co. Ltd.,4368709,Traditional Investment Managers,0.07,China
4361422,Global X Management (Aus) Ltd.,8365031,Traditional Investment Managers,0.06,Australia
4361422,Zhonghai Fund Management Co. Ltd.,4345268,Traditional Investment Managers,0.06,China
4361422,Deutsche Asset & Wealth Management,111219,Traditional Investment Managers,0.05,USA
4361422,China Merchants Fund Management Co. Ltd.,4325258,Traditional Investment Managers,0.05,China
4361422,Vanguard Asset Management Ltd.,4723508,Traditional Investment Managers,0.05,United Kingdom
4361422,Tibet Eastmoney Fund Management Co.Ltd.,20057752,Traditional Investment Managers,0.05,China
4361422,CITIC-Prudential Fund Management Company Ltd.,4345966,Traditional Investment Managers,0.05,China
4361422,Commodity Capital AG,4548989,Traditional Investment Managers,0.05,Switzerland
4361422,UBS Asset Management AG,4674815,Traditional Investment Managers,0.05,Switzerland
4361422,Cui Liao,,Individuals/Insiders,0.05,China
4361422,"Truvalue Asset Management Co.,Ltd.",5866754,Traditional Investment Managers,0.04,China
4361422,UBS SDIC Fund Management Co. Ltd.,4417406,Traditional Investment Managers,0.04,China
4361422,Morgan Stanley,103042,Banks/Investment Banks,0.04,USA
4361422,Yinhua Fund Management Co. Ltd.,4139415,Traditional Investment Managers,0.04,China
4361422,JP Morgan Asset Management,110092,Traditional Investment Managers,0.04,USA
4361422,Charles Schwab Investment Management Inc.,4048695,Traditional Investment Managers,0.03,USA
4361422,HSBC Global Asset Management (UK) Ltd.,4115698,Traditional Investment Managers,0.03,United Kingdom
4361422,Rongtong Fund Management Co. Ltd.,4139739,Traditional Investment Managers,0.03,China
4361422,HuaAn Fund Management Company Ltd.,4138661,Traditional Investment Managers,0.03,China
4361422,China Asset Management (Hong Kong) Ltd.,4388745,Traditional Investment Managers,0.03,Hong Kong
4361422,Teachers Insurance and Annuity Association-College Retirement Equities Fund,4270330,Traditional Investment Managers,0.03,USA
4361422,Mitsubishi UFJ Asset Management Co. Ltd.,4607441,Traditional Investment Managers,0.03,Japan
4361422,Jian Hua Xu,,Individuals/Insiders,0.03,China
4361422,SWS MU Fund Management Co. Ltd.,4139950,Traditional Investment Managers,0.03,China
4361422,GWL Investment Management Ltd.,4048184,Traditional Investment Managers,0.03,Canada
4361422,Wanjia Asset Management Co. Ltd.,4606392,Traditional Investment Managers,0.03,China
4361422,Fideuram Asset Management Sgr,101449874,Traditional Investment Managers,0.02,Italy
4361422,Hwabao WP Fund Management Co. Ltd.,4137720,Traditional Investment Managers,0.02,China
4361422,Invesco Capital Management LLC,4117611,Traditional Investment Managers,0.02,USA
4361422,DBX Advisors LLC,4318598,Traditional Investment Managers,0.02,USA
4361422,Bank of Communications Schroder Fund Management Co. Ltd.,4137941,Traditional Investment Managers,0.02,China
4361422,Union Asset Management Holding AG,4224292,Traditional Investment Managers,0.02,Germany
4361422,Northern Trust Global Investments,4272373,Traditional Investment Managers,0.02,United Kingdom
4361422,Phoenix Unit Trust Managers Limited,7834181,Traditional Investment Managers,0.02,United Kingdom
4361422,WisdomTree Asset Management Inc.,4145691,Traditional Investment Managers,0.02,USA
4361422,New China Fund Management Co. Ltd.,4345262,Traditional Investment Managers,0.02,China
4361422,Invesco Great Wall Fund Management Co. Ltd,5762318,Traditional Investment Managers,0.02,China
4361422,Franklin Resources Inc.,102719,Traditional Investment Managers,0.02,USA
4361422,Soochow Asset Management Co. Ltd.,4139902,Traditional Investment Managers,0.02,China
4361422,Mercer Global Investments Europe Limited,5759394,Traditional Investment Managers,0.02,Ireland
4361422,Huatai Securities (Shanghai) Asset Management Co. Ltd.,4621446,Traditional Investment Managers,0.02,China
4361422,Tebon Fund Management Co. Ltd.,4608579,Traditional Investment Managers,0.02,China
4361422,BetaShares Capital Ltd.,4578944,Traditional Investment Managers,0.02,Australia
4361422,CTBC Securities Investment Trust Co. Ltd.,4241120,Traditional Investment Managers,0.02,Taiwan
4361422,Taikang Fund Management Co. Ltd.,109523595,Traditional Investment Managers,0.02,China
4361422,CSOP Asset Management Ltd.,4408592,Traditional Investment Managers,0.02,Hong Kong
4361422,Neuberger Berman Fund management (China) Co. Ltd.,106535824,Traditional Investment Managers,0.02,#INVALID COMPANY ID
4361422,"Goldstate Capital Fund Management Co., Ltd.",5777425,Traditional Investment Managers,0.01,China
4361422,Janus Henderson Group Ltd.,4147331,Traditional Investment Managers,0.01,United Kingdom
4361422,Danske Capital Denmark,4137587,Traditional Investment Managers,0.01,Denmark
4361422,China Universal Fund Management Co. Ltd.,27663277,Traditional Investment Managers,0.01,#INVALID COMPANY ID
4361422,Legal & General Investment Management Ltd.,4139862,Traditional Investment Managers,0.01,United Kingdom
4361422,KBC Asset Management NV,4111901,Traditional Investment Managers,0.01,Belgium
4361422,Huafu Fund Management Co. Ltd.,4138775,Traditional Investment Managers,0.01,China
4361422,Great Wall Fund Management Co. Ltd.,4138760,Traditional Investment Managers,0.01,China
4361422,Nuode Asset Management Co. Ltd.,7789048,Traditional Investment Managers,0.01,China
4361422,Chang Xin Asset Management Corp. Ltd.,4345964,Traditional Investment Managers,0.01,China
4361422,Goldman Sachs Asset Management LP,110587,Traditional Investment Managers,0.01,USA
4361422,Royal London Asset Management Ltd.,4138770,Traditional Investment Managers,0.01,United Kingdom
4361422,Tidal Investments LLC,4338202,Traditional Investment Managers,0.01,USA
4361422,Lihua Fu,,Individuals/Insiders,0.01,China
4361422,CPIC Fund Management Co. Ltd.,4379197,Traditional Investment Managers,0.01,China
4361422,CCB Principal Asset Management Co. Ltd.,4138221,Traditional Investment Managers,0.01,China
4361422,"First Seafront Fund Management Co., Ltd",5851125,Traditional Investment Managers,0.01,China
4361422,Baoying Fund Management Co. Ltd.,4138088,Traditional Investment Managers,0.01,China
4361422,Xingyin Fund Management Co. Ltd.,7731166,Traditional Investment Managers,0.01,China
4361422,American Century Investment Management Inc,111074,Traditional Investment Managers,0.01,USA
4361422,Taikang Asset Management Co. Ltd.,4436408,Traditional Investment Managers,0.01,China
4361422,Eaton Vance Management,109754,Traditional Investment Managers,0.01,USA
4361422,GuideStone Capital Management LLC,4115935,Traditional Investment Managers,0.01,USA
4361422,Bg Fund Management Luxembourg S.A.,4253894,Traditional Investment Managers,0.01,Luxembourg
4361422,KLP Kapitalforvaltning AS,4138888,Traditional Investment Managers,0.01,Norway
4361422,BNP Paribas Asset Management Europe,4784107,Traditional Investment Managers,0.01,France
4361422,BMO Asset Management Corp.,109988,Traditional Investment Managers,0.01,USA
4361422,Yangming Ou,,Individuals/Insiders,0.01,China
4361422,Aberdeen Group PLC,4145085,Traditional Investment Managers,0.01,United Kingdom
4361422,Pinebridge Investments Asia Ltd.,4138005,VC/PE Firms (<5% stake),0.01,Hong Kong
4361422,AHAM Asset Management Bhd.,4190455,Traditional Investment Managers,0.01,Malaysia
4361422,Essence Fund Management Co. Ltd,5837129,Traditional Investment Managers,0.01,China
4361422,RHB Asset Management Sdn. Bhd.,4139625,Traditional Investment Managers,0.01,Malaysia
4361422,Dacheng Fund Management Co. Ltd.,4137754,Traditional Investment Managers,0.01,China
4361422,Acadian Asset Management LLC,110495,Traditional Investment Managers,0.01,USA
4361422,Capital Investment Trust Corp.,4225018,Traditional Investment Managers,0.01,Taiwan
4361422,Vontobel Asset Management SA,4825704,Traditional Investment Managers,0.01,Luxembourg
4361422,Western Leadbank Fund Management Co. Ltd.,4890277,Traditional Investment Managers,0.01,China
4361422,Straits Investment Management Pte. Ltd.,14821347,Traditional Investment Managers,0.01,Singapore
4361422,Morgan Stanley Investment Management Inc.,109721,Traditional Investment Managers,0.01,USA
4361422,SEI Investments Co.,102729,Traditional Investment Managers,0.01,USA
4361422,Fidelity Fund Management (China) Co. Ltd.,108500939,Traditional Investment Managers,0.01,China
4361422,Krane Funds Advisors LLC,4383779,Traditional Investment Managers,0.01,USA
4361422,Minsheng Royal Fund Management Co. Ltd.,4316799,Traditional Investment Managers,0.01,China
4361422,BEA Union Investment Management Ltd.,4208762,Traditional Investment Managers,0.01,Hong Kong
4361422,China Life AMP Asset Management Co. Ltd.,4559567,Traditional Investment Managers,0,China
4361422,Controlfida (Suisse) SA,6731032,Traditional Investment Managers,0,Switzerland
4361422,Fuanda Fund Management Co. Ltd.,5823548,Traditional Investment Managers,0,China
4361422,Victory Capital Management Inc.,110674,Traditional Investment Managers,0,USA
4361422,Heron View Partners LLC,4055966,Traditional Investment Managers,0,USA
4361422,BOCI-Prudential Asset Management Ltd.,4138118,Traditional Investment Managers,0,Hong Kong
4361422,BNY Asset Management,4057506,Traditional Investment Managers,0,USA
4361422,Columbia Management Investment Advisers LLC,109789,Traditional Investment Managers,0,USA
4361422,Fideuram Asset Management (Ireland) DAC,4140503,Traditional Investment Managers,0,Ireland
4361422,Strategic Advisers LLC,4102073,Traditional Investment Managers,0,USA
4361422,Manulife Asset Management,5747632,Traditional Investment Managers,0,Canada
4361422,ICBC UBS Asset Management (International) Company Ltd.,4641730,Traditional Investment Managers,0,Hong Kong
4361422,TA Investment Management Berhad,4213217,Traditional Investment Managers,0,Malaysia
4361422,Morgan Stanley Fund Management (China) Co. Ltd.,4138826,Traditional Investment Managers,0,China
4361422,Vanguard Investments Australia Ltd.,4138917,Traditional Investment Managers,0,Australia
4361422,Aviva Investors Global Services Ltd.,4376121,Traditional Investment Managers,0,United Kingdom
4361422,Founder Fubon Fund Management Co. Ltd.,4336717,Traditional Investment Managers,0,China
4361422,Bank of China Investment Management Co. Ltd.,4137999,Traditional Investment Managers,0,China
4361422,ABC-CA Fund Management Co. Ltd.,4316929,Traditional Investment Managers,0,China
4361422,Shanghai Orient Securities Asset Management Co. Ltd.,5812793,Traditional Investment Managers,0,China
4361422,Altrinsic Global Advisors LLC,4119479,Traditional Investment Managers,0,USA
4361422,Fubon Asset Management Co. Ltd.,4281837,Traditional Investment Managers,0,Taiwan
4361422,Eurizon Capital SGR SpA,4324456,Traditional Investment Managers,0,Italy
4361422,Xunman Xiong,,Individuals/Insiders,0,China
4361422,China Fund Management Co. Ltd.,5868824,Traditional Investment Managers,0,China
4361422,ProShare Advisors LLC,4153606,Traditional Investment Managers,0,USA
4361422,Fil Fund Management (China) Company Ltd.,105984690,Traditional Investment Managers,0,China
4361422,Robeco Hong Kong Ltd.,4219913,Traditional Investment Managers,0,Hong Kong
4361422,Danske Bank A/S,4080954,Traditional Investment Managers,0,Denmark
4361422,Sarasin & Partners LLP,4141040,Traditional Investment Managers,0,United Kingdom
4361422,Wellington Management Group LLP,4579014,Traditional Investment Managers,0,USA
4361422,Voya Investment Management LLC,4048215,Traditional Investment Managers,0,USA
4361422,Pictet Asset Management Ltd.,111267,Traditional Investment Managers,0,United Kingdom
4361422,Qianhai Alliance Asset Management,8364410,Traditional Investment Managers,0,China
4361422,Fidelity International Ltd.,4020980,Traditional Investment Managers,0,Bermuda
4361422,Value Partners Hong Kong Ltd.,4304908,Traditional Investment Managers,0,Hong Kong
4361422,Boston Partners Global Investors Inc.,4158830,Traditional Investment Managers,0,USA
4361422,Jpmorgan Asset Management (China) Company Ltd.,5879252,Traditional Investment Managers,0,China
4361422,Mega International Investment Trust Co. Ltd.,4314602,Traditional Investment Managers,0,Taiwan
4361422,Oberweis Asset Management Inc.,4001519,Traditional Investment Managers,0,USA
4361422,Mercer Investments LLC,4119790,Traditional Investment Managers,0,USA
4361422,Desjardins Global Asset Management Inc.,4226520,Traditional Investment Managers,0,Canada
4361422,PICC Asset Management Co. Ltd.,4341872,Traditional Investment Managers,0,China
4361422,ODDO BHF ASSET MANAGEMENT GmbH,4422379,Traditional Investment Managers,0,Germany
4361422,AllianceBernstein LP,109806,Traditional Investment Managers,0,USA
4361422,Degroof Petercam Asset Management,4377155,Traditional Investment Managers,0,Belgium
4361422,CIBC Asset Management Inc.,4048742,Traditional Investment Managers,0,Canada
4361422,Maxwealth Fund Management Co. Ltd.,4536183,Traditional Investment Managers,0,China
4361422,Changsheng Fund Management Co. Ltd.,4311270,Traditional Investment Managers,0,China
4361422,Sumitomo Mitsui DS Asset Management Co. Ltd.,4140078,Traditional Investment Managers,0,Japan
4361422,BNPP Asset Management Holding,13582910,Traditional Investment Managers,0,France
4361422,First Trust Advisors LP,4033550,Traditional Investment Managers,0,USA
4361422,Integrity Fund Management Co. Ltd.,106229912,Traditional Investment Managers,0,China
4361422,Galaxy Asset Management Co. Ltd.,4138761,Traditional Investment Managers,0,China
4361422,Hongde Fund Management Co. Ltd.,5877799,Traditional Investment Managers,0,China
4361422,Resona Asset Management Co. Ltd.,4629378,Traditional Investment Managers,0,Japan
4361422,Guolian Fund Management Company Ltd.,4878959,Traditional Investment Managers,0,China
4361422,PGIM Inc.,4119440,Traditional Investment Managers,0,USA
4361422,Lazard Asset Management LLC,110386,Traditional Investment Managers,0,USA
4361422,Sanlam Investment Management (Pty.) Ltd.,4672091,,0,South Africa
4361422,Amova Asset Management Co. Ltd.,4107954,,0,Japan
4361422,IS Asset Management,4139199,Traditional Investment Managers,0,Türkiye
4361422,Lion Fund Management Co. Ltd.,4139789,Traditional Investment Managers,0,China
4361422,JT Asset Management Co. Ltd,5853751,Traditional Investment Managers,0,China
4361422,Zhongtai Securities (Shanghai) Asset Management Co.Ltd.,5855481,Traditional Investment Managers,0,China
4361422,CICC Fund Management Co. Ltd.,4677331,Traditional Investment Managers,0,China
4361422,Horizon Asset Management Co. Ltd.,5883563,Traditional Investment Managers,0,China
4361422,Mackenzie Financial Corp.,106960,Traditional Investment Managers,0,Canada
4361422,Sumitomo Mitsui Trust Asset Management Co. Ltd.,4318240,Traditional Investment Managers,0,Japan
4361422,Hony Horizon Fund Management Co. Ltd.,9795838,Traditional Investment Managers,0,China
4361422,CI Global Asset Management,4114882,Traditional Investment Managers,0,Canada
4361422,Themes Management Co.,112247511,Traditional Investment Managers,0,USA
4361422,CIB Fund Management Co. Ltd,4404664,Traditional Investment Managers,0,China
4361422,Pacific Investment Management Co. LLC,109687,Traditional Investment Managers,0,USA
4361422,Russell Investment Management LLC,111359,Traditional Investment Managers,0,USA
4361422,Lincoln Financial Investments Corp.,4119651,Traditional Investment Managers,0,USA
4361422,Broad Asset Management Co. Ltd.,15012201,Traditional Investment Managers,0,China
4361422,Bank of Beijing Scotiabank Asset Management Co. Ltd.,4396635,Traditional Investment Managers,0,China
4361422,Security Kapitalanlage AG,4140057,Traditional Investment Managers,0,Austria
4361422,1832 Asset Management LP,4248288,Traditional Investment Managers,0,Canada
4361422,"ID-Sparinvest, Filial af Sparinvest S.A., Luxembourg",5776820,Traditional Investment Managers,0,Denmark
4361422,Swiss Life Asset Mgmt AG,4140617,Traditional Investment Managers,0,Switzerland
4361422,Storebrand Asset Management AS,4336776,Traditional Investment Managers,0,Norway
4361422,HFT Investment Management Co. Ltd. (Group,4784142,Traditional Investment Managers,0,China
4361422,Huashang Fund Management Co. Ltd.,7059915,Traditional Investment Managers,0,China
4361422,SunAmerica Asset Management LLC,111097,Traditional Investment Managers,0,USA
4361422,Sparinvest SA (Luxembourg),4232927,Traditional Investment Managers,0,Luxembourg
4361422,AXA SPDB Investment Managers Co. Ltd.,4332537,Traditional Investment Managers,0,China
4361422,Global X Japan Co. Ltd.,20326442,Traditional Investment Managers,0,#INVALID COMPANY ID
4361422,Guodu Securities Co.Ltd.,4297985,Traditional Investment Managers,0,China
4361422,BOSC Asset Management Ltd.,4553770,Traditional Investment Managers,0,China
4361422,BlackRock Fund Management Ltd.,107988050,Traditional Investment Managers,0,China
4361422,Nissay Asset Management Corp.,4116134,Traditional Investment Managers,0,Japan
4361422,BOC International (China) Co. Ltd.,4315032,Traditional Investment Managers,0,China
4361422,Franklin Templeton Sealand Fund Management Co. Ltd.,4550448,Traditional Investment Managers,0,China
4361422,Shanghai Guotai Junan Securities Asset Management Co. Ltd.,4592065,Traditional Investment Managers,0,China
4361422,Bin Wang,,Individuals/Insiders,0,China
4361422,China Merchants Securities Asset Management Co. Ltd.,4669111,Traditional Investment Managers,0,China
4361422,ChangAn Fund Management Co.Ltd,5826475,Traditional Investment Managers,0,China
4361422,USCF Advisers LLC,4560796,Traditional Investment Managers,0,USA
4361422,China International Capital Corp. Ltd.,4138232,Banks/Investment Banks,0,China
4361422,Ping An of China Asset Management (Hong Kong) Co. Ltd.,4560837,Traditional Investment Managers,0,Hong Kong
4361422,Nykredit Portefølje Administration A/S,4556895,Traditional Investment Managers,0,Denmark
4361422,Hang Seng Investment Management Ltd.,4138797,Traditional Investment Managers,0,Hong Kong
4361422,Peng Yang Fund Management Co. Ltd.,11183019,Traditional Investment Managers,0,China
4361422,"AVIC Fund Management Co., Ltd.",5880770,Traditional Investment Managers,0,China
4361422,"Gfund Management Co., Ltd.",6520584,Traditional Investment Managers,0,China
4361422,Winch Advisory Services LLC,4117742,Traditional Investment Managers,0,USA
4361422,Focusbridge Investments Ltd.,15102002,Traditional Investment Managers,0,China
4361422,Curio Wealth LLC,114676085,Family Offices/Trusts,0,USA
4361422,Dongxing Asset Management Co. Ltd.,29518821,Traditional Investment Managers,0,China
4361422,Morgan Stanley AIP GP LP,4155096,Traditional Investment Managers,0,USA
4361422,HSBC Jintrust Fund Management Co. Ltd.,4820048,Traditional Investment Managers,0,China
4361422,BNY Mellon ETF Investment Adviser LLC,19342220,Traditional Investment Managers,0,USA
4361422,Vanguard Group Inc.,109776,Traditional Investment Managers,0,USA
4361422,Citigroup Inc.,4041896,Banks/Investment Banks,-0.11,USA
4352438,Christopher James Ellison,,Individuals/Insiders,10.56,China
4352438,Australian Super Pty Ltd,4757367,Government Pension Sponsors,9.35,Australia
4352438,State Street Global Advisors Inc.,110652,Traditional Investment Managers,6.33,USA
4352438,Norges Bank Investment Management,4138467,Sovereign Wealth Funds (<5% stake),4.92,Norway
4352438,UBS Asset Management AG,4674815,Traditional Investment Managers,4.9,Switzerland
4352438,JPMorgan Chase & Co.,100201,Banks/Investment Banks,4.81,USA
4352438,BlackRock Inc.,4048287,Traditional Investment Managers,3.71,USA
4352438,L1 Capital Pty. Ltd.,4402221,Traditional Investment Managers,3.42,Australia
4352438,Citigroup Inc.,4041896,Banks/Investment Banks,3.16,USA
4352438,Vanguard Capital Management LLC,137764443,Traditional Investment Managers,2.48,USA
4352438,L1 Capital Strategic Equity Management Pty. Ltd..,108591303,Corporations (Private),1.98,Australia
4352438,Vanguard Investments Australia Ltd.,4138917,Traditional Investment Managers,1.96,Australia
4352438,Dimensional Fund Advisors LP,111289,Traditional Investment Managers,0.96,USA
4352438,Vanguard Fiduciary Trust Co.,5752504,Traditional Investment Managers,0.76,USA
4352438,Van Eck Associates Corp.,109888,Traditional Investment Managers,0.67,USA
4352438,BetaShares Capital Ltd.,4578944,Traditional Investment Managers,0.54,Australia
4352438,Mirae Asset Global Investments Co. Ltd.,4256114,Traditional Investment Managers,0.49,South Korea
4352438,Thornburg Investment Management Inc.,110829,Traditional Investment Managers,0.44,USA
4352438,Invesco Ltd.,103661,Traditional Investment Managers,0.39,USA
4352438,Nordea Investment Management AB,4026994,Traditional Investment Managers,0.37,Sweden
4352438,Mackenzie Financial Corp.,106960,Traditional Investment Managers,0.36,Canada
4352438,Legal & General Investment Management Ltd.,4139862,Traditional Investment Managers,0.31,United Kingdom
4352438,Charles Schwab Investment Management Inc.,4048695,Traditional Investment Managers,0.3,USA
4352438,Vanguard Asset Management Ltd.,4723508,Traditional Investment Managers,0.24,United Kingdom
4352438,American Century Investment Management Inc,111074,Traditional Investment Managers,0.24,USA
4352438,Wilson Asset Management (International) P,4139656,Traditional Investment Managers,0.2,Australia
4352438,Goldman Sachs Asset Management LP,110587,Traditional Investment Managers,0.18,USA
4352438,Bessemer Investment Management LLC,4118993,Traditional Investment Managers,0.17,USA
4352438,JP Morgan Asset Management,110092,Traditional Investment Managers,0.16,USA
4352438,Global X Management (Aus) Ltd.,8365031,Traditional Investment Managers,0.15,Australia
4352438,Geode Capital Management LLC,4119759,Traditional Investment Managers,0.14,USA
4352438,Premier Fund Managers Ltd.,4138723,Traditional Investment Managers,0.1,United Kingdom
4352438,Smartshares Ltd.,4139976,Traditional Investment Managers,0.08,New Zealand
4352438,Northern Trust Global Investments,4272373,Traditional Investment Managers,0.07,United Kingdom
4352438,Teachers Insurance and Annuity Association-College Retirement Equities Fund,4270330,Traditional Investment Managers,0.07,USA
4352438,Invesco Capital Management LLC,4117611,Traditional Investment Managers,0.06,USA
4352438,Oberweis Asset Management Inc.,4001519,Traditional Investment Managers,0.06,USA
4352438,Driehaus Capital Management LLC,111537,Traditional Investment Managers,0.05,USA
4352438,Aberdeen Group PLC,4145085,Traditional Investment Managers,0.05,United Kingdom
4352438,Indus Capital Partners LLC,4134533,Hedge Fund Managers (<5% stake),0.04,USA
4352438,Ausbil Investment Management Ltd.,4565421,Traditional Investment Managers,0.04,Australia
4352438,Royal London Asset Management Ltd.,4138770,Traditional Investment Managers,0.04,United Kingdom
4352438,Mark G. Wilson,,Individuals/Insiders,0.03,China
4352438,Macquarie Investment Management Global Ltd.,4654230,Traditional Investment Managers,0.03,Australia
4352438,Amundi Asset Management SAS,4026948,Traditional Investment Managers,0.03,France
4352438,HSBC Global Asset Management (UK) Ltd.,4115698,Traditional Investment Managers,0.02,United Kingdom
4352438,IG Investment Management Ltd.,4005523,Traditional Investment Managers,0.02,Canada
4352438,Tidal Investments LLC,4338202,Traditional Investment Managers,0.02,USA
4352438,KLP Kapitalforvaltning AS,4138888,Traditional Investment Managers,0.02,Norway
4352438,Vanguard Global Advisers LLC,4337989,Traditional Investment Managers,0.02,USA
4352438,James Timothy McClements,,Individuals/Insiders,0.02,China
4352438,Scotia Wealth Management,5873663,Banks/Investment Banks,0.02,Canada
4352438,AllianceBernstein LP,109806,Traditional Investment Managers,0.01,USA
4352438,Thrivent Investment Management Inc.,4102247,Traditional Investment Managers,0.01,USA
4352438,LGPS Central Limited,7108293,VC/PE Firms (<5% stake),0.01,United Kingdom
4352438,Krane Funds Advisors LLC,4383779,Traditional Investment Managers,0.01,USA
4352438,GWL Investment Management Ltd.,4048184,Traditional Investment Managers,0.01,Canada
4352438,Canada Life Investment Management Ltd.,27584974,Traditional Investment Managers,0.01,Canada
4352438,Ninety One UK Ltd.,4138889,Traditional Investment Managers,0.01,United Kingdom
4352438,New York Life Investment Management LLC,4073190,Traditional Investment Managers,0.01,USA
4352438,CapSolutions GmbH,14833261,Traditional Investment Managers,0.01,Germany
4352438,IS Asset Management,4139199,Traditional Investment Managers,0.01,Türkiye
4352438,Xi Xi,,Individuals/Insiders,0.01,China
4352438,Franklin Resources Inc.,102719,Traditional Investment Managers,0.01,USA
4352438,ProShare Advisors LLC,4153606,Traditional Investment Managers,0.01,USA
4352438,ANZ New Zealand Investments Ltd.,4139073,Traditional Investment Managers,0.01,New Zealand
4352438,Justin Langer,,Individuals/Insiders,0.01,China
4352438,Susan Jane Corlett,,Individuals/Insiders,0,China
4352438,BNY Asset Management,4057506,Traditional Investment Managers,0,USA
4352438,Malcolm Peter Bundey,,Individuals/Insiders,0,China
4352438,Colleen Hayward,,Individuals/Insiders,0,China
4352438,CoreCommodity Management LLC,4134208,Traditional Investment Managers,0,USA
4352438,Lulezim Hysni Meka,,Individuals/Insiders,0,China
4352438,DJE Kapital AG,4212529,Traditional Investment Managers,0,Germany
4352438,Zurich Invest Bank AG,6337027,Traditional Investment Managers,0,Switzerland
4352438,BTG Pactual Global Asset Management Ltd.,4252258,Traditional Investment Managers,0,Bermuda
4352438,Deutsche Asset & Wealth Management,111219,Traditional Investment Managers,0,USA
4352438,Russell Investment Management LLC,111359,Traditional Investment Managers,0,USA
4352438,Denise Patricia McComish,,Individuals/Insiders,0,China
4352438,Mercer Global Investments Europe Limited,5759394,Traditional Investment Managers,0,Ireland
4352438,Green Arrow Capital SGR SpA,5745911,VC/PE Firms (<5% stake),0,Italy
4352438,Ross Anthony Carroll,,Individuals/Insiders,0,China
4352438,Jacqueline Elizabeth McGill,,Individuals/Insiders,0,China
4352438,Colin Francis Moorhead,,Individuals/Insiders,0,China
4352438,Aviva Investors Global Services Ltd.,4376121,Traditional Investment Managers,0,United Kingdom
4352438,Massachusetts Financial Services Company,109763,Traditional Investment Managers,0,USA
4352438,Lawrence John Tremaine,,Individuals/Insiders,0,China
4352438,CI Global Asset Management,4114882,Traditional Investment Managers,0,Canada
4352438,Themes Management Co.,112247511,Traditional Investment Managers,0,USA
4352438,Pacific Investment Management Co. LLC,109687,Traditional Investment Managers,0,USA
4352438,Anima SGR SpA,4137693,Traditional Investment Managers,0,Italy
4352438,Susan Ferrier,,Individuals/Insiders,0,China
4352438,Nomura Asset Management Co. Ltd.,4048507,Traditional Investment Managers,0,Japan
4352438,FMR LLC,3000896,Traditional Investment Managers,0,USA
4352438,First Trust Advisors LP,4033550,Traditional Investment Managers,0,USA
4352438,Evli Fund Management Co. Ltd.,4198648,Traditional Investment Managers,0,Finland
4352438,Wilshire Advisors LLC,4048818,Traditional Investment Managers,0,USA
4352438,Innovator Capital Management LLC,4975908,Traditional Investment Managers,0,USA
4352438,SEI Investments Co.,102729,Traditional Investment Managers,0,USA
4352438,Lombard Odier Asset Management (Europe) Ltd.,4289501,Traditional Investment Managers,0,United Kingdom
4352438,Lombard Odier Asset Management (Switzerland) SA,7060057,Traditional Investment Managers,0,Switzerland
4352438,Morgan Stanley Investment Management Inc.,109721,Traditional Investment Managers,0,USA
4352438,USCF Advisers LLC,4560796,Traditional Investment Managers,0,USA
4352438,Sumitomo Mitsui Trust Asset Management Co. Ltd.,4318240,Traditional Investment Managers,0,Japan
4352438,Resona Asset Management Co. Ltd.,4629378,Traditional Investment Managers,0,Japan
4352438,Vanguard Group Inc.,109776,Traditional Investment Managers,0,USA
4352438,Asset Management One Co. Ltd.,4120033,Traditional Investment Managers,0,Japan
4352438,Connor Clark & Lunn Investment Management Ltd.,4035990,Traditional Investment Managers,-0.01,Canada
4352438,AQR Capital Management LLC,4119538,Hedge Fund Managers (<5% stake),-0.09,USA
4149660,Aluminum Corp. of China,4572195,Corporations (Private),11.23,China
4149660,BlackRock Inc.,4048287,Traditional Investment Managers,7.76,USA
4149660,State Street Global Advisors Inc.,110652,Traditional Investment Managers,4.18,USA
4149660,Australian Super Pty Ltd,4757367,Government Pension Sponsors,3.37,Australia
4149660,Vanguard Capital Management LLC,137764443,Traditional Investment Managers,2.65,USA
4149660,Norges Bank Investment Management,4138467,Sovereign Wealth Funds (<5% stake),1.77,Norway
4149660,UBS Asset Management AG,4674815,Traditional Investment Managers,1.67,Switzerland
4149660,FMR LLC,3000896,Traditional Investment Managers,1.57,USA
4149660,HSBC Global Asset Management (UK) Ltd.,4115698,Traditional Investment Managers,1.52,United Kingdom
4149660,JP Morgan Asset Management,110092,Traditional Investment Managers,1.45,USA
4149660,Fisher Asset Management LLC,111354,Traditional Investment Managers,1.39,USA
4149660,L&G - Asset Management Ltd.,4231356,Traditional Investment Managers,1.15,United Kingdom
4149660,JPMorgan Chase & Co.,100201,Banks/Investment Banks,1.12,USA
4149660,State Farm Mutual Automobile Insurance Co.,13959,Insurance Companies,1.05,USA
4149660,Vanguard Asset Management Ltd.,4723508,Traditional Investment Managers,0.96,United Kingdom
4149660,Amundi Asset Management SAS,4026948,Traditional Investment Managers,0.96,France
4149660,Geode Capital Management LLC,4119759,Traditional Investment Managers,0.91,USA
4149660,Schroder Investment Management Ltd.,4249110,Traditional Investment Managers,0.88,United Kingdom
4149660,Legal & General Investment Management Ltd.,4139862,Traditional Investment Managers,0.82,United Kingdom
4149660,Capital Research and Management Co.,111195,Traditional Investment Managers,0.81,USA
4149660,Aberdeen Group PLC,4145085,Traditional Investment Managers,0.79,United Kingdom
4149660,Vanguard Fiduciary Trust Co.,5752504,Traditional Investment Managers,0.76,USA
4149660,Rathbones Investment Management Ltd.,4115725,Traditional Investment Managers,0.69,United Kingdom
4149660,Vanguard Investments Australia Ltd.,4138917,Traditional Investment Managers,0.67,Australia
4149660,Mitsubishi UFJ Asset Management Co. Ltd.,4607441,Traditional Investment Managers,0.65,Japan
4149660,DZ Bank AG,4142663,Traditional Investment Managers,0.64,Germany
4149660,Dimensional Fund Advisors LP,111289,Traditional Investment Managers,0.62,USA
4149660,Commonwealth Bank Officers Superannuation Corp. Pty Ltd,5786329,Corporate Pension Sponsors,0.58,Australia
4149660,Massachusetts Financial Services Company,109763,Traditional Investment Managers,0.58,USA
4149660,Superannuation and Investments HoldCo Pty Ltd.,105695553,Traditional Investment Managers,0.57,Australia
4149660,Macquarie Investment Management Global Ltd.,4654230,Traditional Investment Managers,0.52,Australia
4149660,Perpetual Ltd.,4155715,Traditional Investment Managers,0.52,Australia
4149660,Barclays PLC,114508,Banks/Investment Banks,0.52,United Kingdom
4149660,Northern Trust Global Investments,4272373,Traditional Investment Managers,0.5,United Kingdom
4149660,IFM Investors Pty. Ltd.,4231404,Traditional Investment Managers,0.48,Australia
4149660,Hargreaves Lansdown Asset Management Ltd.,4219776,Traditional Investment Managers,0.46,United Kingdom
4149660,Rio Tinto Esop Trust,5775404,ESOP,0.44,United Kingdom
4149660,Charles Schwab Investment Management Inc.,4048695,Traditional Investment Managers,0.44,USA
4149660,Rabobank,4145124,Traditional Investment Managers,0.42,Netherlands
4149660,Janus Henderson Group Ltd.,4147331,Traditional Investment Managers,0.42,United Kingdom
4149660,Goldman Sachs Asset Management LP,110587,Traditional Investment Managers,0.41,USA
4149660,Silchester International Investors LLP,110834,Traditional Investment Managers,0.41,United Kingdom
4149660,Deutsche Asset & Wealth Management,111219,Traditional Investment Managers,0.4,USA
4149660,Strategic Advisers LLC,4102073,Traditional Investment Managers,0.4,USA
4149660,Commerzbank AG,113985,Banks/Investment Banks,0.38,Germany
4149660,Invesco Ltd.,103661,Traditional Investment Managers,0.37,USA
4149660,Harding Loevner LP,110879,Traditional Investment Managers,0.37,USA
4149660,Royal London Asset Management Ltd.,4138770,Traditional Investment Managers,0.36,United Kingdom
4149660,Franklin Resources Inc.,102719,Traditional Investment Managers,0.35,USA
4149660,UniSuper Ltd.,4480593,Corporate Pension Sponsors,0.33,Australia
4149660,SAFE Investment Co. Ltd.,4418711,Sovereign Wealth Funds (<5% stake),0.32,Hong Kong
4149660,Aviva Investors Global Services Ltd.,4376121,Traditional Investment Managers,0.32,United Kingdom
4149660,Bank Julius Bär & Co. AG,4056822,Traditional Investment Managers,0.31,Switzerland
4149660,Baillie Gifford & Co.,4026973,Traditional Investment Managers,0.29,United Kingdom
4149660,Deka Investment GmbH,4137912,Traditional Investment Managers,0.28,Germany
4149660,Swedbank Robur Fonder AB,4139866,Traditional Investment Managers,0.27,Sweden
4149660,Mirae Asset Global Investments Co. Ltd.,4256114,Traditional Investment Managers,0.26,South Korea
4149660,GIC Pte. Ltd.,4005446,Sovereign Wealth Funds (<5% stake),0.25,Singapore
4149660,Goldman Sachs Group Inc.,4039450,Traditional Investment Managers,0.24,USA
4149660,National Pension Service,4250467,Government Pension Sponsors,0.24,South Korea
4149660,RBC Europe Ltd.,4138204,Traditional Investment Managers,0.24,United Kingdom
4149660,Raymond James Wealth Management Ltd.,4235168,Traditional Investment Managers,0.23,United Kingdom
4149660,Fidelity International Ltd.,4020980,Traditional Investment Managers,0.23,Bermuda
4149660,Arrowstreet Capital Ltd. Partnership,4049161,Traditional Investment Managers,0.23,USA
4149660,CIBC Asset Management Inc.,4048742,Traditional Investment Managers,0.22,Canada
4149660,Man Group PLC,4040817,Hedge Fund Managers (<5% stake),0.22,United Kingdom
4149660,Palliser Capital (UK) Ltd.,28828715,Hedge Fund Managers (<5% stake),0.21,United Kingdom
4149660,Ninety One UK Ltd.,4138889,Traditional Investment Managers,0.21,United Kingdom
4149660,BMO Asset Management Corp.,109988,Traditional Investment Managers,0.2,USA
4149660,Morgan Stanley,103042,Banks/Investment Banks,0.2,USA
4149660,Schroder Investment Management North America Inc.,109872,Traditional Investment Managers,0.18,USA
4149660,Deutsche Bank AG,113830,Traditional Investment Managers,0.18,Germany
4149660,M&G Investment Management Ltd.,4048349,Traditional Investment Managers,0.18,United Kingdom
4149660,Netwealth Investments Ltd.,4212945,Traditional Investment Managers,0.18,Australia
4149660,Evelyn Partners Investment Management LLP,4570292,Traditional Investment Managers,0.18,United Kingdom
4149660,Citigroup Inc.,4041896,Banks/Investment Banks,0.18,USA
4149660,Grantham Mayo Van Otterloo & Co. LLC,110399,Traditional Investment Managers,0.18,USA
4149660,JM Finn & Co Ltd.,4648892,Traditional Investment Managers,0.17,United Kingdom
4149660,Columbia Management Investment Advisers LLC,109789,Traditional Investment Managers,0.17,USA
4149660,Van Eck Associates Corp.,109888,Traditional Investment Managers,0.17,USA
4149660,Allianz Asset Management GmbH,4208127,Traditional Investment Managers,0.17,Germany
4149660,Société Générale SA,113818,Banks/Investment Banks,0.16,France
4149660,ODDO BHF Asset Management SAS,4138488,,0.16,France
4149660,HBOS Investment Fund Managers Ltd.,7058800,Traditional Investment Managers,0.15,United Kingdom
4149660,T. Rowe Price Group Inc.,4055767,Traditional Investment Managers,0.15,USA
4149660,Neuberger Berman Investment Advisers LLC,109731,Traditional Investment Managers,0.15,USA
4149660,ClearBridge Investments LLC,4113062,Traditional Investment Managers,0.15,USA
4149660,Nordea Investment Management AB,4026994,Traditional Investment Managers,0.15,Sweden
4149660,Capfi Delen Asset Management NV,4439678,Traditional Investment Managers,0.15,Belgium
4149660,Canaccord Genuity Wealth (International) Ltd.,4857391,Traditional Investment Managers,0.15,Jersey
4149660,Quilter Cheviot Ltd.,4149461,Traditional Investment Managers,0.15,United Kingdom
4149660,Qube Research & Technologies Ltd.,9146348,Traditional Investment Managers,0.15,United Kingdom
4149660,N.F.U. Mutual Unit Managers Ltd.,4400207,Insurance Companies,0.15,United Kingdom
4149660,Argo Investments Ltd.,4137841,Traditional Investment Managers,0.14,Australia
4149660,Eaton Vance Management,109754,Traditional Investment Managers,0.14,USA
4149660,BetaShares Capital Ltd.,4578944,Traditional Investment Managers,0.14,Australia
4149660,Barclays Bank PLC,4041196,Traditional Investment Managers,0.14,United Kingdom
4149660,TrinityBridge Ltd.,4492849,Traditional Investment Managers,0.13,United Kingdom
4149660,Merrill Lynch Pierce Fenner & Smith Inc.,3006816,Banks/Investment Banks,0.13,USA
4149660,Australian Foundation Investment Co. Ltd.,4137838,Traditional Investment Managers,0.13,Australia
4149660,Magellan Investment Partners,4206857,Traditional Investment Managers,0.12,Australia
4149660,Eleva Capital LLP,4595466,Traditional Investment Managers,0.12,United Kingdom
4149660,Allan & Gill Gray Foundation,4658924,Charitable Foundations,0.12,South Africa
4149660,Pictet Asset Management Ltd.,111267,Traditional Investment Managers,0.12,United Kingdom
4149660,California Public Employees' Retirement System,4005175,Government Pension Sponsors,0.12,USA
4149660,BNP Paribas SA,3001689,Traditional Investment Managers,0.11,France
4149660,ING Groep NV,113837,Traditional Investment Managers,0.11,Netherlands
4149660,LGT Wealth Management UK LLP,4223012,Traditional Investment Managers,0.11,United Kingdom
4149660,Delen Investments,5757859,Traditional Investment Managers,0.11,Belgium
4149660,Lansdowne Partners Ltd.,4339647,Hedge Fund Managers (<5% stake),0.11,United Kingdom
4149660,Natixis Advisors LLC,4119727,Traditional Investment Managers,0.11,USA
4149660,Temasek Holdings (Pvt.) Ltd.,4138769,VC/PE Firms (<5% stake),0.11,Singapore
4149660,Edward Jones Trust Co.,1000525,Traditional Investment Managers,0.11,USA
4149660,Teachers Insurance and Annuity Association-College Retirement Equities Fund,4270330,Traditional Investment Managers,0.11,USA
4149660,RBC Global Asset Management Inc.,4281265,Traditional Investment Managers,0.1,Canada
4149660,Danske Bank A/S,4080954,Traditional Investment Managers,0.1,Denmark
4149660,LGT Capital Partners (FL) Ltd.,4139756,Traditional Investment Managers,0.1,Liechtenstein
4149660,West Yorkshire Pension Fund,4139641,Government Pension Sponsors,0.1,United Kingdom
4149660,Mutual Trust Pty. Ltd.,4393434,Family Offices/Trusts,0.1,Australia
4149660,ZKB Asset Management,5753419,Traditional Investment Managers,0.1,Switzerland
4149660,BNY Asset Management,4057506,Traditional Investment Managers,0.09,USA
4149660,Kuwait Investment Authority,4055370,Sovereign Wealth Funds (<5% stake),0.09,Kuwait
4149660,EARNEST Partners LLC,4104362,Traditional Investment Managers,0.09,USA
4149660,BNP Paribas Financial Markets SNC,4310789,Traditional Investment Managers,0.09,France
4149660,Wellington Management Group LLP,4579014,Traditional Investment Managers,0.09,USA
4149660,Lombard Odier Darier Hentsch & Cie Asset Management,5749063,Traditional Investment Managers,0.09,Switzerland
4149660,Aegon Asset Management UK Plc,4298314,Traditional Investment Managers,0.09,United Kingdom
4149660,Mercer Global Investments Europe Limited,5759394,Traditional Investment Managers,0.08,Ireland
4149660,Border To Coast Pensions Partnership Ltd.,10499632,Government Pension Sponsors,0.08,United Kingdom
4149660,ADG Verto Capital Management S.à.r.l.,100481170,Traditional Investment Managers,0.08,Luxembourg
4149660,Royal Bank of Canada,100522,Banks/Investment Banks,0.08,Canada
4149660,LBBW Asset Management Investment GmbH,4242466,Traditional Investment Managers,0.08,Germany
4149660,DJE Kapital AG,4212529,Traditional Investment Managers,0.08,Germany
4149660,Jupiter Fund Management PLC,4271664,Traditional Investment Managers,0.08,United Kingdom
4149660,Wells Fargo & Co.,100382,Banks/Investment Banks,0.08,USA
4149660,Interactive Brokers Group Inc.,4153870,Banks/Investment Banks,0.08,USA
4149660,Sumitomo Mitsui DS Asset Management Co. Ltd.,4140078,Traditional Investment Managers,0.08,Japan
4149660,Schroder Investment Mgmt (Singapore) Ltd.,4139955,Traditional Investment Managers,0.08,Singapore
4149660,American Century Investment Management Inc,111074,Traditional Investment Managers,0.07,USA
4149660,J O Hambro Capital Management Ltd.,4056595,Traditional Investment Managers,0.07,United Kingdom
4149660,Phoenix Group PLC,114675656,Corporations (Public),0.07,United Arab Emirates
4149660,The Toronto-Dominion Bank,100519,Traditional Investment Managers,0.07,Canada
4149660,Bank Pictet & Cie (Europe) AG,4138890,Traditional Investment Managers,0.07,Germany
4149660,Altshuler Shaham Ltd.,5755714,Traditional Investment Managers,0.07,Israel
4149660,Killik Asset Management,5763781,Traditional Investment Managers,0.07,United Kingdom
4149660,UniCredit SpA,4055762,Banks/Investment Banks,0.07,Italy
4149660,1832 Asset Management LP,4248288,Traditional Investment Managers,0.07,Canada
4149660,BBVA Asset Management S.A. S.G.I.I.C,4138393,Traditional Investment Managers,0.07,Spain
4149660,Artemis Investment Management LLP,5828077,Traditional Investment Managers,0.07,United Kingdom
4149660,IAG Asset Management Ltd.,4139108,Traditional Investment Managers,0.07,Australia
4149660,AXA Investment Managers UK Ltd.,4405395,Traditional Investment Managers,0.07,United Kingdom
4149660,ClearBridge Investment Management Ltd.,110891,Traditional Investment Managers,0.06,United Kingdom
4149660,Vontobel Asset Management AG,4138727,Traditional Investment Managers,0.06,Switzerland
4149660,Jane Street Group LLC,4437851,Traditional Investment Managers,0.06,USA
4149660,ING Solutions Investment Management S.A.,5851393,Traditional Investment Managers,0.06,Luxembourg
4149660,SG Americas Securities LLC,4092965,Banks/Investment Banks,0.06,USA
4149660,Handelsbanken Asset Management,4140470,Traditional Investment Managers,0.06,Sweden
4149660,National Bank of the Republic of Kazakhstan,4233720,State Owned Shares,0.06,Kazakhstan
4149660,Public Sector Pension Investment Board,4150190,Government Pension Sponsors,0.06,Canada
4149660,LLB Asset Management AG,4760049,Traditional Investment Managers,0.06,Liechtenstein
4149660,Wilson Asset Management (International) P,4139656,Traditional Investment Managers,0.06,Australia
4149660,Renaissance Technologies LLC,4048646,Hedge Fund Managers (<5% stake),0.06,USA
4149660,First Trust Advisors LP,4033550,Traditional Investment Managers,0.06,USA
4149660,SEI Investments Co.,102729,Traditional Investment Managers,0.06,USA
4149660,California State Teachers' Retirement System,4047959,Government Pension Sponsors,0.06,USA
4149660,U.S. Bancorp Asset Management Inc.,4073155,Traditional Investment Managers,0.06,USA
4149660,RBC Dominion Securities Inc.,4056453,Banks/Investment Banks,0.06,Canada
4149660,Sumitomo Mitsui Financial Group Inc.,4086518,Banks/Investment Banks,0.06,Japan
4149660,Korea Investment Corp.,4213799,Sovereign Wealth Funds (<5% stake),0.06,South Korea
4149660,Managed Account Advisors LLC,4187561,Traditional Investment Managers,0.06,USA
4149660,Todd Asset Management LLC,110634,Traditional Investment Managers,0.05,USA
4149660,Raymond James Financial Inc.,102771,Traditional Investment Managers,0.05,USA
4149660,Envestnet Asset Management Inc.,4072215,Traditional Investment Managers,0.05,USA
4149660,SAMA Foreign Holdings,5807369,Sovereign Wealth Funds (<5% stake),0.05,Saudi Arabia
4149660,Trade Republic Bank GmbH,10879397,Banks/Investment Banks,0.05,Germany
4149660,Bank J. Safra Sarasin AG,4138267,Traditional Investment Managers,0.05,Switzerland
4149660,Amundi Luxembourg S.A.,4765178,Traditional Investment Managers,0.05,Luxembourg
4149660,Peter & Lyndy White Foundation Pty Ltd,8386766,Charitable Foundations,0.05,Australia
4149660,SEB Funds AB,4256960,Traditional Investment Managers,0.05,Latvia
4149660,Natixis SA,4077805,Banks/Investment Banks,0.05,France
4149660,Pacer Advisors Inc.,4539004,Traditional Investment Managers,0.05,USA
4149660,BNPP Asset Management Holding,13582910,Traditional Investment Managers,0.05,France
4149660,CM-CIC Asset Management SA,4139024,Traditional Investment Managers,0.05,France
4149660,Cullen Capital Management LLC,4099072,Traditional Investment Managers,0.05,USA
4149660,BNP Paribas Securities Corp.,109247,Banks/Investment Banks,0.05,USA
4149660,EFG Bank AG,4147586,Banks/Investment Banks,0.05,Switzerland
4149660,Milford Asset Management LTD,4211891,Traditional Investment Managers,0.05,New Zealand
4149660,Australian United Investment Co. Ltd.,4137842,Traditional Investment Managers,0.05,Australia
4149660,Wesleyan Unit Trust Managers Ltd.,4139637,Traditional Investment Managers,0.05,United Kingdom
4149660,RREEF America L.L.C.,4048674,Traditional Investment Managers,0.04,USA
4149660,KBC Asset Management NV,4111901,Traditional Investment Managers,0.04,Belgium
4149660,Universal Investment GmbH,4630169,Traditional Investment Managers,0.04,Germany
4149660,London Wealth Management Ltd,7643180,Traditional Investment Managers,0.04,United Kingdom
4149660,Sjunde AP-fonden,4140101,Government Pension Sponsors,0.04,Sweden
4149660,City of Edinburgh Council,4609080,State Owned Shares,0.04,United Kingdom
4149660,DBX Advisors LLC,4318598,Traditional Investment Managers,0.04,USA
4149660,BPER Banca SpA,4219855,Traditional Investment Managers,0.04,Italy
4149660,flatexDEGIRO Bank AG,4316135,Banks/Investment Banks,0.04,Germany
4149660,Union Bancaire Privee Asset Management LLC,4118992,Traditional Investment Managers,0.04,USA
4149660,Nomura Asset Management Co. Ltd.,4048507,Traditional Investment Managers,0.04,Japan
4149660,Cecabank SA,4405893,Banks/Investment Banks,0.04,Spain
4149660,Aviva Investors UK Fund Services Limited,5746445,Traditional Investment Managers,0.04,United Kingdom
4149660,GWL Investment Management Ltd.,4048184,Traditional Investment Managers,0.04,Canada
4149660,Banque de Luxembourg SA,4138309,Traditional Investment Managers,0.04,Luxembourg
4149660,High Ground Investment Management LLP,19070475,Hedge Fund Managers (<5% stake),0.04,United Kingdom
4149660,Joh. Berenberg Gossler & Co. KG,4138286,Traditional Investment Managers,0.04,Germany
4149660,Lightman Investment Management Ltd.,13420158,Traditional Investment Managers,0.04,United Kingdom
4149660,Ceská Národní Banka,4235357,State Owned Shares,0.04,Czechia
4149660,JOHCM (USA) Inc,4398826,Traditional Investment Managers,0.04,USA
4149660,Quilter Investors Ltd.,4388424,Traditional Investment Managers,0.04,United Kingdom
4149660,RWC Partners Ltd.,4135098,Traditional Investment Managers,0.04,United Kingdom
4149660,Bank of America Corp.,100369,Banks/Investment Banks,0.04,USA
4149660,IOOF Investment Services Ltd.,4216451,Traditional Investment Managers,0.04,Australia
4149660,Canada Pension Plan Investment Board,4153483,Government Pension Sponsors,0.03,Canada
4149660,Candriam Société En Commandite Par Actions,4578989,Traditional Investment Managers,0.03,Luxembourg
4149660,Teachers' Retirement System of the State of Kentucky,4324992,Government Pension Sponsors,0.03,USA
4149660,Teacher Retirement System of Texas,4139256,Government Pension Sponsors,0.03,USA
4149660,AllianceBernstein LP,109806,Traditional Investment Managers,0.03,USA
4149660,NatWest Markets PLC,3002056,Traditional Investment Managers,0.03,United Kingdom
4149660,Adage Capital Management LP,4081046,Hedge Fund Managers (<5% stake),0.03,USA
4149660,VP Fund Solutions (Liechtenstein) AG,4782245,Traditional Investment Managers,0.03,Liechtenstein
4149660,Capital Advisors Inc.,4055201,Traditional Investment Managers,0.03,USA
4149660,New Jersey Division of Investment,4138462,Government Pension Sponsors,0.03,USA
4149660,LPL Financial LLC,4026057,Traditional Investment Managers,0.03,USA
4149660,Creative Planning LLC,4117421,Traditional Investment Managers,0.03,USA
4149660,United Nations (UN ) Investment Management Division,6789688,Government Pension Sponsors,0.03,USA
4149660,National Bank Investments Inc.,4575993,Traditional Investment Managers,0.03,Canada
4149660,Russell Investment Management LLC,111359,Traditional Investment Managers,0.03,USA
4149660,Nomura Holdings Inc.,4085931,Traditional Investment Managers,0.03,Japan
4149660,Abu Dhabi Investment Authority,4137795,Sovereign Wealth Funds (<5% stake),0.03,United Arab Emirates
4149660,La Mondiale Gestion D'actifs,5758168,Traditional Investment Managers,0.03,France
4149660,Sarasin & Partners LLP,4141040,Traditional Investment Managers,0.03,United Kingdom
4149660,GAM Holding AG,4056821,Traditional Investment Managers,0.03,Switzerland
4149660,BCEE Asset Management SA,4323357,Traditional Investment Managers,0.03,Luxembourg
4149660,Hudson River Trading LLC,4383268,Banks/Investment Banks,0.03,USA
4149660,LUKB Expert Fondsleitung AG,4139662,Traditional Investment Managers,0.03,Switzerland
4149660,Internationale Kapitalanlagegesellschaft Mit Beschränkter Haftung,4213761,Traditional Investment Managers,0.03,Germany
4149660,Saxo Bank A/S,4233769,Traditional Investment Managers,0.03,Denmark
4149660,Rathbones Asset Management Ltd.,4140567,,0.03,United Kingdom
4149660,Scalable Capital GmbH,19504165,Banks/Investment Banks,0.03,Germany
4149660,Trading 212 UK Ltd.,9159561,Banks/Investment Banks,0.03,United Kingdom
4149660,KLP Pensjonsforsikring AS,5757861,Government Pension Sponsors,0.03,Norway
4149660,Warburg Invest Kapitalanlage GmbH,4139610,Traditional Investment Managers,0.03,Germany
4149660,Pacific Heights Asset Management LLC,4115842,Traditional Investment Managers,0.03,USA
4149660,InsingerGilissen Asset Management NV,14953692,Traditional Investment Managers,0.03,Netherlands
4149660,Tredje AP-fonden,4139758,Government Pension Sponsors,0.03,Sweden
4149660,St. Galler Kantonalbank AG,4182942,Traditional Investment Managers,0.03,Switzerland
4149660,Bayview Asset Management Co. Ltd,4547617,Hedge Fund Managers (<5% stake),0.03,Japan
4149660,ABC Arbitrage Asset Management SA,4545294,Traditional Investment Managers,0.02,France
4149660,Manulife Asset Management,5747632,Traditional Investment Managers,0.02,Canada
4149660,SIGNAL IDUNA Asset Management GmbH,4547746,Traditional Investment Managers,0.02,Germany
4149660,Vermeer Investment Management Limited,5876506,Traditional Investment Managers,0.02,United Kingdom
4149660,Ruth Asset Management,11963653,Traditional Investment Managers,0.02,USA
4149660,Thrivent Investment Management Inc.,4102247,Traditional Investment Managers,0.02,USA
4149660,BNP Paribas Asset Management Europe,4784107,Traditional Investment Managers,0.02,France
4149660,Vanguard Global Advisers LLC,4337989,Traditional Investment Managers,0.02,USA
4149660,Fourth Swedish National Pension Fund (AP4),4140538,Government Pension Sponsors,0.02,Sweden
4149660,Mercer Investments LLC,4119790,Traditional Investment Managers,0.02,USA
4149660,IG Investment Management Ltd.,4005523,Traditional Investment Managers,0.02,Canada
4149660,PGIM Inc.,4119440,Traditional Investment Managers,0.02,USA
4149660,McInroy & Wood Limited,5753470,Traditional Investment Managers,0.02,United Kingdom
4149660,Eurizon Capital SGR SpA,4324456,Traditional Investment Managers,0.02,Italy
4149660,TD Asset Management Inc.,4093616,Traditional Investment Managers,0.02,Canada
4149660,Quintet Asset Management SA,4138868,Traditional Investment Managers,0.02,Luxembourg
4149660,Bank Negara Malaysia,4109058,State Owned Shares,0.02,Malaysia
4149660,Oregon Public Employees Retirement Fund,4251507,Government Pension Sponsors,0.02,USA
4149660,Invesco Capital Management LLC,4117611,Traditional Investment Managers,0.02,USA
4149660,Polar Capital Holdings PLC,4195225,Traditional Investment Managers,0.02,United Kingdom
4149660,BHF Trust Management Gesellschaft fur Vermogensverwaltung mbH,4209510,Traditional Investment Managers,0.02,Germany
4149660,Teachers' Retirement System of the State of Illinois,4295708,Government Pension Sponsors,0.02,USA
4149660,Raiffeisenlandesbank Oberösterreich AG,4213238,Banks/Investment Banks,0.02,Austria
4149660,ODDO BHF ASSET MANAGEMENT GmbH,4422379,Traditional Investment Managers,0.02,Germany
4149660,Brown Shipley & Co. Ltd.,4138407,Traditional Investment Managers,0.02,United Kingdom
4149660,Bankinter Gestion de Activos S.A. S.G.I.I.C.,4323005,Traditional Investment Managers,0.02,Spain
4149660,Victory Capital Management Inc.,110674,Traditional Investment Managers,0.02,USA
4149660,Macquarie Group Ltd.,4049169,Banks/Investment Banks,0.02,Australia
4149660,Asset Management One Co. Ltd.,4120033,Traditional Investment Managers,0.02,Japan
4149660,MEAG MUNICH ERGO Kapitalanlagegesellschaft mbH,4137909,Traditional Investment Managers,0.02,Germany
4149660,Kornitzer Capital Management Inc.,111010,Traditional Investment Managers,0.02,USA
4149660,STRS Ohio,4138856,Government Pension Sponsors,0.02,USA
4149660,Nykredit Portefølje Administration A/S,4556895,Traditional Investment Managers,0.02,Denmark
4149660,GAMCO Investors Inc.,4018163,Traditional Investment Managers,0.02,USA
4149660,Fisher Funds Management Ltd.,4137705,Traditional Investment Managers,0.02,New Zealand
4149660,Putnam LLC,26566323,Traditional Investment Managers,0.02,USA
4149660,Arbejdsmarkedets Tillægspension (Atp),6185335,Traditional Investment Managers,0.02,Denmark
4149660,Keskinäinen Eläkevakuutusyhtiö Ilmarinen,4264488,Insurance Companies,0.02,Finland
4149660,LGT Wealth Management Ltd.,4337594,Traditional Investment Managers,0.02,United Kingdom
4149660,Society of Lloyd's,4409796,Insurance Companies,0.02,United Kingdom
4149660,Degroof Petercam Asset Management,4377155,Traditional Investment Managers,0.02,Belgium
4149660,Barclays Investment Solutions Ltd.,4140526,Traditional Investment Managers,0.02,United Kingdom
4149660,Bayerische Landesbank,4048275,Traditional Investment Managers,0.02,Germany
4149660,Goldman Sachs Wealth Services LP,4027098,Traditional Investment Managers,0.02,USA
4149660,ABN AMRO Bank NV,4000991,Banks/Investment Banks,0.02,Netherlands
4149660,Mutual of America Capital Management LLC,111168,Insurance Companies,0.02,USA
4149660,Brewin Dolphin Wealth Management Ltd.,15005586,Traditional Investment Managers,0.02,Ireland
4149660,Citadel Advisors LLC,4252195,Hedge Fund Managers (<5% stake),0.02,USA
4149660,Allan Gray Australia Pty Ltd.,4321813,Traditional Investment Managers,0.02,Australia
4149660,New York Life Investment Management LLC,4073190,Traditional Investment Managers,0.02,USA
4149660,Oldenburgische Landesbank AG,4182744,Traditional Investment Managers,0.02,Germany
4149660,Oddo BHF Trust GmbH,13033925,Traditional Investment Managers,0.02,Germany
4149660,Penserra Capital Management LLC,4566684,Traditional Investment Managers,0.02,USA
4149660,BNY Mellon Advisors Inc.,4118652,Traditional Investment Managers,0.02,USA
4149660,State of Wisconsin Investment Board,4022450,Government Pension Sponsors,0.02,USA
4149660,SIX Group Ltd.,4245829,Banks/Investment Banks,0.02,Switzerland
4149660,Kingdom Holding Company,4226415,VC/PE Firms (<5% stake),0.02,Saudi Arabia
4149660,Easternmed Asset Management Services Ltd.,7719437,Traditional Investment Managers,0.01,Cyprus
4149660,Cidel Asset Management Inc.,4139706,Traditional Investment Managers,0.01,Canada
4149660,E. Öhman J:or Wealth Management,5762164,Traditional Investment Managers,0.01,Sweden
4149660,La Banque Postale Asset Management,4139945,Traditional Investment Managers,0.01,France
4149660,Notz Stucki,4157643,Traditional Investment Managers,0.01,Switzerland
4149660,Anchor Capital Advisors LLC,110954,Traditional Investment Managers,0.01,USA
4149660,Stifel Asset Management Corp.,5774712,Traditional Investment Managers,0.01,USA
4149660,Djerriwarrh Investments Ltd.,4137624,Traditional Investment Managers,0.01,Australia
4149660,Clartan Associés,4304424,Traditional Investment Managers,0.01,France
4149660,DNB Asset Management AS,4343973,Traditional Investment Managers,0.01,Norway
4149660,Mirabaud Asset Management Ltd.,4870942,Traditional Investment Managers,0.01,United Kingdom
4149660,St. James Place Investment Management Ltd.,4138925,Traditional Investment Managers,0.01,United Kingdom
4149660,INTECH Investment Management LLC,111528,Traditional Investment Managers,0.01,USA
4149660,Jennison Associates LLC,109844,Traditional Investment Managers,0.01,USA
4149660,Integrated Financial Arrangements plc,4221781,Banks/Investment Banks,0.01,United Kingdom
4149660,OP Varainhoito Oy,5767199,Traditional Investment Managers,0.01,Finland
4149660,Debeka Asset Management GmbH,10351221,Traditional Investment Managers,0.01,Germany
4149660,IG Group Holdings PLC,4147349,Banks/Investment Banks,0.01,United Kingdom
4149660,Voya Investment Management LLC,4048215,Traditional Investment Managers,0.01,USA
4149660,Fukoku Mutual Life Insurance Co.,4137542,Insurance Companies,0.01,Japan
4149660,Lazard Asset Management LLC,110386,Traditional Investment Managers,0.01,USA
4149660,Cartesio Inversiones S.G.I.I.C. S.A.,4206137,Traditional Investment Managers,0.01,Spain
4149660,Ramsey Crookall & Co. Ltd,7509874,Banks/Investment Banks,0.01,Isle of Man
4149660,Quantinno Capital Management LP,11227495,Traditional Investment Managers,0.01,USA
4149660,Oak Harvest Investment Services LLC,15094269,Traditional Investment Managers,0.01,USA
4149660,Teachers Retirement Systems of Alabama,4141204,Government Pension Sponsors,0.01,USA
4149660,Banque Internationale à Luxembourg SA,4190012,Traditional Investment Managers,0.01,Luxembourg
4149660,Frost Investment Advisors LLC,4219074,Traditional Investment Managers,0.01,USA
4149660,Kapan pensioner,4138993,Government Pension Sponsors,0.01,Sweden
4149660,SteelPeak Wealth LLC,4337842,Traditional Investment Managers,0.01,USA
4149660,Green Arrow Capital SGR SpA,5745911,VC/PE Firms (<5% stake),0.01,Italy
4149660,Dolmen Fund Management,5760038,Traditional Investment Managers,0.01,Ireland
4149660,Hargreaves Lansdown Fund Managers Ltd.,4607361,Traditional Investment Managers,0.01,United Kingdom
4149660,Global X Management (Aus) Ltd.,8365031,Traditional Investment Managers,0.01,Australia
4149660,Robeco (Schweiz) AG,6551991,Traditional Investment Managers,0.01,Switzerland
4149660,O'Shaughnessy Asset Management LLC,4166919,Traditional Investment Managers,0.01,USA
4149660,Marshall Wace LLP,4135104,Hedge Fund Managers (<5% stake),0.01,United Kingdom
4149660,Cetera Investment Advisers LLC,4115973,Traditional Investment Managers,0.01,USA
4149660,Mackenzie Financial Corp.,106960,Traditional Investment Managers,0.01,Canada
4149660,Nissay Asset Management Corp.,4116134,Traditional Investment Managers,0.01,Japan
4149660,Allspring Global Investments LLC,110570,Traditional Investment Managers,0.01,USA
4149660,Catalyst Funds Management Pty. Ltd.,29586471,Hedge Fund Managers (<5% stake),0.01,Australia
4149660,Baring Asset Management Ltd.,111272,Traditional Investment Managers,0.01,United Kingdom
4149660,Oppenheimer Asset Management Inc.,110379,Traditional Investment Managers,0.01,USA
4149660,Scotiabank Global Banking and Markets Asset Management Division,5752951,Traditional Investment Managers,0.01,Canada
4149660,SCS Capital Management LLC,4119698,Traditional Investment Managers,0.01,USA
4149660,New York State Common Retirement Fund,4043174,Government Pension Sponsors,0.01,USA
4149660,MAPFRE Asset Management,5782831,Traditional Investment Managers,0.01,Spain
4149660,AQR Capital Management LLC,4119538,Hedge Fund Managers (<5% stake),0.01,USA
4149660,Carlton Investments Ltd.,4212885,Traditional Investment Managers,0.01,Australia
4149660,Capricorn Fund Managers (Pty) Ltd.,4320445,Hedge Fund Managers (<5% stake),0.01,South Africa
4149660,GuideStone Capital Management LLC,4115935,Traditional Investment Managers,0.01,USA
4149660,AFH Independent Financial Services Limited,7794310,Traditional Investment Managers,0.01,United Kingdom
4149660,Bell Bank,1015418,Banks/Investment Banks,0.01,USA
4149660,WCM Investment Management LLC,110332,Traditional Investment Managers,0.01,USA
4149660,Capital Wealth Planning LLC,4255790,Traditional Investment Managers,0.01,USA
4149660,Greenline Partners LLC,4338213,Traditional Investment Managers,0.01,USA
4149660,Tidal Investments LLC,4338202,Traditional Investment Managers,0.01,USA
4149660,Amova Asset Management Co. Ltd.,4107954,,0.01,Japan
4149660,Mainstream Fund Services Pty. Ltd..,7796161,Traditional Investment Managers,0.01,Australia
4149660,Cohen & Steers Capital Management Inc.,111434,Traditional Investment Managers,0.01,USA
4149660,Architas Multi-Manager Europe Ltd.,5813728,Traditional Investment Managers,0.01,Ireland
4149660,Foresight Global Investors Inc.,4642250,Traditional Investment Managers,0.01,USA
4149660,Daiwa Asset Management Co. Ltd.,4137704,Traditional Investment Managers,0.01,Japan
4149660,International Fund Management SA,4798092,Traditional Investment Managers,0.01,Luxembourg
4149660,Commonwealth Equity Services LLC,4026737,Traditional Investment Managers,0.01,USA
4149660,Kapitalo Investimentos Ltda.,5822125,Hedge Fund Managers (<5% stake),0.01,Brazil
4149660,Segment Wealth Management LLC,4337908,Traditional Investment Managers,0.01,USA
4149660,Sanctuary Advisors LLC,4621992,Traditional Investment Managers,0.01,USA
4149660,Danske Capital Denmark,4137587,Traditional Investment Managers,0.01,Denmark
4149660,ClariVest Asset Management LLC,4134083,Traditional Investment Managers,0.01,USA
4149660,Azimut Capital Management Sgr SpA,4547194,Traditional Investment Managers,0.01,Italy
4149660,Rockefeller & Co. LLC,4026892,Traditional Investment Managers,0.01,USA
4149660,Old West Investment Management LLC,4230918,Traditional Investment Managers,0.01,USA
4149660,Moran Wealth Management LLC,23890076,Traditional Investment Managers,0.01,USA
4149660,Schroder Investment Management (Hong Kong) Ltd.,4139954,Traditional Investment Managers,0.01,Hong Kong
4149660,Schroder Investment Management (Japan) Ltd.,4296648,Traditional Investment Managers,0.01,Japan
4149660,Sumitomo Mitsui Trust Asset Management Co. Ltd.,4318240,Traditional Investment Managers,0.01,Japan
4149660,Matthews International Capital Management LLC,110787,Traditional Investment Managers,0.01,USA
4149660,Cambridge Investment Research Advisors Inc.,4117795,Traditional Investment Managers,0.01,USA
4149660,Bridgewater Associates LP,111192,Hedge Fund Managers (<5% stake),0.01,USA
4149660,Crestline Investors Inc,4326048,Hedge Fund Managers (<5% stake),0.01,USA
4149660,Davidson Investment Advisors Inc.,110979,Traditional Investment Managers,0.01,USA
4149660,QRG Capital Management Inc.,19932756,Traditional Investment Managers,0.01,USA
4149660,Groupama Asset Management SA,4140466,Traditional Investment Managers,0.01,France
4149660,Principal Global Investors LLC,4089114,Traditional Investment Managers,0.01,USA
4149660,Orion Portfolio Solutions LLC,4029888,Traditional Investment Managers,0.01,USA
4149660,Thomson Horstmann & Bryant Inc.,4026908,Traditional Investment Managers,0.01,USA
4149660,Curi Capital LLC,4117543,Traditional Investment Managers,0.01,USA
4149660,XTX Markets Ltd.,4853822,Traditional Investment Managers,0.01,United Kingdom
4149660,Horizon Investments LLC,4118373,Traditional Investment Managers,0.01,USA
4149660,Saturna Capital Corp.,113782,Traditional Investment Managers,0.01,USA
4149660,Deltroit Asset Management (UK) LLP,114818640,Family Offices/Trusts,0.01,United Kingdom
4149660,Salem Investment Counselors Inc.,111088,Traditional Investment Managers,0.01,USA
4149660,Naples Global Advisors LLC,4320250,Traditional Investment Managers,0.01,USA
4149660,LMR Partners LLP,4288845,Hedge Fund Managers (<5% stake),0.01,United Kingdom
4149660,Desjardins Global Asset Management Inc.,4226520,Traditional Investment Managers,0.01,Canada
4149660,Mariner LLC,4145924,Traditional Investment Managers,0.01,USA
4149660,Santander Private Banking Gestion S.A. S.G.I.I.C.,4581412,Traditional Investment Managers,0.01,Spain
4149660,Bragg Financial Advisors Inc.,4036799,Traditional Investment Managers,0.01,USA
4149660,Bold Baatar,,Individuals/Insiders,0.01,China
4149660,Osaic Wealth Inc.,109232,Traditional Investment Managers,0.01,USA
4149660,MetLife Investment Management LLC,4187546,Traditional Investment Managers,0.01,USA
4149660,Banque Pictet & Cie SA,4096982,Traditional Investment Managers,0.01,Switzerland
4149660,Y-Intercept (Hong Kong) Ltd.,11146742,Traditional Investment Managers,0.01,Hong Kong
4149660,J.M. Forbes & Co. LLP,4027459,Traditional Investment Managers,0.01,USA
4149660,Van Lanschot Kempen Investment Management NV,4138882,Traditional Investment Managers,0.01,Netherlands
4149660,HighTower Advisors LLC,4222753,Traditional Investment Managers,0.01,USA
4149660,Soltis Investment Advisors LLC,4318601,Traditional Investment Managers,0.01,USA
4149660,Wealth Enhancement Advisory Services LLC,4117722,Traditional Investment Managers,0.01,USA
4149660,Tower Research Capital Europe Limited,5818434,Banks/Investment Banks,0.01,United Kingdom
4149660,ATB Investment Management Inc.,4286133,Traditional Investment Managers,0.01,Canada
4149660,Connor Clark & Lunn Investment Management Ltd.,4035990,Traditional Investment Managers,0.01,Canada
4149660,Squarepoint OPS LLC,4572787,Hedge Fund Managers (<5% stake),0.01,USA
4149660,Waystone Management (UK) Ltd.,5834515,Traditional Investment Managers,0.01,United Kingdom
4149660,Addenda Capital Inc.,4999544,Traditional Investment Managers,0.01,Canada
4149660,Rothschild Asset Management,8276401,Traditional Investment Managers,0.01,France
4149660,Pacific Life Fund Advisors LLC,4188958,Traditional Investment Managers,0.01,USA
4149660,R.I. Vermögensbetreuung Ag,4222570,Traditional Investment Managers,0.01,Germany
4149660,Carson Wealth Management Group,5750365,Traditional Investment Managers,0.01,USA
4149660,Crossmark Global Investments Inc.,110354,Traditional Investment Managers,0.01,USA
4149660,Barometer Capital Management Inc.,4305081,Traditional Investment Managers,0.01,Canada
4149660,AGF Management Ltd.,4156964,Traditional Investment Managers,0.01,Canada
4149660,Janney Montgomery Scott LLC,109355,Banks/Investment Banks,0.01,USA
4149660,Union Asset Management Holding AG,4224292,Traditional Investment Managers,0,Germany
4149660,Canal Insurance Co.,11880,Insurance Companies,0,USA
4149660,Peter Lloyd Cunningham,,Individuals/Insiders,0,China
4149660,Osaic Advisory Services LLC,4560824,Traditional Investment Managers,0,USA
4149660,Cerity Partners LLC,4255907,Traditional Investment Managers,0,USA
4149660,NewEdge Advisors LLC,4556217,Traditional Investment Managers,0,USA
4149660,Employees Retirement System of Texas,4097767,Government Pension Sponsors,0,USA
4149660,LSV Asset Management,4026996,Traditional Investment Managers,0,USA
4149660,MD Financial Management Inc,4399282,Traditional Investment Managers,0,Canada
4149660,BB&T Trust,5743773,Traditional Investment Managers,0,USA
4149660,Consistent Unit Trust Management Co. Ltd.,4139368,Traditional Investment Managers,0,United Kingdom
4149660,Fora Capital LLC,19547874,Hedge Fund Managers (<5% stake),0,USA
4149660,Smartshares Ltd.,4139976,Traditional Investment Managers,0,New Zealand
4149660,Mml Investors Services LLC Brokerage Investments,5858996,Insurance Companies,0,USA
4149660,TLS Advisors LLC,6902537,Hedge Fund Managers (<5% stake),0,USA
4149660,AssetMark Inc.,4115833,Traditional Investment Managers,0,USA
4149660,OneAscent Investment Solutions LLC,4975401,Traditional Investment Managers,0,USA
4149660,Oxbow Advisors LLC,4339274,Traditional Investment Managers,0,USA
4149660,Gilman Hill Asset Management LLC,4187061,Traditional Investment Managers,0,USA
4149660,Goelzer Investment Management Inc.,4027484,Traditional Investment Managers,0,USA
4149660,Canadian Imperial Bank of Commerce,100515,Banks/Investment Banks,0,Canada
4149660,Moors & Cabot Inc.,4045946,Traditional Investment Managers,0,USA
4149660,GLG Partners Inc.,4189276,Hedge Fund Managers (<5% stake),0,USA
4149660,Vanneck Ltd,6234438,VC/PE Firms (<5% stake),0,United Kingdom
4149660,Stephens Capital Management,111198,Traditional Investment Managers,0,USA
4149660,Atria Investments Inc.,4186534,Traditional Investment Managers,0,USA
4149660,Blume Capital Management Inc.,4116470,Traditional Investment Managers,0,USA
4149660,Boston Partners Global Investors Inc.,4158830,Traditional Investment Managers,0,USA
4149660,Tokio Marine Asset Management Co. Ltd.,4139886,Traditional Investment Managers,0,Japan
4149660,Premier Fund Managers Ltd.,4138723,Traditional Investment Managers,0,United Kingdom
4149660,Jordan Park Group LLC,4975164,Traditional Investment Managers,0,USA
4149660,Russell Investment Management Ltd.,4279122,Traditional Investment Managers,0,Australia
4149660,Empower Capital Management LLC,4048185,Traditional Investment Managers,0,USA
4149660,Advisors Asset Management Inc.,4093038,Traditional Investment Managers,0,USA
4149660,A. Montag & Associates Inc.,4055210,Traditional Investment Managers,0,USA
4149660,Gescooperativo S.A. SGIIC,4139074,Traditional Investment Managers,0,Spain
4149660,Societe Generale Investment Solutions (Europe),5804824,Traditional Investment Managers,0,Luxembourg
4149660,Resona Asset Management Co. Ltd.,4629378,Traditional Investment Managers,0,Japan
4149660,Capital Investment Advisors LLC,4118290,Traditional Investment Managers,0,USA
4149660,&Partners LLC,109413,Traditional Investment Managers,0,USA
4149660,Uncommon Cents Investing Inc.,9091776,Traditional Investment Managers,0,USA
4149660,TransMarket Holdings LLC,6951285,Traditional Investment Managers,0,USA
4149660,Morgan Dempsey Capital Management LLC,4048458,Traditional Investment Managers,0,USA
4149660,Himension Capital (Singapore) Pte Ltd.,19400125,Traditional Investment Managers,0,Singapore
4149660,Lombard Odier Asset Management (Switzerland) SA,7060057,Traditional Investment Managers,0,Switzerland
4149660,Universal-Investment-Luxembourg S.A. Niederlassung Frankfurt Am Main,16073228,Traditional Investment Managers,0,Germany
4149660,Purpose Investments Inc.,4773761,Traditional Investment Managers,0,Canada
4149660,Fiduciary Trust Co. International,1006058,Traditional Investment Managers,0,USA
4149660,Cambria Investment Management L.P.,4272541,Traditional Investment Managers,0,USA
4149660,LMCG Investments LLC,4097381,Traditional Investment Managers,0,USA
4149660,National-Bank AG,4150521,Traditional Investment Managers,0,Germany
4149660,Vident Asset Management,4556203,Traditional Investment Managers,0,USA
4149660,Fédération des caisses Desjardins du Québec,4169610,Traditional Investment Managers,0,Canada
4149660,Callan Family Office LLC,101548481,Family Offices/Trusts,0,USA
4149660,Modera Wealth Management LLC,4276679,Traditional Investment Managers,0,USA
4149660,Morningstar Investment Management LLC,4117563,Traditional Investment Managers,0,USA
4149660,Northwestern Mutual Wealth Management Co.,4054540,Traditional Investment Managers,0,USA
4149660,Northwest Bancshares Inc.,1137118,Banks/Investment Banks,0,USA
4149660,QSM Asset Management Ltd.,114967050,Traditional Investment Managers,0,United Kingdom
4149660,Farallon Capital Management L.L.C.,4054577,Hedge Fund Managers (<5% stake),0,USA
4149660,Ausbil Investment Management Ltd.,4565421,Traditional Investment Managers,0,Australia
4149660,D.E. Shaw & Co. LP,109290,Hedge Fund Managers (<5% stake),0,USA
4149660,TrueMark Investments LLC,19746194,Traditional Investment Managers,0,USA
4149660,LGPS Central Limited,7108293,VC/PE Firms (<5% stake),0,United Kingdom
4149660,Leuthold Weeden Capital Management LLC,13908841,Traditional Investment Managers,0,USA
4149660,Susquehanna International Group LLP,4112715,Traditional Investment Managers,0,USA
4149660,Quaestio Capital Management SGR S.p.A Unipersonale,5842097,Traditional Investment Managers,0,Italy
4149660,DRW Holdings LLC,4209260,Traditional Investment Managers,0,USA
4149660,Liontrust Asset Management PLC,4139864,Traditional Investment Managers,0,United Kingdom
4149660,Fideuram Asset Management (Ireland) DAC,4140503,Traditional Investment Managers,0,Ireland
4149660,Brasada Capital Management LP,4388635,Hedge Fund Managers (<5% stake),0,USA
4354366,Inversiones SQYA S.A,5761413,Corporations (Private),24.63,Chile
4354366,Tianqi Lithium Corp.,4365897,Corporations (Public),22.16,China
4354366,BlackRock Inc.,4048287,Traditional Investment Managers,3.62,USA
4354366,Administradora de Fondos de Pensiones Capital SA,4250329,Corporate Pension Sponsors,2.72,Chile
4354366,AFP Provida SA,4143307,Corporate Pension Sponsors,2.67,Chile
4354366,Administradora de Fondos de Pensiones Cuprum SA,4250285,Traditional Investment Managers,2.54,Chile
4354366,Baillie Gifford & Co.,4026973,Traditional Investment Managers,2,United Kingdom
4354366,Vanguard Capital Management LLC,137764443,Traditional Investment Managers,1.67,USA
4354366,Kowa Company Ltd.,6220853,Corporations (Private),1.49,Japan
4354366,Banco Santander-Chile,4135291,Banks/Investment Banks,1.31,Chile
4354366,Administradora de Fondos de Pensiones Habitat SA,4250324,Corporate Pension Sponsors,1.29,Chile
4354366,Van Eck Associates Corp.,109888,Traditional Investment Managers,1.01,USA
4354366,Norges Bank Investment Management,4138467,Sovereign Wealth Funds (<5% stake),0.87,Norway
4354366,EARNEST Partners LLC,4104362,Traditional Investment Managers,0.73,USA
4354366,RWC Partners Ltd.,4135098,Traditional Investment Managers,0.7,United Kingdom
4354366,Grantham Mayo Van Otterloo & Co. LLC,110399,Traditional Investment Managers,0.59,USA
4354366,Vanguard Fiduciary Trust Co.,5752504,Traditional Investment Managers,0.43,USA
4354366,Mirae Asset Global Investments Co. Ltd.,4256114,Traditional Investment Managers,0.42,South Korea
4354366,Amundi Asset Management SAS,4026948,Traditional Investment Managers,0.36,France
4354366,Boston Partners Global Investors Inc.,4158830,Traditional Investment Managers,0.35,USA
4354366,D.E. Shaw & Co. LP,109290,Hedge Fund Managers (<5% stake),0.33,USA
4354366,Driehaus Capital Management LLC,111537,Traditional Investment Managers,0.3,USA
4354366,Baron Capital Group Inc.,4042808,Traditional Investment Managers,0.27,USA
4354366,UBS Asset Management AG,4674815,Traditional Investment Managers,0.26,Switzerland
4354366,Eaton Vance Management,109754,Traditional Investment Managers,0.26,USA
4354366,Geode Capital Management LLC,4119759,Traditional Investment Managers,0.25,USA
4354366,Santander Asset Management SA SGIIC,4187337,Hedge Fund Managers (<5% stake),0.24,Spain
4354366,Russell Investment Management LLC,111359,Traditional Investment Managers,0.23,USA
4354366,Lord Abbett & Co. LLC,109849,Traditional Investment Managers,0.23,USA
4354366,BCI Asset Management Administradora General De Fondos SA,4347364,Traditional Investment Managers,0.23,Chile
4354366,SEI Investments Co.,102729,Traditional Investment Managers,0.23,USA
4354366,State Street Global Advisors Inc.,110652,Traditional Investment Managers,0.22,USA
4354366,Altshuler Shaham Ltd.,5755714,Traditional Investment Managers,0.22,Israel
4354366,RobecoSAM AG,4233855,Traditional Investment Managers,0.22,Switzerland
4354366,Allspring Global Investments LLC,110570,Traditional Investment Managers,0.2,USA
4354366,Northern Trust Global Investments,4272373,Traditional Investment Managers,0.2,United Kingdom
4354366,Charles Schwab Investment Management Inc.,4048695,Traditional Investment Managers,0.18,USA
4354366,Renaissance Technologies LLC,4048646,Hedge Fund Managers (<5% stake),0.18,USA
4354366,BICE Inversiones Administradora General de Fondos SA,4283457,Traditional Investment Managers,0.17,Chile
4354366,Aberdeen Group PLC,4145085,Traditional Investment Managers,0.16,United Kingdom
4354366,Schroder Investment Management Ltd.,4249110,Traditional Investment Managers,0.16,United Kingdom
4354366,BTG Pactual Global Asset Management Ltd.,4252258,Traditional Investment Managers,0.16,Bermuda
4354366,ALPS Advisors Inc.,4143440,Traditional Investment Managers,0.15,USA
4354366,ZKB Asset Management,5753419,Traditional Investment Managers,0.15,Switzerland
4354366,Itaú Administradora General de Fondos SA,4286138,Traditional Investment Managers,0.15,Chile
4354366,Dimensional Fund Advisors LP,111289,Traditional Investment Managers,0.15,USA
4354366,Goldman Sachs Asset Management LP,110587,Traditional Investment Managers,0.15,USA
4354366,Nomura Investment Management Business Trust,109913,Traditional Investment Managers,0.13,USA
4354366,Zurich Asset Management Administradora General De Fondos SA,5762441,Traditional Investment Managers,0.12,Chile
4354366,Deutsche Asset & Wealth Management,111219,Traditional Investment Managers,0.12,USA
4354366,Administradora General de Fondos Security SA,4279126,Traditional Investment Managers,0.12,Chile
4354366,Sjunde AP-fonden,4140101,Government Pension Sponsors,0.12,Sweden
4354366,Bank of America Corp.,100369,Banks/Investment Banks,0.11,USA
4354366,Banchile Administradora General de Fondos SA,4278847,Traditional Investment Managers,0.11,Chile
4354366,Legal & General Investment Management Ltd.,4139862,Traditional Investment Managers,0.11,United Kingdom
4354366,Marshall Wace LLP,4135104,Hedge Fund Managers (<5% stake),0.11,United Kingdom
4354366,Two Sigma Investments LP,4110297,Hedge Fund Managers (<5% stake),0.11,USA
4354366,American Century Investment Management Inc,111074,Traditional Investment Managers,0.11,USA
4354366,GWL Investment Management Ltd.,4048184,Traditional Investment Managers,0.1,Canada
4354366,ARGA Investment Management LLC,5799985,Traditional Investment Managers,0.09,India
4354366,Citadel Advisors LLC,4252195,Hedge Fund Managers (<5% stake),0.09,USA
4354366,Citigroup Inc.,4041896,Banks/Investment Banks,0.09,USA
4354366,Principal Global Investors LLC,4089114,Traditional Investment Managers,0.09,USA
4354366,Teachers Insurance and Annuity Association-College Retirement Equities Fund,4270330,Traditional Investment Managers,0.09,USA
4354366,JP Morgan Asset Management,110092,Traditional Investment Managers,0.08,USA
4354366,Canada Pension Plan Investment Board,4153483,Government Pension Sponsors,0.08,Canada
4354366,T. Rowe Price Group Inc.,4055767,Traditional Investment Managers,0.08,USA
4354366,Managed Account Advisors LLC,4187561,Traditional Investment Managers,0.08,USA
4354366,Engineers Gate Manager LP,4562926,Hedge Fund Managers (<5% stake),0.08,USA
4354366,New York State Common Retirement Fund,4043174,Government Pension Sponsors,0.08,USA
4354366,"Administradora General de Fondos Sura, S.A.",4283269,Traditional Investment Managers,0.07,Chile
4354366,Vanguard Asset Management Ltd.,4723508,Traditional Investment Managers,0.07,United Kingdom
4354366,BBVA Asset Management S.A. S.G.I.I.C,4138393,Traditional Investment Managers,0.07,Spain
4354366,BIT Capital GmbH,20357377,Traditional Investment Managers,0.07,Germany
4354366,Cookson Peirce & Co Inc,4031226,Traditional Investment Managers,0.07,USA
4354366,Jane Street Group LLC,4437851,Traditional Investment Managers,0.07,USA
4354366,Candriam Société En Commandite Par Actions,4578989,Traditional Investment Managers,0.07,Luxembourg
4354366,Seldon Capital LP,14334336,Hedge Fund Managers (<5% stake),0.07,USA
4354366,BMO Asset Management Corp.,109988,Traditional Investment Managers,0.07,USA
4354366,Morgan Stanley,103042,Banks/Investment Banks,0.07,USA
4354366,Invesco Capital Management LLC,4117611,Traditional Investment Managers,0.07,USA
4354366,KBC Asset Management NV,4111901,Traditional Investment Managers,0.06,Belgium
4354366,Barclays PLC,114508,Banks/Investment Banks,0.06,United Kingdom
4354366,Mitsubishi UFJ Asset Management Co. Ltd.,4607441,Traditional Investment Managers,0.06,Japan
4354366,ABN AMRO Bank NV,4000991,Banks/Investment Banks,0.05,Netherlands
4354366,Balyasny Asset Management LP,4134300,Hedge Fund Managers (<5% stake),0.05,USA
4354366,Pictet Asset Management Ltd.,111267,Traditional Investment Managers,0.05,United Kingdom
4354366,Global X Management (Aus) Ltd.,8365031,Traditional Investment Managers,0.05,Australia
4354366,Compass Group Chile S.A. Administradora General de Fondos,4570641,Traditional Investment Managers,0.05,Chile
4354366,Royal London Asset Management Ltd.,4138770,Traditional Investment Managers,0.05,United Kingdom
4354366,Storebrand Asset Management AS,4336776,Traditional Investment Managers,0.05,Norway
4354366,Franklin Resources Inc.,102719,Traditional Investment Managers,0.05,USA
4354366,Connor Clark & Lunn Investment Management Ltd.,4035990,Traditional Investment Managers,0.05,Canada
4354366,Mercer Global Investments Europe Limited,5759394,Traditional Investment Managers,0.05,Ireland
4354366,LarrainVial Asset Management Administradora General de Fondos SA,5762430,Traditional Investment Managers,0.05,Chile
4354366,First Trust Advisors LP,4033550,Traditional Investment Managers,0.05,USA
4354366,Ohio Public Employees Retirement System,4005755,Government Pension Sponsors,0.04,USA
4354366,Walter Scott & Partners Ltd.,111119,Traditional Investment Managers,0.04,United Kingdom
4354366,Orion Resource Partners (USA) LP,4338684,VC/PE Firms (<5% stake),0.04,USA
4354366,Border To Coast Pensions Partnership Ltd.,10499632,Government Pension Sponsors,0.04,United Kingdom
4354366,Bronte Capital Management Pty Ltd,4244361,Hedge Fund Managers (<5% stake),0.04,Australia
4354366,Saturna Capital Corp.,113782,Traditional Investment Managers,0.04,USA
4354366,Moneda Administradora de Fondos de Invers,4250319,Hedge Fund Managers (<5% stake),0.04,Chile
4354366,Fidelity International Ltd.,4020980,Traditional Investment Managers,0.04,Bermuda
4354366,Phoenix Unit Trust Managers Limited,7834181,Traditional Investment Managers,0.04,United Kingdom
4354366,Goldman Sachs Group Inc.,4039450,Traditional Investment Managers,0.04,USA
4354366,Premier Fund Managers Ltd.,4138723,Traditional Investment Managers,0.04,United Kingdom
4354366,Columbia Management Investment Advisers LLC,109789,Traditional Investment Managers,0.04,USA
4354366,HSBC Global Asset Management (UK) Ltd.,4115698,Traditional Investment Managers,0.04,United Kingdom
4354366,Voloridge Investment Management LLC,4256115,Hedge Fund Managers (<5% stake),0.04,USA
4354366,AXA Investment Managers UK Ltd.,4405395,Traditional Investment Managers,0.04,United Kingdom
4354366,Woodline Partners LP,13652109,Hedge Fund Managers (<5% stake),0.03,USA
4354366,Schroder Investment Management North America Inc.,109872,Traditional Investment Managers,0.03,USA
4354366,LBBW Asset Management Investment GmbH,4242466,Traditional Investment Managers,0.03,Germany
4354366,Baring Asset Management Ltd.,111272,Traditional Investment Managers,0.03,United Kingdom
4354366,Aviva Investors Global Services Ltd.,4376121,Traditional Investment Managers,0.03,United Kingdom
4354366,SAVA INFOND druzba za upravljanje d.o.o.,4139244,Traditional Investment Managers,0.03,Slovenia
4354366,JPMorgan Chase & Co.,100201,Banks/Investment Banks,0.03,USA
4354366,Lazard Asset Management LLC,110386,Traditional Investment Managers,0.03,USA
4354366,Credicorp Capital Asset Management S.A. Administradora General De Fondos,4283469,VC/PE Firms (<5% stake),0.03,Chile
4354366,BancoEstado SA Administradora General de Fondos,4283463,Traditional Investment Managers,0.03,Chile
4354366,Heron View Partners LLC,4055966,Traditional Investment Managers,0.03,USA
4354366,Millennium Management LLC,4135463,Hedge Fund Managers (<5% stake),0.03,USA
4354366,Global Thematic Partners LLC,4263288,Traditional Investment Managers,0.03,USA
4354366,Wells Fargo & Co.,100382,Banks/Investment Banks,0.03,USA
4354366,Mercer Investments LLC,4119790,Traditional Investment Managers,0.03,USA
4354366,CTBC Securities Investment Trust Co. Ltd.,4241120,Traditional Investment Managers,0.02,Taiwan
4354366,Sk VermÖGensverwaltung GmbH,5855000,Traditional Investment Managers,0.02,Germany
4354366,BetaShares Capital Ltd.,4578944,Traditional Investment Managers,0.02,Australia
4354366,Unison Advisors LLC,4645616,Traditional Investment Managers,0.02,USA
4354366,Sprott Inc.,4271661,Traditional Investment Managers,0.02,Canada
4354366,Boston Common Asset Management LLC,4119768,Traditional Investment Managers,0.02,USA
4354366,Trexquant Investment LP,4550887,Hedge Fund Managers (<5% stake),0.02,USA
4354366,PensionDanmark PensionsforsikringsA/S,4142178,Union Pension Sponsors,0.02,Denmark
4354366,Tidal Investments LLC,4338202,Traditional Investment Managers,0.02,USA
4354366,Stifel Asset Management Corp.,5774712,Traditional Investment Managers,0.02,USA
4354366,KLP Kapitalforvaltning AS,4138888,Traditional Investment Managers,0.02,Norway
4354366,Capital Fund Management S.A.,4117333,Hedge Fund Managers (<5% stake),0.02,France
4354366,Leap Investments LP,19110619,Traditional Investment Managers,0.02,USA
4354366,DZ Bank AG,4142663,Traditional Investment Managers,0.02,Germany
4354366,Quadrant Capital Group LLC,4218639,Traditional Investment Managers,0.02,USA
4354366,Y-Intercept (Hong Kong) Ltd.,11146742,Traditional Investment Managers,0.02,Hong Kong
4354366,BTG Pactual Asset Management US LLC,4252252,Hedge Fund Managers (<5% stake),0.02,USA
4354366,SailingStone Capital Partners LLC,4427773,Traditional Investment Managers,0.02,USA
4354366,Vanguard Global Advisers LLC,4337989,Traditional Investment Managers,0.02,USA
4354366,Fideuram Asset Management (Ireland) DAC,4140503,Traditional Investment Managers,0.02,Ireland
4354366,Main Management ETF Advisors LLC,7357019,Traditional Investment Managers,0.01,USA
4354366,Pvt. Wealth Advisors LLC,4194016,Traditional Investment Managers,0.01,USA
4354366,Barclays Bank PLC,4041196,Banks/Investment Banks,0.01,United Kingdom
4354366,BNP Paribas Asset Management Europe,4784107,Traditional Investment Managers,0.01,France
4354366,Squarepoint OPS LLC,4572787,Hedge Fund Managers (<5% stake),0.01,USA
4354366,ABN AMRO Investment Solutions SA,4260136,Traditional Investment Managers,0.01,France
4354366,BNP Paribas Financial Markets SNC,4310789,Traditional Investment Managers,0.01,France
4354366,Osaic Wealth Inc.,109232,Traditional Investment Managers,0.01,USA
4354366,SEB Funds AB,4256960,Traditional Investment Managers,0.01,Latvia
4354366,XTX Markets Ltd.,4853822,Traditional Investment Managers,0.01,United Kingdom
4354366,Aquatic Capital Management LLC,16894363,Hedge Fund Managers (<5% stake),0.01,USA
4354366,Ashmore Investment Advisors Ltd.,4434914,Traditional Investment Managers,0.01,United Kingdom
4354366,BCV Asset Management,4138167,Traditional Investment Managers,0.01,Switzerland
4354366,Journey Advisory Group LLC,4556186,Traditional Investment Managers,0.01,USA
4354366,Inspire Investing LLC,4904663,Traditional Investment Managers,0.01,USA
4354366,Envestnet Asset Management Inc.,4072215,Traditional Investment Managers,0.01,USA
4354366,Sumitomo Mitsui Trust Asset Management Co. Ltd.,4318240,Traditional Investment Managers,0.01,Japan
4354366,Universal Investment GmbH,4630169,Traditional Investment Managers,0.01,Germany
4354366,Fideuram Asset Management Sgr,101449874,Traditional Investment Managers,0.01,Italy
4354366,Krane Funds Advisors LLC,4383779,Traditional Investment Managers,0.01,USA
4354366,Thematica SA,9313998,Traditional Investment Managers,0.01,Switzerland
4354366,CIBC Asset Management Inc.,4048742,Traditional Investment Managers,0.01,Canada
4354366,Symphonia Società di Gestione del Risparmio SpA,5848328,Traditional Investment Managers,0.01,Italy
4354366,Barometer Capital Management Inc.,4305081,Traditional Investment Managers,0.01,Canada
4354366,Prudential Administradora General de Fondos SA,110387751,Traditional Investment Managers,0.01,Chile
4354366,Commonwealth Equity Services LLC,4026737,Traditional Investment Managers,0.01,USA
4354366,Schonfeld Strategic Advisors LLC,4663442,Hedge Fund Managers (<5% stake),0.01,USA
4354366,Mackenzie Financial Corp.,106960,Traditional Investment Managers,0.01,Canada
4354366,Degroof Petercam Asset Management,4377155,Traditional Investment Managers,0.01,Belgium
4354366,Manning & Napier Advisors LLC,110939,Traditional Investment Managers,0.01,USA
4354366,Manulife Asset Management,5747632,Traditional Investment Managers,0.01,Canada
4354366,BNY Asset Management,4057506,Traditional Investment Managers,0.01,USA
4354366,Nomura Asset Management Co. Ltd.,4048507,Traditional Investment Managers,0.01,Japan
4354366,L.J. Altfest & Co.,4027062,Traditional Investment Managers,0.01,USA
4354366,Walleye Capital LLC,5837967,Hedge Fund Managers (<5% stake),0.01,USA
4354366,Creative Planning LLC,4117421,Traditional Investment Managers,0.01,USA
4354366,Quantinno Capital Management LP,11227495,Traditional Investment Managers,0.01,USA
4354366,O'Shaughnessy Asset Management LLC,4166919,Traditional Investment Managers,0.01,USA
4354366,Banque Pictet & Cie SA,4096982,Traditional Investment Managers,0.01,Switzerland
4354366,Erste Asset Management GmbH,4278930,Traditional Investment Managers,0.01,Austria
4354366,Danske Bank A/S,4080954,Traditional Investment Managers,0.01,Denmark
4354366,Eurizon Capital SGR SpA,4324456,Traditional Investment Managers,0.01,Italy
4354366,NS Partners Ltd,4074095,Traditional Investment Managers,0.01,United Kingdom
4354366,Catalyst Capital Advisors LLC,4145229,Traditional Investment Managers,0.01,USA
4354366,Himension Capital (Singapore) Pte Ltd.,19400125,Traditional Investment Managers,0.01,Singapore
4354366,First Sentier Investors (Australia) IM Ltd,4135241,Traditional Investment Managers,0.01,Australia
4354366,Crossmark Global Investments Inc.,110354,Traditional Investment Managers,0.01,USA
4354366,Mediolanum International Funds Ltd.,4225041,Traditional Investment Managers,0.01,Ireland
4354366,Greenline Partners LLC,4338213,Traditional Investment Managers,0.01,USA
4354366,RBC Pvt. Counsel (USA) Inc.,4115708,Traditional Investment Managers,0.01,Canada
4354366,Henry James International Management Inc.,4434811,Traditional Investment Managers,0.01,USA
4354366,Legacy Wealth Asset Management LLC,19920489,Family Offices/Trusts,0.01,USA
4354366,Daiwa Asset Management Co. Ltd.,4137704,Traditional Investment Managers,0.01,Japan
4354366,Cloverfields Capital Group LP,19863545,Traditional Investment Managers,0.01,USA
4354366,Compound Planning Inc.,12764260,Traditional Investment Managers,0.01,USA
4354366,Liontrust Asset Management PLC,4139864,Traditional Investment Managers,0.01,United Kingdom
4354366,Financiere de l'Echiquier,4137579,Traditional Investment Managers,0.01,France
4354366,Jordan Park Group LLC,4975164,Traditional Investment Managers,0,USA
4354366,Cambridge Investment Research Advisors Inc.,4117795,Traditional Investment Managers,0,USA
4354366,Vontobel Asset Management Inc.,110470,Traditional Investment Managers,0,USA
4354366,Campbell & Co. LP,110770,Traditional Investment Managers,0,USA
4354366,Laird Norton Tyee Trust Co.,4048290,Family Offices/Trusts,0,USA
4354366,Amova Asset Management Co. Ltd.,4107954,,0,Japan
4354366,Qube Research & Technologies Ltd.,9146348,Traditional Investment Managers,0,United Kingdom
4354366,RBC Dominion Securities Inc.,4056453,Banks/Investment Banks,0,Canada
4354366,RWA Wealth Partners LLC,4283355,Traditional Investment Managers,0,USA
4354366,Pathstone Family Office LLC,4255945,Family Offices/Trusts,0,USA
4354366,LPL Financial LLC,4026057,Traditional Investment Managers,0,USA
4354366,Henshaw Capital Llc,147933436,Traditional Investment Managers,0,USA
4354366,Hedges Asset Management LLC,29155455,Traditional Investment Managers,0,USA
4354366,Fortis Capital Advisors LLC,25463136,Traditional Investment Managers,0,USA
4354366,Belpointe Asset Management LLC,4194135,Traditional Investment Managers,0,USA
4354366,Susquehanna International Group LLP,4112715,Traditional Investment Managers,0,USA
4354366,Robert W. Baird & Co. Inc.,109453,Banks/Investment Banks,0,USA
4354366,AllianceBernstein LP,109806,Traditional Investment Managers,0,USA
4354366,Vident Asset Management,4556203,Traditional Investment Managers,0,USA
4354366,Westbeck Capital Management LLP,9826610,Traditional Investment Managers,0,United Kingdom
4354366,Quantbot Technologies LP,4280559,Hedge Fund Managers (<5% stake),0,USA
4354366,Nlb Skladi d.o.o.,4138692,Traditional Investment Managers,0,Slovenia
4354366,Victory Capital Management Inc.,110674,Traditional Investment Managers,0,USA
4354366,R.E.G.A.R. Private Wealth Inc.,5847707,Traditional Investment Managers,0,Canada
4354366,Leavell Investment Management Inc.,110274,Traditional Investment Managers,0,USA
4354366,ProFund Advisors LLC,4037127,Traditional Investment Managers,0,USA
4354366,Cerity Partners LLC,4255907,Traditional Investment Managers,0,USA
4354366,White Knight Strategic Wealth Advisors LLC,15388876,Traditional Investment Managers,0,USA
4354366,Desjardins Global Asset Management Inc.,4226520,Traditional Investment Managers,0,Canada
4354366,Kiker Wealth Management LLC,4283685,Family Offices/Trusts,0,USA
4354366,Concentric Capital Strategies LP,28048946,Hedge Fund Managers (<5% stake),0,USA
4354366,The Toronto-Dominion Bank,100519,Traditional Investment Managers,0,Canada
4354366,Swiss Life Asset Mgmt AG,4140617,Traditional Investment Managers,0,Switzerland
4354366,Bank J. Safra Sarasin AG,4138267,Traditional Investment Managers,0,Switzerland
4354366,GSA Capital Partners LLP,4135164,Hedge Fund Managers (<5% stake),0,United Kingdom
4354366,Scotia Administradora General de Fondos Chile SA,4283462,Traditional Investment Managers,0,Chile
4354366,PNC Financial Services Group Inc.,100406,Banks/Investment Banks,0,USA
4354366,Hantz Financial Services Inc.,4110324,Traditional Investment Managers,0,USA
4354366,Quadrature Capital Limited,5866138,Hedge Fund Managers (<5% stake),0,United Kingdom
4354366,Raymond James Financial Inc.,102771,Traditional Investment Managers,0,USA
4354366,Acadian Asset Management LLC,110495,Traditional Investment Managers,0,USA
4354366,Summit Securities Group LLC,4376761,Banks/Investment Banks,0,USA
4354366,Rhumbline Advisers Ltd Partnership,109968,Traditional Investment Managers,0,USA
4354366,Voya Investment Management LLC,4048215,Traditional Investment Managers,0,USA
4354366,MetLife Investment Management LLC,4187546,Traditional Investment Managers,0,USA
4354366,Arrowstreet Capital Ltd. Partnership,4049161,Traditional Investment Managers,0,USA
4354366,Sumitomo Mitsui DS Asset Management Co. Ltd.,4140078,Traditional Investment Managers,0,Japan
4354366,Sigma Planning Corp.,4117859,Traditional Investment Managers,0,USA
4354366,Patriot Investment Management Group Inc,4118065,Traditional Investment Managers,0,USA
4354366,MFA Wealth Advisors LLC,4556140,Traditional Investment Managers,0,USA
4354366,AFH Independent Financial Services Limited,7794310,Traditional Investment Managers,0,United Kingdom
4354366,Thrivent Trust Co.,1984064,Banks/Investment Banks,0,USA
4354366,U.S. Bancorp Asset Management Inc.,4073155,Traditional Investment Managers,0,USA
4354366,Royal Bank of Canada,100522,Banks/Investment Banks,0,Canada
4354366,Inversis Gestion SA SGIIC,4139003,Traditional Investment Managers,0,Spain
4354366,Mirabella Financial Services LLP,5750561,Traditional Investment Managers,0,United Kingdom
4354366,IEQ Capital LLC,15092837,Traditional Investment Managers,0,USA
4354366,Ballentine Partners LLC,4119637,Traditional Investment Managers,0,USA
4354366,DRW Holdings LLC,4209260,Traditional Investment Managers,0,USA
4354366,Edmond de Rothschild Asset Management (France),4137552,Traditional Investment Managers,0,France
4354366,ProShare Advisors LLC,4153606,Traditional Investment Managers,0,USA
4354366,AIA Investment Management Private Limited,6594844,Traditional Investment Managers,0,Singapore
4354366,Merrill Lynch Pierce Fenner & Smith Inc.,3006816,Banks/Investment Banks,0,USA
4354366,MGO One Seven LLC,4724211,Traditional Investment Managers,0,USA
4354366,Pinnacle Associates Ltd.,110322,Traditional Investment Managers,0,USA
4354366,Cetera Investment Advisers LLC,4115973,Traditional Investment Managers,0,USA
4354366,Controlfida (Suisse) SA,6731032,Traditional Investment Managers,0,Switzerland
4354366,Renta 4 Gestora S.G.I.I.C. SA,4139861,Traditional Investment Managers,0,Spain
4354366,HighTower Advisors LLC,4222753,Traditional Investment Managers,0,USA
4354366,Independent Financial Group LLC,4065531,Traditional Investment Managers,0,#INVALID COMPANY ID
4354366,Compass Group LLC,4119107,Traditional Investment Managers,0,USA
4354366,Vanguard Personalized Indexing Management,13980941,Traditional Investment Managers,0,USA
4354366,Wellington Management Group LLP,4579014,Traditional Investment Managers,0,USA
4354366,Wealth Enhancement Advisory Services LLC,4117722,Traditional Investment Managers,0,USA
4354366,Crestline Investors Inc,4326048,Hedge Fund Managers (<5% stake),0,USA
4354366,Eagle Rock Investment Co. LLC,29332517,Traditional Investment Managers,0,USA
4354366,Resona Asset Management Co. Ltd.,4629378,Traditional Investment Managers,0,Japan
4354366,Corient IA LP,111448818,Traditional Investment Managers,0,USA
4354366,Garanti Portföy Yönetimi AS,4570672,Traditional Investment Managers,0,Türkiye
4354366,Rathbones Investment Management Ltd.,4115725,Traditional Investment Managers,0,United Kingdom
4354366,Impact Partnership Wealth LLC,29154559,Traditional Investment Managers,0,USA
4354366,Kestra Advisory Services LLC,4679925,Traditional Investment Managers,0,USA
4354366,Deka Investment GmbH,4137912,Traditional Investment Managers,0,Germany
4354366,Nordea Investment Management AB,4026994,Traditional Investment Managers,0,Sweden
4354366,Frank Rimerman Advisors LLC,4116534,Traditional Investment Managers,0,USA
4354366,Greenleaf Trust NA,4032621,Traditional Investment Managers,0,USA
4354366,SG Americas Securities LLC,4092965,Banks/Investment Banks,0,USA
4354366,Comprehensive Money Management Services LLC,4218652,Traditional Investment Managers,0,USA
4354366,Two Sigma Securities LLC,4254077,Banks/Investment Banks,0,USA
4354366,Gesiuris,4399531,Traditional Investment Managers,0,Spain
4354366,Eastspring Investments (Singapore) Ltd.,4138745,Traditional Investment Managers,0,Singapore
4354366,Sustainable Growth Advisers LP,4119489,Traditional Investment Managers,0,USA
4354366,QP Wealth Management LLC,15092834,Traditional Investment Managers,0,USA
4354366,Advisors Asset Management Inc.,4093038,Traditional Investment Managers,0,USA
4354366,Sequoia Financial Advisors LLC,4117970,Traditional Investment Managers,0,USA
4354366,Redwood Wealth Management Group LLC,4642218,Traditional Investment Managers,0,USA
4354366,SBI Holdings Inc.,4253405,Traditional Investment Managers,0,Japan
4354366,Fulcrum Asset Management LLP,4135122,Hedge Fund Managers (<5% stake),0,United Kingdom
4354366,William Blair Investment Management LLC,4578628,Traditional Investment Managers,0,USA
4354366,Prelude Capital Management LLC,4134726,Hedge Fund Managers (<5% stake),0,USA
4354366,Sanlam Investment Management (Pty.) Ltd.,4672091,,0,South Africa
4354366,Pacific Investment Management Co. LLC,109687,Traditional Investment Managers,0,USA
4354366,Sarasin & Partners LLP,4141040,Traditional Investment Managers,0,United Kingdom
4354366,Australian Super Pty Ltd,4757367,Government Pension Sponsors,0,Australia
4354366,DFP Deutsche Finanz Portfolioverwaltung GmbH,6729481,Traditional Investment Managers,0,Germany
4354366,Mariner LLC,4145924,Traditional Investment Managers,0,USA
4354366,Toesca SA Administradora General de Fondos,10584810,Traditional Investment Managers,0,Chile
4354366,IPG Investment Advisors LLC,4273173,Traditional Investment Managers,0,USA
4354366,Yuanta Securities Investment Trust Co. Ltd.,4216438,Traditional Investment Managers,0,Taiwan
4354366,Aprio Wealth Management LLC,4116053,Traditional Investment Managers,0,USA
4354366,Corient Private Wealth LP,101288928,Traditional Investment Managers,0,USA
4354366,IS Asset Management,4139199,Traditional Investment Managers,0,Türkiye
4354366,Innovator Management LLC,4339029,Traditional Investment Managers,0,USA
4354366,Lincoln Financial Investments Corp.,4119651,Traditional Investment Managers,0,USA
4354366,Sutterluty Investment Management GmbH,4227239,Traditional Investment Managers,0,Austria
4354366,Sovran Advisors LLC,115756500,Family Offices/Trusts,0,USA
4354366,Northwestern Mutual Wealth Management Co.,4054540,Traditional Investment Managers,0,USA
4354366,Ampega Investment GmbH,4147585,Traditional Investment Managers,0,Germany
4354366,PGIM Inc.,4119440,Traditional Investment Managers,0,USA
4354366,Numeric Investors LLC,110153,Hedge Fund Managers (<5% stake),0,USA
4354366,AQR Capital Management LLC,4119538,Hedge Fund Managers (<5% stake),0,USA
4354366,Pinpoint Asset Management (Singapore) Pte. Ltd.,28791761,Hedge Fund Managers (<5% stake),0,Singapore
4354366,Frank Russell Co.,4025426,,0,USA
4354366,PGIM Securities Investment Trust Enterprise,4240414,Traditional Investment Managers,0,Taiwan
4354366,Gateway Wealth Partners LLC,108000502,Traditional Investment Managers,0,USA
4354366,Hilltop Holdings Inc.,4383039,Banks/Investment Banks,0,USA
4354366,Hauck & Aufhäuser Fund Services S.A.,4415418,Traditional Investment Managers,0,Luxembourg
4354366,Visionary Wealth Advisors LLC,4421737,Traditional Investment Managers,0,USA
4354366,GENUS Capital Management Inc.,110574,Traditional Investment Managers,0,Canada
4354366,Ethic Inc.,4669066,Traditional Investment Managers,0,USA
4354366,Arlington Capital Management Inc.,4117660,Traditional Investment Managers,0,USA
4354366,Niche Asset Management Limited,13969643,Traditional Investment Managers,0,United Kingdom
4354366,Employees Retirement System of Texas,4097767,Government Pension Sponsors,0,USA
4354366,Middlefield Capital Corp.,4138143,Traditional Investment Managers,0,Canada
4354366,Mercer Global Advisors Inc.,111511,Traditional Investment Managers,0,USA
4354366,DBX Advisors LLC,4318598,Traditional Investment Managers,0,USA
4354366,Snowden Capital Advisors LLC,4318972,Traditional Investment Managers,0,USA
4354366,Seligson & Co Rahastoyhtio Oy,4140042,Traditional Investment Managers,0,Finland
4354366,Empowered Funds LLC,4556191,Traditional Investment Managers,0,USA
4354366,CaixaBank Asset Management SGIIC S.A.U.,4138997,Traditional Investment Managers,0,Spain
4354366,Nissay Asset Management Corp.,4116134,Traditional Investment Managers,0,Japan
4354366,Edward Jones Trust Co.,1000525,Traditional Investment Managers,0,USA
4354366,Anfield Capital Management LLC,4383824,Traditional Investment Managers,0,USA
4354366,Wyoming State Treasurer,5774555,Sovereign Wealth Funds (<5% stake),0,USA
4354366,Caitong International Asset Management Co. Ltd,9337684,Traditional Investment Managers,0,Hong Kong
4354366,1832 Asset Management LP,4248288,Traditional Investment Managers,0,Canada
4354366,FMR LLC,3000896,Traditional Investment Managers,0,USA
4354366,Advisory Services Network LLC,4283691,Traditional Investment Managers,0,USA
4354366,Nicholas Wealth LLC,29736823,Traditional Investment Managers,0,USA
4354366,Strategic Advisers LLC,4102073,Traditional Investment Managers,0,USA
4354366,Farther Finance Advisors LLC,19067849,Family Offices/Trusts,0,USA
4354366,Triumph Capital Management,4668562,Traditional Investment Managers,0,USA
4354366,SunAmerica Asset Management LLC,111097,Traditional Investment Managers,0,USA
4354366,Rockefeller & Co. LLC,4026892,Traditional Investment Managers,0,USA
4354366,Intesa Sanpaolo SpA,4100801,Banks/Investment Banks,0,Italy
4354366,BNPP Asset Management Holding,13582910,Traditional Investment Managers,0,France
4354366,Security Kapitalanlage AG,4140057,Traditional Investment Managers,0,Austria
4354366,"Rakuten Investment Management, Inc.",5787808,Traditional Investment Managers,0,Japan
4354366,IFP Advisors LLC,4029450,Traditional Investment Managers,0,USA
4354366,Jump Trading LLC,4093415,Traditional Investment Managers,0,USA
4354366,"Lavaca Capital, LLC",5867204,Traditional Investment Managers,0,USA
4354366,Pinebridge Investments Europe Ltd.,4140110,Traditional Investment Managers,0,United Kingdom
4354366,CX Institutional LLC,10441080,Family Offices/Trusts,0,USA
4354366,Antea VermÖGensverwaltung GmbH,5796925,Traditional Investment Managers,0,Germany
4354366,Deniz Portföy Yönetimi AS,4786012,Traditional Investment Managers,0,Türkiye
4354366,Global Retirement Partners LLC,4560551,Traditional Investment Managers,0,USA
4354366,Yapi Kredi Portföy Yönetimi A.S.,4785371,Traditional Investment Managers,0,Türkiye
4354366,Accent Capital Management LLC,105706929,Traditional Investment Managers,0,USA
4354366,Lombard Odier Asset Management (Europe) Ltd.,4289501,Traditional Investment Managers,0,United Kingdom
4354366,Grove Bank & Trust,1011928,Banks/Investment Banks,0,USA
4354366,Leonteq AG,4773635,Traditional Investment Managers,0,Switzerland
4354366,Steward Partners Investment Advisory LLC,4677843,Traditional Investment Managers,0,USA
4354366,The Ameriflex Group Inc.,19727203,Traditional Investment Managers,0,USA
4354366,EverSource Wealth Advisors LLC,7974210,Family Offices/Trusts,0,USA
4354366,Parallel Advisors LLC,4186766,Traditional Investment Managers,0,USA
4354366,SignatureFD LLC,4116056,Traditional Investment Managers,0,USA
4354366,Tuttle Capital Management LLC,4337895,Hedge Fund Managers (<5% stake),0,USA
4354366,RBC Rochdale LLC,4055176,Traditional Investment Managers,0,USA
4354366,Pinnacle Wealth Planning Services Inc.,4035419,Traditional Investment Managers,0,USA
4354366,Harbour Investments Inc.,4028556,Traditional Investment Managers,0,USA
4354366,Timothy Partners Ltd.,4032624,Traditional Investment Managers,0,USA
4354366,Themes Management Co.,112247511,Traditional Investment Managers,0,USA
4354366,European And Global Advisers LLP,10346719,Traditional Investment Managers,0,United Kingdom
4354366,Royal Bank of Canada Trust Co. (Bahamas) Ltd.,6696523,Banks/Investment Banks,0,Bahamas
4354366,Carson Wealth Management Group,5750365,Traditional Investment Managers,0,USA
4354366,Hilltop National Bank,1000511,Traditional Investment Managers,0,USA
4354366,GAMMA Investing LLC,26480935,Traditional Investment Managers,0,USA
4354366,Fédération des caisses Desjardins du Québec,4169610,Traditional Investment Managers,0,Canada
4354366,Bessemer Investment Management LLC,4118993,Traditional Investment Managers,0,USA
4354366,Global X Japan Co. Ltd.,20326442,Traditional Investment Managers,0,#INVALID COMPANY ID
4354366,Taishin Securities Investment Trust Co. Ltd.,4278931,Traditional Investment Managers,0,Taiwan
4354366,Geneos Wealth Management Inc.,4086018,Traditional Investment Managers,0,USA
4354366,Merchbanc S.A. S.G.I.I.C,5758410,Traditional Investment Managers,0,Spain
4354366,TSFG LLC,4566669,Traditional Investment Managers,0,USA
4354366,Wiser Advisor Group LLC,111514802,Traditional Investment Managers,0,USA
4354366,Larson Financial Group LLC,4272795,Traditional Investment Managers,0,USA
4354366,Atlatl Advisers LLC,113575156,Traditional Investment Managers,0,USA
4354366,Allied Pvt.Wealth,114837470,Family Offices/Trusts,0,USA
4354366,MAI Capital Management LLC,4116022,Traditional Investment Managers,0,USA
4354366,Antipodes Partners Ltd.,5858823,Traditional Investment Managers,0,Australia
4354366,Westside Investment Management LLC,4283802,Traditional Investment Managers,0,USA
4354366,The Adirondack Trust Co.,1011886,Family Offices/Trusts,0,USA
4354366,Allworth Financial L.P.,4186450,Traditional Investment Managers,0,USA
4354366,JNBA Financial Advisors LLC,4117683,Banks/Investment Banks,0,USA
4354366,Tobam SAS,4230200,Traditional Investment Managers,0,France
4354366,IAG Wealth Partners LLC,4056183,Family Offices/Trusts,0,USA
4354366,AssetMark Inc.,4115833,Traditional Investment Managers,0,USA
4354366,Highline Wealth Partners LLC,4027193,Family Offices/Trusts,0,USA
4354366,Parkside Financial Bank & Trust,4185730,Traditional Investment Managers,0,USA
4354366,Blackstone Inc.,4157397,VC/PE Firms (<5% stake),0,USA
4354366,Bogart Wealth LLC,4764061,Traditional Investment Managers,0,USA
4354366,Millstone Evans Group LLC,26559920,Traditional Investment Managers,0,USA
4354366,Central Trust Co,3005446,Traditional Investment Managers,0,USA
4354366,Basecamp Wealth Advisors LLC,133155690,Family Offices/Trusts,0,#INVALID COMPANY ID
4354366,Kozak & Tripp Pvt. Asset Management Inc.,11224795,Traditional Investment Managers,0,USA
4354366,Natixis SA,4077805,Banks/Investment Banks,0,France
4354366,MASECO LLP,4218445,Family Offices/Trusts,0,United Kingdom
4354366,JFS Wealth Advisors LLC,4187172,Traditional Investment Managers,0,USA
4354366,Osaic Holdings Inc.,4755270,Banks/Investment Banks,0,USA
4354366,Brown Brothers Harriman & Co.,109183,Traditional Investment Managers,0,USA
4354366,SageView Advisory Group LLC,4116734,Traditional Investment Managers,0,USA
4354366,Wealthcollab LLC,100584763,Family Offices/Trusts,0,USA
4354366,Medallion Wealth Advisors LLC,18782705,Family Offices/Trusts,0,USA
4354366,Roble Belko & Co. Inc.,4118783,Traditional Investment Managers,0,USA
4354366,Three Bearings Fiduciary Advisors Inc.,4784725,Family Offices/Trusts,0,USA
4354366,The Financial Consulate Inc.,4118544,Family Offices/Trusts,0,USA
4354366,Physician Wealth Advisors Inc.,4034293,Traditional Investment Managers,0,USA
4354366,Versant Capital Management Inc.,4115897,Traditional Investment Managers,0,USA
4354366,NISA Investment Advisors LLC,110752,Traditional Investment Managers,0,USA
4354366,Ninepoint Partners LP,7331591,Traditional Investment Managers,0,Canada
4354366,Tower Research Capital Europe Limited,5818434,Banks/Investment Banks,0,United Kingdom
4354366,Twin Peaks Wealth Advisors LLC,29446953,Traditional Investment Managers,0,USA
4354366,Elevation Wealth Partners LLC,4116412,Family Offices/Trusts,0,USA
4354366,Dogwood Wealth Management LLC,105701284,Family Offices/Trusts,0,USA
4354366,True Wealth Design LLC,10573962,Traditional Investment Managers,0,USA
4354366,Stone House Investment Management LLC,4205024,Traditional Investment Managers,0,USA
4354366,Cape Investment Advisory Inc.,4272737,Traditional Investment Managers,0,USA
4354366,Pvt. Trust Co. NA,4072532,Traditional Investment Managers,0,USA
4354366,Ancora Advisors LLC,4117990,Traditional Investment Managers,0,USA
4354366,Arax Advisory Partners LLC,4145387,Traditional Investment Managers,0,USA
4354366,LRI Investments LLC,109983282,Traditional Investment Managers,0,USA
4354366,Root Financial Partners LLC,106567132,Traditional Investment Managers,0,USA
4354366,Abound Wealth Management LLC,4867928,Traditional Investment Managers,0,USA
4354366,The Huntington Trust Company NA,110116,Traditional Investment Managers,0,USA
4354366,Invesco Ltd.,103661,Traditional Investment Managers,0,USA
4354366,Vanguard Group Inc.,109776,Traditional Investment Managers,0,USA
4354366,Harbor Capital Advisors Inc.,111486,Traditional Investment Managers,0,USA
4354366,Prudential PLC,4023122,Traditional Investment Managers,0,Hong Kong
4354366,J O Hambro Capital Management Ltd.,4056595,Traditional Investment Managers,0,United Kingdom
4354366,Park Avenue Securities LLC,4057426,Traditional Investment Managers,0,USA
4354366,Group One Trading LLC,4115177,Banks/Investment Banks,0,USA
4354366,Abacus Wealth Partners LLC,4036692,Traditional Investment Managers,0,USA
4354366,Financial Sense Advisors Inc.,4027846,Traditional Investment Managers,0,USA
4354366,Baader Bank AG,4145324,Traditional Investment Managers,0,Germany
4354366,Pendal Group Ltd.,4214234,Traditional Investment Managers,0,Australia
4354366,Morgan Stanley AIP GP LP,4155096,Traditional Investment Managers,0,USA
4354366,Verition Fund Management LLC,4226156,Hedge Fund Managers (<5% stake),0,USA
4354366,Laurel Wealth Advisors LLC,4218748,Traditional Investment Managers,0,USA
4354366,Union Asset Management Holding AG,4224292,Traditional Investment Managers,0,Germany
4354366,Voleon Capital Management LP,4251523,Hedge Fund Managers (<5% stake),0,USA
4354366,Clearstead Advisors LLC,4255267,Traditional Investment Managers,0,USA
4354366,Garner Asset Management Corp.,4117332,Traditional Investment Managers,0,USA
4354366,WP Advisors LLC,4116542,Traditional Investment Managers,0,USA
4354366,Evergreen Capital Management LLC,4116320,Traditional Investment Managers,0,USA
4354366,CoreCommodity Management LLC,4134208,Traditional Investment Managers,0,USA
4354366,Lighthouse Investment Partners LLC,4134253,Hedge Fund Managers (<5% stake),0,USA
4354366,Peregrine Investment Management Inc.,4139233,Hedge Fund Managers (<5% stake),0,Canada
4354366,Ninety One UK Ltd.,4138889,Traditional Investment Managers,0,United Kingdom
4354366,Castle Hook Partners LP,4850159,Hedge Fund Managers (<5% stake),0,USA
4354366,D.B. Root & Co. LLC,4633737,Traditional Investment Managers,0,USA
4354366,Fox Run Management LLC,4641725,Hedge Fund Managers (<5% stake),0,USA
4354366,Sound Income Strategies LLC,4566617,Traditional Investment Managers,0,USA
4354366,National Bank Investments Inc.,4575993,Traditional Investment Managers,0,Canada
4354366,ShariaPortfolio Inc.,4579063,Traditional Investment Managers,0,USA
4354366,Smartleaf Asset Management LLC,4585350,Traditional Investment Managers,0,USA
4354366,Yeomans Consulting Group Inc.,4272824,Family Offices/Trusts,0,USA
4354366,USCF Advisers LLC,4560796,Traditional Investment Managers,0,USA
4354366,Osaic Advisory Services LLC,4560824,Traditional Investment Managers,0,USA
4354366,Scarborough Advisors LLC,4430836,Traditional Investment Managers,0,USA
4354366,Virtu Financial Inc.,4435552,Banks/Investment Banks,0,USA
4354366,IMC Trading BV,4540115,Banks/Investment Banks,0,Netherlands
4354366,BW Gestao de Investimentos Ltda.,4548258,Family Offices/Trusts,0,Brazil
4354366,VGI Partners Ltd.,4383836,Traditional Investment Managers,0,Australia
4354366,BTG Pactual Asset Management SA Distribuidora de Títulos e Valores Mobiliários,4420105,Traditional Investment Managers,0,Brazil
4354366,Harbour Capital Advisors LLC,4383782,Family Offices/Trusts,0,USA
4354366,Hancock Prospecting Pty Ltd.,4350925,Corporations (Private),0,Australia
4354366,Transce3nd LLC,107991564,Family Offices/Trusts,0,USA
4354366,Wealth High Governance Asset Management Ltda,109480890,Traditional Investment Managers,0,Brazil
4354366,BNY Mellon ETF Investment Adviser LLC,19342220,Traditional Investment Managers,0,USA
4354366,Creekmur Asset Management LLC,19859253,Family Offices/Trusts,0,USA
4354366,Scientech Research LLC,27734737,Hedge Fund Managers (<5% stake),0,USA
4354366,Wealth High Governance Capital Ltda.,28702408,Traditional Investment Managers,0,Brazil
4354366,Polymer Capital Management (HK) Ltd.,19930468,Hedge Fund Managers (<5% stake),0,Hong Kong
4354366,"Larry Mathis Financial Planning, LLC",10714974,Family Offices/Trusts,0,USA
4354366,Caption Management LLC,7384223,Hedge Fund Managers (<5% stake),0,USA
4354366,Lombard Odier Asset Management (Switzerland) SA,7060057,Traditional Investment Managers,0,Switzerland
4354366,Diversify Advisory Services LLC,113423598,Traditional Investment Managers,0,USA
4181751,State Street Global Advisors Inc.,110652,Traditional Investment Managers,7.14,USA
4181751,BlackRock Inc.,4048287,Traditional Investment Managers,6.04,USA
4181751,Vanguard Capital Management LLC,137764443,Traditional Investment Managers,2.99,USA
4181751,Vanguard Investments Australia Ltd.,4138917,Traditional Investment Managers,2.94,Australia
4181751,Australian Super Pty Ltd,4757367,Government Pension Sponsors,2.81,Australia
4181751,Norges Bank Investment Management,4138467,Sovereign Wealth Funds (<5% stake),1.71,Norway
4181751,Vanguard Fiduciary Trust Co.,5752504,Traditional Investment Managers,0.88,USA
4181751,Geode Capital Management LLC,4119759,Traditional Investment Managers,0.87,USA
4181751,Nt-Comnwlth Super Corp,4549009,Traditional Investment Managers,0.72,Australia
4181751,Dimensional Fund Advisors LP,111289,Traditional Investment Managers,0.6,USA
4181751,BetaShares Capital Ltd.,4578944,Traditional Investment Managers,0.56,Australia
4181751,Charles Schwab Investment Management Inc.,4048695,Traditional Investment Managers,0.5,USA
4181751,Netwealth Investments Ltd.,4212945,Traditional Investment Managers,0.49,Australia
4181751,Vanguard Asset Management Ltd.,4723508,Traditional Investment Managers,0.45,United Kingdom
4181751,Australian Foundation Investment Co. Ltd.,4137838,Traditional Investment Managers,0.42,Australia
4181751,Colonial First State Investments Ltd.,4156891,Traditional Investment Managers,0.41,Australia
4181751,IOOF Investment Management Ltd.,4139041,Traditional Investment Managers,0.38,Australia
4181751,JP Morgan Asset Management,110092,Traditional Investment Managers,0.37,USA
4181751,Argo Investments Ltd.,4137841,Traditional Investment Managers,0.37,Australia
4181751,Teachers Insurance and Annuity Association-College Retirement Equities Fund,4270330,Traditional Investment Managers,0.28,USA
4181751,Citigroup Inc.,4041896,Banks/Investment Banks,0.24,USA
4181751,Mutual Trust Pty. Ltd.,4393434,Family Offices/Trusts,0.24,Australia
4181751,Goldman Sachs Asset Management LP,110587,Traditional Investment Managers,0.18,USA
4181751,Deutsche Asset & Wealth Management,111219,Traditional Investment Managers,0.16,USA
4181751,Sjunde AP-fonden,4140101,Government Pension Sponsors,0.14,Sweden
4181751,CIBC Asset Management Inc.,4048742,Traditional Investment Managers,0.14,Canada
4181751,Peter Alexander Brown,,Individuals/Insiders,0.14,China
4181751,HSBC Global Asset Management (UK) Ltd.,4115698,Traditional Investment Managers,0.12,United Kingdom
4181751,Amundi Asset Management SAS,4026948,Traditional Investment Managers,0.12,France
4181751,Aberdeen Group PLC,4145085,Traditional Investment Managers,0.12,United Kingdom
4181751,Legal & General Investment Management Ltd.,4139862,Traditional Investment Managers,0.12,United Kingdom
4181751,Australian United Investment Co. Ltd.,4137842,Traditional Investment Managers,0.11,Australia
4181751,Northern Trust Global Investments,4272373,Traditional Investment Managers,0.1,United Kingdom
4181751,Mitsubishi UFJ Asset Management Co. Ltd.,4607441,Traditional Investment Managers,0.09,Japan
4181751,Mercer Global Investments Europe Limited,5759394,Traditional Investment Managers,0.09,Ireland
4181751,Border To Coast Pensions Partnership Ltd.,10499632,Government Pension Sponsors,0.09,United Kingdom
4181751,BKI Investment Co. Ltd.,4227086,Traditional Investment Managers,0.08,Australia
4181751,BNY Asset Management,4057506,Traditional Investment Managers,0.08,USA
4181751,Bessemer Investment Management LLC,4118993,Traditional Investment Managers,0.08,USA
4181751,Franklin Resources Inc.,102719,Traditional Investment Managers,0.06,USA
4181751,Robert Geoffrey Scott,,Individuals/Insiders,0.06,China
4181751,Carlton Investments Ltd.,4212885,Traditional Investment Managers,0.05,Australia
4181751,Arbejdsmarkedets Tillægspension (Atp),6185335,Traditional Investment Managers,0.05,Denmark
4181751,American Century Investment Management Inc,111074,Traditional Investment Managers,0.05,USA
4181751,Fidelity International Ltd.,4020980,Traditional Investment Managers,0.05,Bermuda
4181751,Van Eck Associates Corp.,109888,Traditional Investment Managers,0.05,USA
4181751,BMO Asset Management Corp.,109988,Traditional Investment Managers,0.05,USA
4181751,Invesco Capital Management LLC,4117611,Traditional Investment Managers,0.04,USA
4181751,Anthony Natale Gianotti,,Individuals/Insiders,0.04,China
4181751,Royal London Asset Management Ltd.,4138770,Traditional Investment Managers,0.04,United Kingdom
4181751,Macquarie Investment Management Global Ltd.,4654230,Traditional Investment Managers,0.04,Australia
4181751,DBX Advisors LLC,4318598,Traditional Investment Managers,0.04,USA
4181751,Eurizon Capital SGR SpA,4324456,Traditional Investment Managers,0.04,Italy
4181751,UBS Asset Management AG,4674815,Traditional Investment Managers,0.04,Switzerland
4181751,Mainstream Fund Services Pty. Ltd..,7796161,Traditional Investment Managers,0.04,Australia
4181751,AllianceBernstein LP,109806,Traditional Investment Managers,0.04,USA
4181751,White Funds Management Pty Ltd.,4139712,Traditional Investment Managers,0.04,Australia
4181751,TD Asset Management Inc.,4093616,Traditional Investment Managers,0.03,Canada
4181751,Nomura Asset Management Co. Ltd.,4048507,Traditional Investment Managers,0.03,Japan
4181751,Vanguard Global Advisers LLC,4337989,Traditional Investment Managers,0.03,USA
4181751,Russell Investment Management Ltd.,4279122,Traditional Investment Managers,0.03,Australia
4181751,Ian Bailey,,Individuals/Insiders,0.03,China
4181751,Michael Schneider,,Individuals/Insiders,0.03,China
4181751,KLP Kapitalforvaltning AS,4138888,Traditional Investment Managers,0.03,Norway
4181751,Manulife Asset Management,5747632,Traditional Investment Managers,0.03,Canada
4181751,LGPS Central Limited,7108293,VC/PE Firms (<5% stake),0.03,United Kingdom
4181751,BNP Paribas Asset Management Europe,4784107,Traditional Investment Managers,0.03,France
4181751,Fideuram Asset Management (Ireland) DAC,4140503,Traditional Investment Managers,0.03,Ireland
4181751,Danske Bank A/S,4080954,Traditional Investment Managers,0.03,Denmark
4181751,Smartshares Ltd.,4139976,Traditional Investment Managers,0.02,New Zealand
4181751,Magellan Investment Partners,4206857,Traditional Investment Managers,0.02,Australia
4181751,Vanguard Portfolio Management LLC,137765036,Traditional Investment Managers,0.02,USA
4181751,Milford Asset Management LTD,4211891,Traditional Investment Managers,0.02,New Zealand
4181751,Deka Investment GmbH,4137912,Traditional Investment Managers,0.02,Germany
4181751,KBC Asset Management NV,4111901,Traditional Investment Managers,0.02,Belgium
4181751,Asset Management One Co. Ltd.,4120033,Traditional Investment Managers,0.02,Japan
4181751,Schroder Investment Management Ltd.,4249110,Traditional Investment Managers,0.02,United Kingdom
4181751,GWL Investment Management Ltd.,4048184,Traditional Investment Managers,0.02,Canada
4181751,Djerriwarrh Investments Ltd.,4137624,Traditional Investment Managers,0.02,Australia
4181751,Mutual of America Capital Management LLC,111168,Insurance Companies,0.02,USA
4181751,FMR LLC,3000896,Traditional Investment Managers,0.02,USA
4181751,Aviva Investors Global Services Ltd.,4376121,Traditional Investment Managers,0.02,United Kingdom
4181751,BNPP Asset Management Holding,13582910,Traditional Investment Managers,0.02,France
4181751,Janus Henderson Group Ltd.,4147331,Traditional Investment Managers,0.02,United Kingdom
4181751,Mackenzie Financial Corp.,106960,Traditional Investment Managers,0.01,Canada
4181751,Eaton Vance Management,109754,Traditional Investment Managers,0.01,USA
4181751,Sumitomo Mitsui Trust Asset Management Co. Ltd.,4318240,Traditional Investment Managers,0.01,Japan
4181751,SEB Funds AB,4256960,Traditional Investment Managers,0.01,Latvia
4181751,Nissay Asset Management Corp.,4116134,Traditional Investment Managers,0.01,Japan
4181751,Voya Investment Management LLC,4048215,Traditional Investment Managers,0.01,USA
4181751,AXA Investment Managers UK Ltd.,4405395,Traditional Investment Managers,0.01,United Kingdom
4181751,Ossiam,6729616,Traditional Investment Managers,0.01,France
4181751,T. Rowe Price Group Inc.,4055767,Traditional Investment Managers,0.01,USA
4181751,Russell Investment Management LLC,111359,Traditional Investment Managers,0.01,USA
4181751,Universal-Investment-Luxembourg S.A. Niederlassung Frankfurt Am Main,16073228,Traditional Investment Managers,0.01,Germany
4181751,GuideStone Capital Management LLC,4115935,Traditional Investment Managers,0.01,USA
4181751,Sumitomo Mitsui DS Asset Management Co. Ltd.,4140078,Traditional Investment Managers,0.01,Japan
4181751,Pictet Asset Management Ltd.,111267,Traditional Investment Managers,0.01,United Kingdom
4181751,Milliman Financial Risk Management LLC,4320730,Traditional Investment Managers,0.01,USA
4181751,Schroder Investment Management (Japan) Ltd.,4296648,Traditional Investment Managers,0.01,Japan
4181751,Strategic Advisers LLC,4102073,Traditional Investment Managers,0.01,USA
4181751,St. Galler Kantonalbank AG,4182942,Traditional Investment Managers,0.01,Switzerland
4181751,New York Life Investment Management LLC,4073190,Traditional Investment Managers,0.01,USA
4181751,Daiwa Asset Management Co. Ltd.,4137704,Traditional Investment Managers,0.01,Japan
4181751,AMCIL Ltd.,4138017,Traditional Investment Managers,0.01,Australia
4181751,AQR Capital Management LLC,4119538,Hedge Fund Managers (<5% stake),0.01,USA
4181751,Schroder Investment Management (Hong Kong) Ltd.,4139954,Traditional Investment Managers,0.01,Hong Kong
4181751,Seligson & Co Rahastoyhtio Oy,4140042,Traditional Investment Managers,0.01,Finland
4181751,Amova Asset Management Co. Ltd.,4107954,,0.01,Japan
4181751,Ausbil Investment Management Ltd.,4565421,Traditional Investment Managers,0.01,Australia
4181751,Danske Capital Denmark,4137587,Traditional Investment Managers,0.01,Denmark
4181751,Principal Global Investors LLC,4089114,Traditional Investment Managers,0.01,USA
4181751,Aleksandra Spaseska,,Individuals/Insiders,0.01,China
4181751,MetLife Investment Management LLC,4187546,Traditional Investment Managers,0.01,USA
4181751,BBVA Asset Management S.A. S.G.I.I.C,4138393,Traditional Investment Managers,0.01,Spain
4181751,IG Investment Management Ltd.,4005523,Traditional Investment Managers,0.01,Canada
4181751,Mercer Investments LLC,4119790,Traditional Investment Managers,0.01,USA
4181751,QuayStreet Asset Management Ltd.,7382251,Traditional Investment Managers,0.01,New Zealand
4181751,Nationwide Fund Advisors,4087052,Traditional Investment Managers,0.01,USA
4181751,Desjardins Global Asset Management Inc.,4226520,Traditional Investment Managers,0.01,Canada
4181751,MD Financial Management Inc,4399282,Traditional Investment Managers,0.01,Canada
4181751,Lux-Fund Advisory SA,5860272,Traditional Investment Managers,0,Luxembourg
4181751,Jupiter Fund Management PLC,4271664,Traditional Investment Managers,0,United Kingdom
4181751,Global X Management (Aus) Ltd.,8365031,Traditional Investment Managers,0,Australia
4181751,BEA Union Investment Management Ltd.,4208762,Traditional Investment Managers,0,Hong Kong
4181751,Baillie Gifford & Co.,4026973,Traditional Investment Managers,0,United Kingdom
4181751,Michael Alfred Chaney,,Individuals/Insiders,0,China
4181751,Resona Asset Management Co. Ltd.,4629378,Traditional Investment Managers,0,Japan
4181751,Tokio Marine Asset Management Co. Ltd.,4139886,Traditional Investment Managers,0,Japan
4181751,Lincoln Financial Investments Corp.,4119651,Traditional Investment Managers,0,USA
4181751,1832 Asset Management LP,4248288,Traditional Investment Managers,0,Canada
4181751,Paradigm Asset Management Co. L.L.C.,110595,Traditional Investment Managers,0,USA
4181751,Forsyth Barr Investment Management Ltd,5797434,Traditional Investment Managers,0,New Zealand
4181751,Invesco Ltd.,103661,Traditional Investment Managers,0,USA
4181751,Schroder Investment Management North America Inc.,109872,Traditional Investment Managers,0,USA
4181751,Purpose Investments Inc.,4773761,Traditional Investment Managers,0,Canada
4181751,HSBC Global Asset Management (Hong Kong) Ltd.,4100281,Traditional Investment Managers,0,Hong Kong
4181751,Baring Asset Management Ltd.,111272,Traditional Investment Managers,0,United Kingdom
4181751,Empower Capital Management LLC,4048185,Traditional Investment Managers,0,USA
4181751,Sparinvest SA (Luxembourg),4232927,Traditional Investment Managers,0,Luxembourg
4181751,Lombard Odier Asset Management (Switzerland) SA,7060057,Traditional Investment Managers,0,Switzerland
4181751,Neuberger Berman Investment Advisers LLC,109731,Traditional Investment Managers,0,USA
4181751,Rhumbline Advisers Ltd Partnership,109968,Traditional Investment Managers,0,USA
4181751,Green Arrow Capital SGR SpA,5745911,VC/PE Firms (<5% stake),0,Italy
4181751,First Trust Advisors LP,4033550,Traditional Investment Managers,0,USA
4181751,BOCI-Prudential Asset Management Ltd.,4138118,Traditional Investment Managers,0,Hong Kong
4181751,Wahed Invest LLC,4627068,Traditional Investment Managers,0,USA
4181751,"ID-Sparinvest, Filial af Sparinvest S.A., Luxembourg",5776820,Traditional Investment Managers,0,Denmark
4181751,Tangerine Investment Management Inc.,4432074,Traditional Investment Managers,0,Canada
4181751,AXA Rosenberg Investment Management LLC,110514,Traditional Investment Managers,0,USA
4181751,Wilson Asset Management (International) P,4139656,Traditional Investment Managers,0,Australia
4181751,PMG Investment Solutions AG,5753618,Traditional Investment Managers,0,Switzerland
4181751,CI Global Asset Management,4114882,Traditional Investment Managers,0,Canada
4181751,Massachusetts Financial Services Company,109763,Traditional Investment Managers,0,USA
4181751,AIA Investment Management Private Limited,6594844,Traditional Investment Managers,0,Singapore
4181751,Degroof Petercam Asset Management,4377155,Traditional Investment Managers,0,Belgium
4181751,CGS International Securities Singapore Pte. Ltd.,4273041,Traditional Investment Managers,0,Singapore
4181751,Anima SGR SpA,4137693,Traditional Investment Managers,0,Italy
4181751,Thrivent Investment Management Inc.,4102247,Traditional Investment Managers,0,USA
4181751,AHAM Asset Management Bhd.,4190455,Traditional Investment Managers,0,Malaysia
4181751,Horizon Investments LLC,4118373,Traditional Investment Managers,0,USA
4181751,Pacific Investment Management Co. LLC,109687,Traditional Investment Managers,0,USA
4181751,Liontrust Asset Management PLC,4139864,Traditional Investment Managers,0,United Kingdom
4181751,AXA Investment Managers US Inc,4089101,Traditional Investment Managers,0,USA
4181751,Victory Capital Management Inc.,110674,Traditional Investment Managers,0,USA
4181751,SEI Investments Co.,102729,Traditional Investment Managers,0,USA
4181751,ABN AMRO Investment Solutions SA,4260136,Traditional Investment Managers,0,France
4181751,Vanessa Miscamble Wallace,,Individuals/Insiders,0,China
4181751,"Hitachi Investment Management, Ltd.",5652844,Traditional Investment Managers,0,Japan
4181751,Vident Advisory LLC,13979957,Traditional Investment Managers,0,USA
4181751,Nevastar Finance Ltd.,7059815,Traditional Investment Managers,0,United Kingdom
4181751,Mirae Asset Global Investments Co. Ltd.,4256114,Traditional Investment Managers,0,South Korea
4181751,PGIM Inc.,4119440,Traditional Investment Managers,0,USA
4181751,Canada Life Investment Management Ltd.,27584974,Traditional Investment Managers,0,Canada
4181751,OLZ & Partners,5777818,Traditional Investment Managers,0,Switzerland
4181751,Wilmington Funds Management Corp.,4026915,Traditional Investment Managers,0,USA
4181751,RBC Global Asset Management Inc.,4281265,Traditional Investment Managers,0,Canada
4181751,Dws (CH),106302708,Traditional Investment Managers,0,Switzerland
4181751,10X Asset Management Pty. LTD,8532130,Traditional Investment Managers,0,South Africa
4181751,Allspring Global Investments LLC,110570,Traditional Investment Managers,0,USA
4181751,Euromobiliare Asset Management SGR SpA,4137828,Traditional Investment Managers,0,Italy
4181751,BNY Mellon Service Kapitalanlage-Gesellschaft mbH,6729702,Traditional Investment Managers,0,Germany
4181751,ShariaPortfolio Inc.,4579063,Traditional Investment Managers,0,USA
4181751,Alison Mary Watkins,,Individuals/Insiders,0,China
4181751,Sanlam Investment Management (Pty.) Ltd.,4672091,,0,South Africa
4181751,Pacer Advisors Inc.,4539004,Traditional Investment Managers,0,USA
4181751,SunAmerica Asset Management LLC,111097,Traditional Investment Managers,0,USA
4181751,Kenneth Norman MacKenzie,,Individuals/Insiders,0,China
4181751,Sharon Lee Warburton,,Individuals/Insiders,0,China
4181751,Morgan Stanley Investment Management Inc.,109721,Traditional Investment Managers,0,USA
4181751,Sally Foundation,19933897,Charitable Foundations,0,Australia
4181751,Allianz Asset Management GmbH,4208127,Traditional Investment Managers,0,Germany
4181751,Credit Suisse Management (Cayman) Ltd,5807275,Traditional Investment Managers,0,Cayman Islands
4181751,Vident Asset Management,4556203,Traditional Investment Managers,0,USA
4181751,Fondaco Lux S.A.,5793585,Traditional Investment Managers,0,Luxembourg
4181751,Jennifer Anne Westacott,,Individuals/Insiders,0,China
4181751,DJE Kapital AG,4212529,Traditional Investment Managers,0,Germany
4181751,Quaestio Capital Management SGR S.p.A Unipersonale,5842097,Traditional Investment Managers,0,Italy
4181751,Transamerica Asset Management Inc.,4118152,Traditional Investment Managers,0,USA
4181751,Anil Sabharwal,,Individuals/Insiders,0,China
4181751,Baloise Asset Management,5753444,Traditional Investment Managers,0,Switzerland
4181751,Arrowstreet Capital Ltd. Partnership,4049161,Traditional Investment Managers,0,USA
4181751,Michael Roche,,Individuals/Insiders,0,China
4181751,Innovator Capital Management LLC,4975908,Traditional Investment Managers,0,USA
4181751,Simon William English,,Individuals/Insiders,0,China
4181751,VP Fund Solutions (Liechtenstein) AG,4782245,Traditional Investment Managers,0,Liechtenstein
4181751,National Bank Investments Inc.,4575993,Traditional Investment Managers,0,Canada
4181751,Putnam LLC,26566323,Traditional Investment Managers,0,USA
4181751,GAMMA Investing LLC,26480935,Traditional Investment Managers,0,USA
4181751,Penn Mutual Asset Management LLC,4037402,Traditional Investment Managers,0,USA
4181751,Alan John Cransberg,,Individuals/Insiders,0,China
4181751,Wespath Institutional Investments LLC,5842545,Traditional Investment Managers,0,USA
4181751,Cambria Investment Management L.P.,4272541,Traditional Investment Managers,0,USA
4181751,Driehaus Capital Management LLC,111537,Traditional Investment Managers,0,USA
4181751,Envestnet Asset Management Inc.,4072215,Traditional Investment Managers,0,USA
4181751,Artisan Partners LP,4244140,Traditional Investment Managers,0,USA
4181751,Old Mutual Multi-Managers,27729917,Traditional Investment Managers,0,South Africa
4181751,Julie Ann Coates,,Individuals/Insiders,0,China
4181751,Pzena Investment Management Inc.,4162576,Traditional Investment Managers,0,USA
4181751,Top Vermögensverwaltung Ag,4265946,Traditional Investment Managers,0,Germany
4181751,Azimut Capital Management Sgr SpA,4547194,Traditional Investment Managers,0,Italy
4181751,WisdomTree Asset Management Inc.,4145691,Traditional Investment Managers,0,USA
4181751,Helaba Invest Kapitalanlagegesellschaft mbH,4138538,Traditional Investment Managers,0,Germany
4181751,Zacks Investment Management Inc.,4049157,Traditional Investment Managers,0,USA
4181751,Funds Administration New Zealand Ltd.,4432730,Traditional Investment Managers,0,New Zealand
4181751,Loomis Sayles & Company LP,109964,Traditional Investment Managers,0,USA
4181751,Swiss Rock Asset Management AG,4251516,Traditional Investment Managers,0,Switzerland
4181751,Symmetry Partners LLC,4119608,Traditional Investment Managers,0,USA
4181751,Macquarie Investment Management Ltd.,4135240,Traditional Investment Managers,0,Australia
4181751,Friedrich von Oertzen,,Individuals/Insiders,0,China
4181751,Capital Investment Trust Corp.,4225018,Traditional Investment Managers,0,Taiwan
4181751,UOB Asset Management Ltd.,4139629,Traditional Investment Managers,0,Singapore
4181751,ProShare Advisors LLC,4153606,Traditional Investment Managers,0,USA
4181751,"Federated Hermes, Inc.",110641,Traditional Investment Managers,0,USA
4181751,Swiss Life Asset Mgmt AG,4140617,Traditional Investment Managers,0,Switzerland
4181751,GAM Holding AG,4056821,Traditional Investment Managers,0,Switzerland
4181751,Union Asset Management Holding AG,4224292,Traditional Investment Managers,0,Germany
4181751,Avos Capital Management LLC,29155867,Hedge Fund Managers (<5% stake),0,USA
4181751,Towarzystwo Funduszy Inwestycyjnych PZU SA,4378744,Traditional Investment Managers,0,Poland
4181751,Connor Clark & Lunn Investment Management Ltd.,4035990,Traditional Investment Managers,0,Canada
4181751,HC Capital Solutions,5816131,Traditional Investment Managers,0,USA
4181751,Boston Partners Global Investors Inc.,4158830,Traditional Investment Managers,0,USA
4181751,Kathryn Marian Munnings,,Individuals/Insiders,0,China
4181751,Brighthouse Investment Advisers LLC,4119728,Insurance Companies,0,USA
4181751,European And Global Advisers LLP,10346719,Traditional Investment Managers,0,United Kingdom
4181751,Russell Investments Ltd.,17501722,Banks/Investment Banks,0,United Kingdom
4181751,Tolomeo Capital AG,7844534,Traditional Investment Managers,0,Switzerland
4181751,Putnam Fiduciary Trust Co.,1015222,Traditional Investment Managers,0,USA
4181751,Universal Investment GmbH,4630169,Traditional Investment Managers,0,Germany
4181751,Assenagon Asset Management S.A.,5805166,Traditional Investment Managers,0,Luxembourg
4181751,Nykredit Portefølje Administration A/S,4556895,Traditional Investment Managers,0,Denmark
4181751,T&D Asset Management Co. Ltd.,4139837,Traditional Investment Managers,0,Japan
4181751,Storebrand Asset Management AS,4336776,Traditional Investment Managers,0,Norway
4181751,Tidal Investments LLC,4338202,Traditional Investment Managers,0,USA
4181751,Bg Fund Management Luxembourg S.A.,4253894,Traditional Investment Managers,0,Luxembourg
4181751,Salomon and Ludwin LLC,10343382,Family Offices/Trusts,0,USA
4181751,Candriam Société En Commandite Par Actions,4578989,Traditional Investment Managers,0,Luxembourg
4181751,Lumyna Investments Ltd.,19350037,Traditional Investment Managers,0,United Kingdom
4181751,PNC Financial Services Group Inc.,100406,Banks/Investment Banks,0,USA
4181751,Old Mutual Investment Group (Pty) Ltd.,4140566,Traditional Investment Managers,0,South Africa
4181751,Harvest Fund Management Co. Ltd.,4140486,Traditional Investment Managers,0,China
4181751,Segall Bryant & Hamill LLC,110793,Traditional Investment Managers,0,USA
4181751,Ancora Advisors LLC,4117990,Traditional Investment Managers,0,USA
4181751,RHB Asset Management Sdn. Bhd.,4139625,Traditional Investment Managers,0,Malaysia
4181751,IMA Advisory Services Inc.,4093059,Traditional Investment Managers,0,USA
4181751,Golden State Equity Advisors LLC,9321263,Traditional Investment Managers,0,USA
4181751,Signature Equity Partners LLC,112689727,Traditional Investment Managers,0,USA
4181751,Blueprint Investment Partners LLC,4784014,Traditional Investment Managers,0,USA
4181751,AXA Investment Managers SA,4144380,Traditional Investment Managers,0,France
4181751,Lombard Odier Asset Management (Europe) Ltd.,4289501,Traditional Investment Managers,0,United Kingdom
4181751,Empowered Funds LLC,4556191,Traditional Investment Managers,0,USA
4181751,Penserra Capital Management LLC,4566684,Traditional Investment Managers,0,USA
4181751,E Fund Management Co. Ltd.,4137681,Traditional Investment Managers,0,China
4181751,Grantham Mayo Van Otterloo & Co. LLC,110399,Traditional Investment Managers,0,USA
4181751,Mondrian Investment Partners Ltd.,110427,Traditional Investment Managers,0,United Kingdom
4181751,Constellation Investments Inc.,4035337,Traditional Investment Managers,0,USA
4181751,Vanguard Group Inc.,109776,Traditional Investment Managers,0,USA
4181751,Harbour Asset Management Limited,6727129,Traditional Investment Managers,0,New Zealand
4181751,Salt Investment Funds Ltd.,5877743,Traditional Investment Managers,0,New Zealand
4349737,BNY Asset Management,4057506,Traditional Investment Managers,20.02,USA
4349737,Van Eck Associates Corp.,109888,Traditional Investment Managers,12.91,USA
4349737,RCF Management LLC,4322842,VC/PE Firms (>5% stake),7.41,USA
4349737,State Street Global Advisors Inc.,110652,Traditional Investment Managers,6.06,USA
4349737,JPMorgan Chase & Co.,100201,Banks/Investment Banks,3.98,USA
4349737,Morgan Stanley,103042,Banks/Investment Banks,3.59,USA
4349737,BlackRock Inc.,4048287,Traditional Investment Managers,2.47,USA
4349737,Vanguard Capital Management LLC,137764443,Traditional Investment Managers,2.33,USA
4349737,Renaissance Smaller Cos. Pty Ltd,4417177,Traditional Investment Managers,1.98,Australia
4349737,Vanguard Investments Australia Ltd.,4138917,Traditional Investment Managers,1.87,Australia
4349737,Legal & General Investment Management Ltd.,4139862,Traditional Investment Managers,1.75,United Kingdom
4349737,Mirae Asset Global Investments Co. Ltd.,4256114,Traditional Investment Managers,1.59,South Korea
4349737,Firetrail Investments Pty Ltd,10180617,Traditional Investment Managers,1.16,Australia
4349737,GWL Investment Management Ltd.,4048184,Traditional Investment Managers,1.06,Canada
4349737,Citigroup Inc.,4041896,Banks/Investment Banks,0.87,USA
4349737,CPU Share Plans Pty Ltd.,4396685,Banks/Investment Banks,0.86,Australia
4349737,Australian Super Pty Ltd,4757367,Government Pension Sponsors,0.71,Australia
4349737,Vanguard Fiduciary Trust Co.,5752504,Traditional Investment Managers,0.68,USA
4349737,Nt-Comnwlth Super Corp,4549009,Traditional Investment Managers,0.66,Australia
4349737,Konwave AG (Gold 2000),4139331,Traditional Investment Managers,0.61,Switzerland
4349737,Paul Anthony Crawford,,Individuals/Insiders,0.57,China
4349737,Tomanovic Multiown Pty. Ltd.,100371890,Corporations (Private),0.52,Australia
4349737,BetaShares Capital Ltd.,4578944,Traditional Investment Managers,0.5,Australia
4349737,Readystate Asset Management LP,101276038,Hedge Fund Managers (<5% stake),0.49,USA
4349737,ALPS Advisors Inc.,4143440,Traditional Investment Managers,0.47,USA
4349737,Allan Charles Buckler,,Individuals/Insiders,0.39,China
4349737,Terryjoy Pty Ltd,8375473,Corporations (Private),0.36,Australia
4349737,Global X Management (Aus) Ltd.,8365031,Traditional Investment Managers,0.36,Australia
4349737,Richard Karl Hill,,Individuals/Insiders,0.34,China
4349737,HSBC Global Asset Management (UK) Ltd.,4115698,Traditional Investment Managers,0.27,United Kingdom
4349737,First Sentier Investors (Australia) IM Ltd,4135241,Traditional Investment Managers,0.24,Australia
4349737,FinClear Pty Ltd.,6840063,Banks/Investment Banks,0.22,Australia
4349737,Dimensional Fund Advisors LP,111289,Traditional Investment Managers,0.21,USA
4349737,BNP Paribas Asset Management Europe,4784107,Traditional Investment Managers,0.2,France
4349737,UBS Asset Management AG,4674815,Traditional Investment Managers,0.18,Switzerland
4349737,Charles Schwab Investment Management Inc.,4048695,Traditional Investment Managers,0.16,USA
4349737,Quadrature Capital Limited,5866138,Hedge Fund Managers (<5% stake),0.15,United Kingdom
4349737,Amundi Asset Management SAS,4026948,Traditional Investment Managers,0.14,France
4349737,Stephen Lance Elliott,,Individuals/Insiders,0.14,China
4349737,Isaiah Sixty Pty Ltd,4479526,Corporations (Private),0.14,Australia
4349737,Royce & Associates LP,4054518,Traditional Investment Managers,0.12,USA
4349737,Geode Capital Management LLC,4119759,Traditional Investment Managers,0.08,USA
4349737,Robert Veitch,,Individuals/Insiders,0.08,China
4349737,Elaine Veitch,,Individuals/Insiders,0.08,China
4349737,Vanguard Asset Management Ltd.,4723508,Traditional Investment Managers,0.08,United Kingdom
4349737,Jorge Mariano Beristain,,Individuals/Insiders,0.08,China
4349737,EAM Global Investors LLC,4550922,Traditional Investment Managers,0.08,USA
4349737,Eaton Vance Management,109754,Traditional Investment Managers,0.08,USA
4349737,Manulife Asset Management,5747632,Traditional Investment Managers,0.07,Canada
4349737,HITE Hedge Asset Management LLC,4321039,Hedge Fund Managers (<5% stake),0.06,USA
4349737,Teachers Insurance and Annuity Association-College Retirement Equities Fund,4270330,Traditional Investment Managers,0.06,USA
4349737,BTG Pactual Global Asset Management Ltd.,4252258,Traditional Investment Managers,0.05,Bermuda
4349737,Xy Capital Ltd.,13041487,Banks/Investment Banks,0.05,Hong Kong
4349737,American Century Investment Management Inc,111074,Traditional Investment Managers,0.05,USA
4349737,Sylvain Collard,,Individuals/Insiders,0.04,China
4349737,XTX Markets Ltd.,4853822,Traditional Investment Managers,0.04,United Kingdom
4349737,James Stuart Brown,,Individuals/Insiders,0.04,China
4349737,Bank of America Corp.,100369,Banks/Investment Banks,0.03,USA
4349737,Quantinno Capital Management LP,11227495,Traditional Investment Managers,0.03,USA
4349737,Squarepoint OPS LLC,4572787,Hedge Fund Managers (<5% stake),0.03,USA
4349737,LPL Financial LLC,4026057,Traditional Investment Managers,0.03,USA
4349737,KLP Kapitalforvaltning AS,4138888,Traditional Investment Managers,0.02,Norway
4349737,Eagle Global Advisors LLC,4026897,Traditional Investment Managers,0.02,USA
4349737,Goldman Sachs Asset Management LP,110587,Traditional Investment Managers,0.02,USA
4349737,Vanguard Global Advisers LLC,4337989,Traditional Investment Managers,0.02,USA
4349737,Vanguard Personalized Indexing Management,13980941,Traditional Investment Managers,0.02,USA
4349737,Christina M. Alvord,,Individuals/Insiders,0.02,China
4349737,Russell Investment Management LLC,111359,Traditional Investment Managers,0.02,USA
4349737,Strategic Advisers LLC,4102073,Traditional Investment Managers,0.02,USA
4349737,Dawne S. Hickton,,Individuals/Insiders,0.01,China
4349737,Macquarie Investment Management Global Ltd.,4654230,Traditional Investment Managers,0.01,Australia
4349737,Lucas Lindsay Dow,,Individuals/Insiders,0.01,China
4349737,Pinnacle Wealth Planning Services Inc.,4035419,Traditional Investment Managers,0.01,USA
4349737,Themes Management Co.,112247511,Traditional Investment Managers,0.01,USA
4349737,Barclays PLC,114508,Banks/Investment Banks,0.01,United Kingdom
4349737,FMR LLC,3000896,Traditional Investment Managers,0.01,USA
4349737,GAMMA Investing LLC,26480935,Traditional Investment Managers,0.01,USA
4349737,Christian Cortes,,Individuals/Insiders,0.01,China
4349737,Dougal Elder,,Individuals/Insiders,0.01,China
4349737,Deutsche Asset & Wealth Management,111219,Traditional Investment Managers,0.01,USA
4349737,Osaic Wealth Inc.,109232,Traditional Investment Managers,0,USA
4349737,Laurie J. Lefcourt,,Individuals/Insiders,0,China
4349737,Northern Trust Global Investments,4272373,Traditional Investment Managers,0,United Kingdom
4349737,RBC Dominion Securities Inc.,4056453,Banks/Investment Banks,0,Canada
4349737,Tower Research Capital Europe Limited,5818434,Banks/Investment Banks,0,United Kingdom
4349737,BNP Paribas Financial Markets SNC,4310789,Traditional Investment Managers,0,France
4349737,PNC Financial Services Group Inc.,100406,Banks/Investment Banks,0,USA
4349737,Main Street Group Ltd.,7676883,Traditional Investment Managers,0,USA
4349737,Rockefeller & Co. LLC,4026892,Traditional Investment Managers,0,USA
4349737,Edward Jones Trust Co.,1000525,Traditional Investment Managers,0,USA
4349737,Cranbrook Wealth Management LLC,4134403,Traditional Investment Managers,0,USA
4349737,The Toronto-Dominion Bank,100519,Traditional Investment Managers,0,Canada
4349737,Rhumbline Advisers Ltd Partnership,109968,Traditional Investment Managers,0,USA
4349737,Larson Financial Group LLC,4272795,Traditional Investment Managers,0,USA
4349737,Lumyna Investments Ltd.,19350037,Traditional Investment Managers,0,United Kingdom
4349737,Wells Fargo & Co.,100382,Banks/Investment Banks,0,USA
4349737,Connor Clark & Lunn Investment Management Ltd.,4035990,Traditional Investment Managers,0,Canada
4349737,Bard Associates Inc.,4056159,Traditional Investment Managers,0,USA
4349737,Arax Advisory Partners LLC,4145387,Traditional Investment Managers,0,USA
4349737,MAI Capital Management LLC,4116022,Traditional Investment Managers,0,USA
4349737,Barclays Bank PLC,4041196,Banks/Investment Banks,0,United Kingdom
4349737,IFP Advisors LLC,4029450,Traditional Investment Managers,0,USA
4349737,Osaic Advisory Services LLC,4560824,Traditional Investment Managers,0,USA
4349737,NBC Securities Inc.,4035777,Traditional Investment Managers,0,USA
4349737,Massachusetts Financial Services Company,109763,Traditional Investment Managers,0,USA
4349737,NewEdge Advisors LLC,4556217,Traditional Investment Managers,0,USA
4349737,EverSource Wealth Advisors LLC,7974210,Family Offices/Trusts,0,USA
4349737,Destiny Wealth Partners LLC,4550863,Traditional Investment Managers,0,USA
4349737,Private Wealth Management Group LLC,4377211,Family Offices/Trusts,0,USA
4349737,NVWM LLC,4252234,Traditional Investment Managers,0,USA
4349737,Parallel Advisors LLC,4186766,Traditional Investment Managers,0,USA
4349737,Litman Gregory Wealth Management LLC,4116448,Traditional Investment Managers,0,USA
4349737,Versant Capital Management Inc.,4115897,Traditional Investment Managers,0,USA
4349737,Financial Management Professionals Inc,4028834,Banks/Investment Banks,0,USA
4349737,Avion Wealth LLC,4272741,Traditional Investment Managers,0,USA
4349737,McIlrath & Eck LLC,4243974,Traditional Investment Managers,0,USA
4349737,Decker Retirement Planning Inc.,9273784,Family Offices/Trusts,0,USA
4349737,SHP Wealth Management LLC,4867804,Family Offices/Trusts,0,USA
4349737,NISA Investment Advisors LLC,110752,Traditional Investment Managers,0,USA
4349737,Global Retirement Partners LLC,4560551,Traditional Investment Managers,0,USA
4349737,Hilton Head Capital Partners LLC,117811867,Traditional Investment Managers,0,USA
4349737,Lifesteps Financial Inc.,11222051,Traditional Investment Managers,0,USA
4349737,Allied Pvt.Wealth,114837470,Family Offices/Trusts,0,USA
4349737,Farther Finance Advisors LLC,19067849,Family Offices/Trusts,0,USA
4349737,1620 Investment Advisors Inc.,4102267,Traditional Investment Managers,0,USA
4349737,Advisory Services Network LLC,4283691,Traditional Investment Managers,0,USA
4349737,Steward Partners Investment Advisory LLC,4677843,Traditional Investment Managers,0,USA
4349737,Royal Bank of Canada,100522,Banks/Investment Banks,0,Canada
4349737,JP Morgan Asset Management,110092,Traditional Investment Managers,0,USA
4349737,Caitong International Asset Management Co. Ltd,9337684,Traditional Investment Managers,0,Hong Kong
4349737,Hoey Investments Inc.,4256030,Traditional Investment Managers,0,USA
4349737,Allworth Financial L.P.,4186450,Traditional Investment Managers,0,USA
4349737,Clear Street LLC,15038624,Banks/Investment Banks,0,USA
4349737,BNPP Asset Management Holding,13582910,Traditional Investment Managers,0,France
4349737,AXA Investment Managers SA,4144380,Traditional Investment Managers,0,France
4349737,Baader Bank AG,4145324,Traditional Investment Managers,0,Germany
4349737,Covestor Ltd,4244417,Traditional Investment Managers,0,United Kingdom
4349737,Citadel Advisors LLC,4252195,Hedge Fund Managers (<5% stake),0,USA
4349737,Clearstead Advisors LLC,4255267,Traditional Investment Managers,0,USA
4349737,Scarborough Advisors LLC,4430836,Traditional Investment Managers,0,USA
4349737,Jane Street Group LLC,4437851,Traditional Investment Managers,0,USA
4349737,Hamilton Capital Partners LLC,6186334,Family Offices/Trusts,0,USA
4349737,Carson Wealth Management Group,5750365,Traditional Investment Managers,0,USA
4349737,National Bank Investments Inc.,4575993,Traditional Investment Managers,0,Canada
4349737,Quinn Opportunity Partners LLC,4580813,Hedge Fund Managers (<5% stake),0,USA
4349737,Vanguard Group Inc.,109776,Traditional Investment Managers,0,USA
4349737,Mackenzie Financial Corp.,106960,Traditional Investment Managers,0,Canada
4349737,Susquehanna International Group LLP,4112715,Traditional Investment Managers,0,USA
4349737,Group One Trading LLC,4115177,Banks/Investment Banks,0,USA
4349737,Bessemer Investment Management LLC,4118993,Traditional Investment Managers,0,USA
4349737,Merrill Lynch Pierce Fenner & Smith Inc.,3006816,Banks/Investment Banks,0,USA
4349737,ProFund Advisors LLC,4037127,Traditional Investment Managers,0,USA
4349737,Qube Research & Technologies Ltd.,9146348,Traditional Investment Managers,-0.51,United Kingdom
4349737,Arrowstreet Capital Ltd. Partnership,4049161,Traditional Investment Managers,-0.95,USA
4364524,Australian Super Pty Ltd,4757367,Government Pension Sponsors,11.87,Australia
4364524,State Street Global Advisors Inc.,110652,Traditional Investment Managers,8.58,USA
4364524,BlackRock Inc.,4048287,Traditional Investment Managers,6.54,USA
4364524,UBS Asset Management AG,4674815,Traditional Investment Managers,5.24,Switzerland
4364524,Goldman Sachs Group Inc.,4039450,Traditional Investment Managers,4.01,USA
4364524,Citigroup Inc.,4041896,Banks/Investment Banks,3.93,USA
4364524,JPMorgan Chase & Co.,100201,Banks/Investment Banks,3.91,USA
4364524,Ganfeng Lithium Group Co. Ltd.,4361422,Corporations (Public),3.74,China
4364524,Van Eck Associates Corp.,109888,Traditional Investment Managers,2.97,USA
4364524,Vanguard Capital Management LLC,137764443,Traditional Investment Managers,2.82,USA
4364524,Morgan Stanley,103042,Banks/Investment Banks,2.73,USA
4364524,Canada Pension Plan Investment Board,4153483,Government Pension Sponsors,2.61,Canada
4364524,Posco Holdings Inc.,4233782,Corporations (Public),2.55,South Korea
4364524,Vanguard Investments Australia Ltd.,4138917,Traditional Investment Managers,1.88,Australia
4364524,Norges Bank Investment Management,4138467,Sovereign Wealth Funds (<5% stake),1.43,Norway
4364524,JP Morgan Asset Management,110092,Traditional Investment Managers,0.93,USA
4364524,Vanguard Fiduciary Trust Co.,5752504,Traditional Investment Managers,0.86,USA
4364524,BetaShares Capital Ltd.,4578944,Traditional Investment Managers,0.83,Australia
4364524,Nt-Comnwlth Super Corp,4549009,Traditional Investment Managers,0.76,Australia
4364524,Mirae Asset Global Investments Co. Ltd.,4256114,Traditional Investment Managers,0.61,South Korea
4364524,Dimensional Fund Advisors LP,111289,Traditional Investment Managers,0.59,USA
4364524,WHSP Holdings Ltd.,4341020,Corporations (Public),0.54,Australia
4364524,Vanguard Asset Management Ltd.,4723508,Traditional Investment Managers,0.4,United Kingdom
4364524,First Sentier Investors (Australia) IM Ltd,4135241,Traditional Investment Managers,0.38,Australia
4364524,Legal & General Investment Management Ltd.,4139862,Traditional Investment Managers,0.34,United Kingdom
4364524,Charles Schwab Investment Management Inc.,4048695,Traditional Investment Managers,0.34,USA
4364524,Amundi Asset Management SAS,4026948,Traditional Investment Managers,0.29,France
4364524,Teachers Insurance and Annuity Association-College Retirement Equities Fund,4270330,Traditional Investment Managers,0.29,USA
4364524,ALPS Advisors Inc.,4143440,Traditional Investment Managers,0.26,USA
4364524,Konwave AG (Gold 2000),4139331,Traditional Investment Managers,0.25,Switzerland
4364524,Netwealth Investments Ltd.,4212945,Traditional Investment Managers,0.24,Australia
4364524,FMR LLC,3000896,Traditional Investment Managers,0.17,USA
4364524,Baker Steel Capital Managers LLP,4138136,Hedge Fund Managers (<5% stake),0.16,United Kingdom
4364524,GWL Investment Management Ltd.,4048184,Traditional Investment Managers,0.15,Canada
4364524,Geode Capital Management LLC,4119759,Traditional Investment Managers,0.15,USA
4364524,American Century Investment Management Inc,111074,Traditional Investment Managers,0.15,USA
4364524,Bank J. Safra Sarasin AG,4138267,Traditional Investment Managers,0.12,Switzerland
4364524,Mitsubishi UFJ Asset Management Co. Ltd.,4607441,Traditional Investment Managers,0.11,Japan
4364524,Aberdeen Group PLC,4145085,Traditional Investment Managers,0.11,United Kingdom
4364524,HSBC Global Asset Management (UK) Ltd.,4115698,Traditional Investment Managers,0.1,United Kingdom
4364524,Global X Management (Aus) Ltd.,8365031,Traditional Investment Managers,0.1,Australia
4364524,Smartshares Ltd.,4139976,Traditional Investment Managers,0.08,New Zealand
4364524,Northern Trust Global Investments,4272373,Traditional Investment Managers,0.08,United Kingdom
4364524,Commodity Capital AG,4548989,Traditional Investment Managers,0.08,Switzerland
4364524,Dale Robert Henderson,,Individuals/Insiders,0.08,China
4364524,T. Rowe Price Group Inc.,4055767,Traditional Investment Managers,0.07,USA
4364524,Goldman Sachs Asset Management LP,110587,Traditional Investment Managers,0.05,USA
4364524,Invesco Capital Management LLC,4117611,Traditional Investment Managers,0.05,USA
4364524,Morgan Stanley Wealth Management,4342358,Traditional Investment Managers,0.05,Australia
4364524,Royal London Asset Management Ltd.,4138770,Traditional Investment Managers,0.05,United Kingdom
4364524,DBX Advisors LLC,4318598,Traditional Investment Managers,0.04,USA
4364524,Eaton Vance Management,109754,Traditional Investment Managers,0.04,USA
4364524,Principal Global Investors LLC,4089114,Traditional Investment Managers,0.04,USA
4364524,Macquarie Investment Management Global Ltd.,4654230,Traditional Investment Managers,0.04,Australia
4364524,Mitsubishi UFJ Trust and Banking Corp.,4016429,Banks/Investment Banks,0.04,Japan
4364524,BMO Asset Management Corp.,109988,Traditional Investment Managers,0.04,USA
4364524,Ausbil Investment Management Ltd.,4565421,Traditional Investment Managers,0.04,Australia
4364524,Amati Global Investors Ltd.,4279830,VC/PE Firms (<5% stake),0.03,United Kingdom
4364524,Mackenzie Financial Corp.,106960,Traditional Investment Managers,0.03,Canada
4364524,Milford Asset Management LTD,4211891,Traditional Investment Managers,0.03,New Zealand
4364524,KLP Kapitalforvaltning AS,4138888,Traditional Investment Managers,0.03,Norway
4364524,Clime Asset Management Pty Ltd.,5750564,Traditional Investment Managers,0.03,Australia
4364524,Vanguard Global Advisers LLC,4337989,Traditional Investment Managers,0.03,USA
4364524,KBC Asset Management NV,4111901,Traditional Investment Managers,0.03,Belgium
4364524,Empowered Funds LLC,4556191,Traditional Investment Managers,0.03,USA
4364524,Jpmorgan Asset Management (China) Company Ltd.,5879252,Traditional Investment Managers,0.02,China
4364524,Westbeck Capital Management LLP,9826610,Traditional Investment Managers,0.02,United Kingdom
4364524,Russell Investment Management Ltd.,4279122,Traditional Investment Managers,0.02,Australia
4364524,Krane Funds Advisors LLC,4383779,Traditional Investment Managers,0.02,USA
4364524,AllianceBernstein LP,109806,Traditional Investment Managers,0.02,USA
4364524,Tidal Investments LLC,4338202,Traditional Investment Managers,0.02,USA
4364524,Bessemer Investment Management LLC,4118993,Traditional Investment Managers,0.02,USA
4364524,Mercer Global Investments Europe Limited,5759394,Traditional Investment Managers,0.02,Ireland
4364524,TD Asset Management Inc.,4093616,Traditional Investment Managers,0.01,Canada
4364524,Scotia Wealth Management,5873663,Banks/Investment Banks,0.01,Canada
4364524,LGPS Central Limited,7108293,VC/PE Firms (<5% stake),0.01,United Kingdom
4364524,Nicholas Luigi Cernotta,,Individuals/Insiders,0.01,China
4364524,New York Life Investment Management LLC,4073190,Traditional Investment Managers,0.01,USA
4364524,Lincoln Financial Investments Corp.,4119651,Traditional Investment Managers,0.01,USA
4364524,Thrivent Investment Management Inc.,4102247,Traditional Investment Managers,0.01,USA
4364524,Franklin Resources Inc.,102719,Traditional Investment Managers,0.01,USA
4364524,Victory Capital Management Inc.,110674,Traditional Investment Managers,0.01,USA
4364524,CapSolutions GmbH,14833261,Traditional Investment Managers,0.01,Germany
4364524,BTG Pactual Global Asset Management Ltd.,4252258,Traditional Investment Managers,0.01,Bermuda
4364524,Wellington Management Group LLP,4579014,Traditional Investment Managers,0.01,USA
4364524,Deutsche Asset & Wealth Management,111219,Traditional Investment Managers,0.01,USA
4364524,Marathon Asset Management Ltd.,110616,Traditional Investment Managers,0.01,United Kingdom
4364524,Sally-Anne Georgina Layman,,Individuals/Insiders,0.01,China
4364524,Schroder Investment Management North America Inc.,109872,Traditional Investment Managers,0.01,USA
4364524,Desjardins Global Asset Management Inc.,4226520,Traditional Investment Managers,0.01,Canada
4364524,ProShare Advisors LLC,4153606,Traditional Investment Managers,0,USA
4364524,MD Financial Management Inc,4399282,Traditional Investment Managers,0,Canada
4364524,BNY Asset Management,4057506,Traditional Investment Managers,0,USA
4364524,Capital Investment Trust Corp.,4225018,Traditional Investment Managers,0,Taiwan
4364524,IS Asset Management,4139199,Traditional Investment Managers,0,Türkiye
4364524,Miriam Stanborough,,Individuals/Insiders,0,China
4364524,1832 Asset Management LP,4248288,Traditional Investment Managers,0,Canada
4364524,Pacific Investment Management Co. LLC,109687,Traditional Investment Managers,0,USA
4364524,Janus Henderson Group Ltd.,4147331,Traditional Investment Managers,0,United Kingdom
4364524,Themes Management Co.,112247511,Traditional Investment Managers,0,USA
4364524,Stephen John Scudamore,,Individuals/Insiders,0,China
4364524,Kathleen Marie Conlon,,Individuals/Insiders,0,China
4364524,Schroder Investment Management Ltd.,4249110,Traditional Investment Managers,0,United Kingdom
4364524,First Trust Advisors LP,4033550,Traditional Investment Managers,0,USA
4364524,Green Arrow Capital SGR SpA,5745911,VC/PE Firms (<5% stake),0,Italy
4364524,Forsyth Barr Investment Management Ltd,5797434,Traditional Investment Managers,0,New Zealand
4364524,Manulife Asset Management,5747632,Traditional Investment Managers,0,Canada
4364524,Massachusetts Financial Services Company,109763,Traditional Investment Managers,0,USA
4364524,Tangerine Investment Management Inc.,4432074,Traditional Investment Managers,0,Canada
4364524,MultiConcept Fund Management S.A.,5760837,Traditional Investment Managers,0,Luxembourg
4364524,Robert Nicholson,,Individuals/Insiders,0,China
4364524,Aviva Investors Global Services Ltd.,4376121,Traditional Investment Managers,0,United Kingdom
4364524,PPM America Inc.,4030986,Traditional Investment Managers,0,USA
4364524,CIBC Asset Management Inc.,4048742,Traditional Investment Managers,0,Canada
4364524,PKB Privatbank SA,4138886,Traditional Investment Managers,0,Switzerland
4364524,Towarzystwo Funduszy Inwestycyjnych PZU SA,4378744,Traditional Investment Managers,0,Poland
4364524,Anima SGR SpA,4137693,Traditional Investment Managers,0,Italy
4364524,Nomura Asset Management Co. Ltd.,4048507,Traditional Investment Managers,0,Japan
4364524,Gesiuris,4399531,Traditional Investment Managers,0,Spain
4364524,Global X Japan Co. Ltd.,20326442,Traditional Investment Managers,0,#INVALID COMPANY ID
4364524,Morgan Stanley Investment Management Inc.,109721,Traditional Investment Managers,0,USA
4364524,Innovator Capital Management LLC,4975908,Traditional Investment Managers,0,USA
4364524,USCF Advisers LLC,4560796,Traditional Investment Managers,0,USA
4364524,Sumitomo Mitsui Trust Asset Management Co. Ltd.,4318240,Traditional Investment Managers,0,Japan
4364524,Zurich Invest Bank AG,6337027,Traditional Investment Managers,0,Switzerland
4364524,Vanguard Group Inc.,109776,Traditional Investment Managers,0,USA
4364524,NBC Securities Inc.,4035777,Traditional Investment Managers,0,USA
4364524,Manning & Napier Advisors LLC,110939,Traditional Investment Managers,0,USA
4364524,Connor Clark & Lunn Investment Management Ltd.,4035990,Traditional Investment Managers,-0.01,Canada
4364524,AQR Capital Management LLC,4119538,Hedge Fund Managers (<5% stake),-0.04,USA
4993645,Zijin Mining Group Co. Ltd.,4355642,Corporations (Public),26.02,China
4993645,Tibet Zangge Venture Capital Group Co. Ltd.,7767681,Corporations (Private),10.59,China
4993645,Ningbo Meishan Bonded Port Area Xinsha Hongyun Investment Management Co. Ltd.,27405100,Corporations (Private),9.37,China
4993645,Yong Ming Xiao,,Individuals/Insiders,6.42,China
4993645,"Sichuan Yonghong Industrial Co., Ltd.",8295360,Corporations (Private),3.14,China
4993645,Hong Kong Exchanges and Clearing Ltd.,4322619,Banks/Investment Banks,2.13,Hong Kong
4993645,"Zhong Ou Fund Management Co., Ltd",5860959,Traditional Investment Managers,1.37,China
4993645,National Council for Social Security Fund,4303210,Sovereign Wealth Funds (<5% stake),1.34,China
4993645,China Merchants Securities Asset Management Co. Ltd.,4669111,Traditional Investment Managers,1.01,China
4993645,GF Securities Asset Management Co.Ltd.,6567254,Traditional Investment Managers,1,China
4993645,Penghua Fund Management Co. Ltd.,4345260,Traditional Investment Managers,0.9,China
4993645,Shenyin Wanguo Asset Management (Asia) Ltd.,5759212,Traditional Investment Managers,0.89,Hong Kong
4993645,Huatai-PineBridge Fund Management Co. Ltd.,4345275,Traditional Investment Managers,0.83,China
4993645,Zheshang Securities Co. Ltd.,6211718,Corporations (Public),0.8,China
4993645,Zhejiang Hongyue Private Fund Management Co. Ltd.,107566554,Traditional Investment Managers,0.7,China
4993645,E Fund Management Co. Ltd.,4137681,Traditional Investment Managers,0.69,China
4993645,China Asset Management Co. Ltd.,4139271,Traditional Investment Managers,0.61,China
4993645,Zangge Mining Company Limited ESOP,105816658,ESOP,0.53,China
4993645,Invesco Great Wall Fund Management Co. Ltd,5762318,Traditional Investment Managers,0.48,China
4993645,Harvest Fund Management Co. Ltd.,4140486,Traditional Investment Managers,0.46,China
4993645,Fullgoal Fund Management Co. Ltd.,4137668,Traditional Investment Managers,0.41,China
4993645,China Southern Asset Management Co. Ltd.,4435100,Traditional Investment Managers,0.4,China
4993645,BlackRock Inc.,4048287,Traditional Investment Managers,0.32,USA
4993645,China Universal Asset Management Co. Ltd.,9020942,Traditional Investment Managers,0.27,China
4993645,Bosera Asset Management Co. Ltd.,4329445,Traditional Investment Managers,0.24,China
4993645,Vanguard Capital Management LLC,137764443,Traditional Investment Managers,0.22,USA
4993645,Hwabao WP Fund Management Co. Ltd.,4137720,Traditional Investment Managers,0.21,China
4993645,ICBC Credit Suisse Fund Management Co. Ltd.,4139311,Traditional Investment Managers,0.17,China
4993645,Guotai Asset Mgmt Co. Ltd.,4138799,Traditional Investment Managers,0.15,China
4993645,Purekind Fund Management Co.Ltd.,15947616,Traditional Investment Managers,0.12,China
4993645,CCB Principal Asset Management Co. Ltd.,4138221,Traditional Investment Managers,0.12,China
4993645,Tianhong Asset Management Co. Ltd.,4345965,Traditional Investment Managers,0.11,China
4993645,GF Fund Management Co. Ltd.,4138625,Traditional Investment Managers,0.11,China
4993645,Wanjia Asset Management Co. Ltd.,4606392,Traditional Investment Managers,0.1,China
4993645,ABC-CA Fund Management Co. Ltd.,4316929,Traditional Investment Managers,0.09,China
4993645,China Post & Capital Fund Management Co. Ltd.,4322244,Traditional Investment Managers,0.09,China
4993645,"Gfund Management Co., Ltd.",6520584,Traditional Investment Managers,0.08,China
4993645,Lion Fund Management Co. Ltd.,4139789,Traditional Investment Managers,0.08,China
4993645,Essence Fund Management Co. Ltd,5837129,Traditional Investment Managers,0.06,China
4993645,Shanghai Orient Securities Asset Management Co. Ltd.,5812793,Traditional Investment Managers,0.06,China
4993645,Vanguard Fiduciary Trust Co.,5752504,Traditional Investment Managers,0.06,USA
4993645,Orient Fund Management Co. Ltd.,4138631,Traditional Investment Managers,0.06,China
4993645,Dacheng Fund Management Co. Ltd.,4137754,Traditional Investment Managers,0.06,China
4993645,Baoying Fund Management Co. Ltd.,4138088,Traditional Investment Managers,0.06,China
4993645,Minsheng Royal Fund Management Co. Ltd.,4316799,Traditional Investment Managers,0.06,China
4993645,Ping An UOB Fund Management Co. Ltd.,4556995,Traditional Investment Managers,0.05,China
4993645,JP Morgan Asset Management,110092,Traditional Investment Managers,0.05,USA
4993645,Yinhua Fund Management Co. Ltd.,4139415,Traditional Investment Managers,0.04,China
4993645,Amundi Asset Management SAS,4026948,Traditional Investment Managers,0.04,France
4993645,First State Cinda Fund Management Co. Ltd.,4368709,Traditional Investment Managers,0.04,China
4993645,Baillie Gifford & Co.,4026973,Traditional Investment Managers,0.03,United Kingdom
4993645,AEGON-Industrial Fund Mgmt Co.,4139225,Traditional Investment Managers,0.03,China
4993645,Geode Capital Management LLC,4119759,Traditional Investment Managers,0.03,USA
4993645,Galaxy Asset Management Co. Ltd.,4138761,Traditional Investment Managers,0.03,China
4993645,China Asset Management (Hong Kong) Ltd.,4388745,Traditional Investment Managers,0.03,Hong Kong
4993645,Rongtong Fund Management Co. Ltd.,4139739,Traditional Investment Managers,0.03,China
4993645,"Truvalue Asset Management Co.,Ltd.",5866754,Traditional Investment Managers,0.03,China
4993645,SEI Investments Co.,102729,Traditional Investment Managers,0.03,USA
4993645,Northern Trust Global Investments,4272373,Traditional Investment Managers,0.02,United Kingdom
4993645,Xingyin Fund Management Co. Ltd.,7731166,Traditional Investment Managers,0.02,China
4993645,DBX Advisors LLC,4318598,Traditional Investment Managers,0.02,USA
4993645,China Merchants Fund Management Co. Ltd.,4325258,Traditional Investment Managers,0.02,China
4993645,Mitsubishi UFJ Asset Management Co. Ltd.,4607441,Traditional Investment Managers,0.02,Japan
4993645,"First Seafront Fund Management Co., Ltd",5851125,Traditional Investment Managers,0.02,China
4993645,National Bank Trust Inc.,4099895,Banks/Investment Banks,0.02,Canada
4993645,UBS Asset Management AG,4674815,Traditional Investment Managers,0.02,Switzerland
4993645,Dimensional Fund Advisors LP,111289,Traditional Investment Managers,0.02,USA
4993645,Great Wall Fund Management Co. Ltd.,4138760,Traditional Investment Managers,0.02,China
4993645,CICC Fund Management Co. Ltd.,4677331,Traditional Investment Managers,0.02,China
4993645,State Street Global Advisors Inc.,110652,Traditional Investment Managers,0.02,USA
4993645,UBS SDIC Fund Management Co. Ltd.,4417406,Traditional Investment Managers,0.01,China
4993645,Taikang Fund Management Co. Ltd.,109523595,Traditional Investment Managers,0.01,China
4993645,Huashang Fund Management Co. Ltd.,7059915,Traditional Investment Managers,0.01,China
4993645,Deutsche Asset & Wealth Management,111219,Traditional Investment Managers,0.01,USA
4993645,Broad Asset Management Co. Ltd.,15012201,Traditional Investment Managers,0.01,China
4993645,CIB Fund Management Co. Ltd,4404664,Traditional Investment Managers,0.01,China
4993645,Manulife Asset Management,5747632,Traditional Investment Managers,0.01,Canada
4993645,Strategic Advisers LLC,4102073,Traditional Investment Managers,0.01,USA
4993645,China Life AMP Asset Management Co. Ltd.,4559567,Traditional Investment Managers,0.01,China
4993645,Vanguard Asset Management Ltd.,4723508,Traditional Investment Managers,0.01,United Kingdom
4993645,Bank of China Investment Management Co. Ltd.,4137999,Traditional Investment Managers,0.01,China
4993645,HSBC Global Asset Management (UK) Ltd.,4115698,Traditional Investment Managers,0.01,United Kingdom
4993645,New China Fund Management Co. Ltd.,4345262,Traditional Investment Managers,0.01,China
4993645,Tibet Eastmoney Fund Management Co.Ltd.,20057752,Traditional Investment Managers,0.01,China
4993645,Everbright Pramerica Fund Management Co.,4137684,,0.01,China
4993645,Charles Schwab Investment Management Inc.,4048695,Traditional Investment Managers,0.01,USA
4993645,CPIC Fund Management Co. Ltd.,4379197,Traditional Investment Managers,0.01,China
4993645,WisdomTree Asset Management Inc.,4145691,Traditional Investment Managers,0.01,USA
4993645,Prescient Investment Management Pty Ltd,4213196,Traditional Investment Managers,0.01,Japan
4993645,Taikang Asset Management Co. Ltd.,4436408,Traditional Investment Managers,0.01,China
4993645,Invesco Capital Management LLC,4117611,Traditional Investment Managers,0.01,USA
4993645,Teachers Insurance and Annuity Association-College Retirement Equities Fund,4270330,Traditional Investment Managers,0.01,USA
4993645,AllianceBernstein LP,109806,Traditional Investment Managers,0.01,USA
4993645,SinoPac Securities Investment Trust Co.Ltd.,4239453,Traditional Investment Managers,0.01,Taiwan
4993645,Hongde Fund Management Co. Ltd.,5877799,Traditional Investment Managers,0.01,China
4993645,Franklin Templeton Sealand Fund Management Co. Ltd.,4550448,Traditional Investment Managers,0.01,China
4993645,AXA SPDB Investment Managers Co. Ltd.,4332537,Traditional Investment Managers,0,China
4993645,Franklin Resources Inc.,102719,Traditional Investment Managers,0,USA
4993645,Principal Global Investors LLC,4089114,Traditional Investment Managers,0,USA
4993645,PICC Asset Management Co. Ltd.,4341872,Traditional Investment Managers,0,China
4993645,Goldman Sachs Asset Management LP,110587,Traditional Investment Managers,0,USA
4993645,Guolian Fund Management Company Ltd.,4878959,Traditional Investment Managers,0,China
4993645,Western Leadbank Fund Management Co. Ltd.,4890277,Traditional Investment Managers,0,China
4993645,OLZ & Partners,5777818,Traditional Investment Managers,0,Switzerland
4993645,Legal & General Investment Management Ltd.,4139862,Traditional Investment Managers,0,United Kingdom
4993645,Aviva Investors Global Services Ltd.,4376121,Traditional Investment Managers,0,United Kingdom
4993645,Changsheng Fund Management Co. Ltd.,4311270,Traditional Investment Managers,0,China
4993645,Straits Investment Management Pte. Ltd.,14821347,Traditional Investment Managers,0,Singapore
4993645,Liontrust Asset Management PLC,4139864,Traditional Investment Managers,0,United Kingdom
4993645,Horizon Asset Management Co. Ltd.,5883563,Traditional Investment Managers,0,China
4993645,ICBC UBS Asset Management (International) Company Ltd.,4641730,Traditional Investment Managers,0,Hong Kong
4993645,CITIC-Prudential Fund Management Company Ltd.,4345966,Traditional Investment Managers,0,China
4993645,Mercer Global Investments Europe Limited,5759394,Traditional Investment Managers,0,Ireland
4993645,Van Eck Associates Corp.,109888,Traditional Investment Managers,0,USA
4993645,Zijin Mining Asset Mgmt (Xiamen) Co. Ltd.-Xingsheng Private Eqty Investment Fund,134802324,Corporations (Private),0,China
4993645,ProShare Advisors LLC,4153606,Traditional Investment Managers,0,USA
4993645,BNP Paribas Asset Management Europe,4784107,Traditional Investment Managers,0,France
4993645,Sumitomo Mitsui Trust Asset Management Co. Ltd.,4318240,Traditional Investment Managers,0,Japan
4993645,Founder Fubon Fund Management Co. Ltd.,4336717,Traditional Investment Managers,0,China
4993645,Pictet Asset Management Ltd.,111267,Traditional Investment Managers,0,United Kingdom
4993645,HuaAn Fund Management Company Ltd.,4138661,Traditional Investment Managers,0,China
4993645,Market Access Asset Management Ltd.,8379310,Traditional Investment Managers,0,United Kingdom
4993645,GWL Investment Management Ltd.,4048184,Traditional Investment Managers,0,Canada
4993645,China Fund Management Co. Ltd.,5868824,Traditional Investment Managers,0,China
4993645,SWS MU Fund Management Co. Ltd.,4139950,Traditional Investment Managers,0,China
4993645,Hotland Innovation Asset Management Co. Ltd.,5847753,Traditional Investment Managers,0,China
4993645,BOCI-Prudential Asset Management Ltd.,4138118,Traditional Investment Managers,0,Hong Kong
4993645,Danske Bank A/S,4080954,Traditional Investment Managers,0,Denmark
4993645,Fidelity International Ltd.,4020980,Traditional Investment Managers,0,Bermuda
4993645,Integrity Fund Management Co. Ltd.,106229912,Traditional Investment Managers,0,China
4993645,Yao Xiao,,Individuals/Insiders,0,China
4993645,"Zheshang Fund Management Co., Ltd.",5819977,Traditional Investment Managers,0,China
4993645,KLP Kapitalforvaltning AS,4138888,Traditional Investment Managers,0,Norway
4993645,"Goldstate Capital Fund Management Co., Ltd.",5777425,Traditional Investment Managers,0,China
4993645,Aberdeen Group PLC,4145085,Traditional Investment Managers,0,United Kingdom
4993645,"ID-Sparinvest, Filial af Sparinvest S.A., Luxembourg",5776820,Traditional Investment Managers,0,Denmark
4993645,Caitong Fund Management,4548312,Traditional Investment Managers,0,China
4993645,Premia Partners,10533696,Traditional Investment Managers,0,Hong Kong
4993645,BNY Asset Management,4057506,Traditional Investment Managers,0,USA
4993645,Mirae Asset Global Investments Co. Ltd.,4256114,Traditional Investment Managers,0,South Korea
4993645,Sparinvest SA (Luxembourg),4232927,Traditional Investment Managers,0,Luxembourg
4993645,Degroof Petercam Asset Management,4377155,Traditional Investment Managers,0,Belgium
4993645,Russell Investment Management LLC,111359,Traditional Investment Managers,0,USA
4993645,Bank of Beijing Scotiabank Asset Management Co. Ltd.,4396635,Traditional Investment Managers,0,China
4993645,Ping An of China Asset Management (Hong Kong) Co. Ltd.,4560837,Traditional Investment Managers,0,Hong Kong
4993645,KBC Asset Management NV,4111901,Traditional Investment Managers,0,Belgium
4993645,"Yimin Asset Management Co., Ltd.",4345969,Traditional Investment Managers,0,China
4993645,Krane Funds Advisors LLC,4383779,Traditional Investment Managers,0,USA
4993645,PGIM Inc.,4119440,Traditional Investment Managers,0,USA
4993645,Huatai Baoxing Fund Management Co. Ltd.,10181318,Traditional Investment Managers,0,China
4993645,Vanguard Investments Australia Ltd.,4138917,Traditional Investment Managers,0,Australia
4993645,Tebon Fund Management Co. Ltd.,4608579,Traditional Investment Managers,0,China
4993645,BNPP Asset Management Holding,13582910,Traditional Investment Managers,0,France
4993645,Baring Asset Management Ltd.,111272,Traditional Investment Managers,0,United Kingdom
4993645,Fuanda Fund Management Co. Ltd.,5823548,Traditional Investment Managers,0,China
4993645,Chang Xin Asset Management Corp. Ltd.,4345964,Traditional Investment Managers,0,China
4993645,BMO Asset Management Corp.,109988,Traditional Investment Managers,0,USA
4993645,Bank of Communications Schroder Fund Management Co. Ltd.,4137941,Traditional Investment Managers,0,China
4993645,Peng Yang Fund Management Co. Ltd.,11183019,Traditional Investment Managers,0,China
4993645,Lazard Asset Management LLC,110386,Traditional Investment Managers,0,USA
4993645,Lombard Odier Asset Management (Europe) Ltd.,4289501,Traditional Investment Managers,0,United Kingdom
4993645,Nissay Asset Management Corp.,4116134,Traditional Investment Managers,0,Japan
4993645,Resona Asset Management Co. Ltd.,4629378,Traditional Investment Managers,0,Japan
4993645,BOSC Asset Management Ltd.,4553770,Traditional Investment Managers,0,China
4993645,Swiss Life Asset Mgmt AG,4140617,Traditional Investment Managers,0,Switzerland
4993645,Springs Fund Management Co.Ltd.,108037678,Traditional Investment Managers,0,China
4993645,BlackRock Fund Management Ltd.,107988050,Traditional Investment Managers,0,China
4993645,Boston Partners Global Investors Inc.,4158830,Traditional Investment Managers,0,USA
4993645,HFT Investment Management Co. Ltd. (Group,4784142,Traditional Investment Managers,0,China
4993645,Zhongtai Securities (Shanghai) Asset Management Co.Ltd.,5855481,Traditional Investment Managers,0,China
4993645,1832 Asset Management LP,4248288,Traditional Investment Managers,0,Canada
4993645,Maxwealth Fund Management Co. Ltd.,4536183,Traditional Investment Managers,0,China
4993645,Nykredit Portefølje Administration A/S,4556895,Traditional Investment Managers,0,Denmark
4993645,SunAmerica Asset Management LLC,111097,Traditional Investment Managers,0,USA
4993645,ChangAn Fund Management Co.Ltd,5826475,Traditional Investment Managers,0,China
4993645,First-Trust Fund Management Co. Ltd.,4140536,Traditional Investment Managers,0,China
4993645,Tongtai Fund Management Co. Ltd.,19438254,Traditional Investment Managers,0,China
4993645,"AVIC Fund Management Co., Ltd.",5880770,Traditional Investment Managers,0,China
4993645,Hang Seng Investment Management Ltd.,4138797,Traditional Investment Managers,0,Hong Kong
4993645,Qianhai Alliance Asset Management,8364410,Traditional Investment Managers,0,China
4993645,Golden Eagle Asset Management Co. Ltd.,4138496,Traditional Investment Managers,0,China
4993645,Lincoln Financial Investments Corp.,4119651,Traditional Investment Managers,0,USA
4993645,Vanguard Group Inc.,109776,Traditional Investment Managers,0,USA
4993645,Lombard Odier Asset Management (Switzerland) SA,7060057,Traditional Investment Managers,0,Switzerland
4993645,BNY Mellon ETF Investment Adviser LLC,19342220,Traditional Investment Managers,0,USA
4361422,Liangbin Li,,Individuals/Insiders,18.97,China
4361422,Xiaoshen Wang,,Individuals/Insiders,6.8,China
4361422,Hong Kong Exchanges and Clearing Ltd.,4322619,Banks/Investment Banks,3.49,Hong Kong
4361422,BlackRock Inc.,4048287,Traditional Investment Managers,2.38,USA
4361422,Van Eck Associates Corp.,109888,Traditional Investment Managers,1.16,USA
4361422,Baillie Gifford & Co.,4026973,Traditional Investment Managers,1.05,United Kingdom
4361422,Vanguard Capital Management LLC,137764443,Traditional Investment Managers,0.96,USA
4361422,Huatai-PineBridge Fund Management Co. Ltd.,4345275,Traditional Investment Managers,0.9,China
4361422,Haibo Shen,,Individuals/Insiders,0.73,China
4361422,E Fund Management Co. Ltd.,4137681,Traditional Investment Managers,0.64,China
4361422,JPMorgan Chase & Co.,100201,Banks/Investment Banks,0.61,USA
4361422,China Southern Asset Management Co. Ltd.,4435100,Traditional Investment Managers,0.56,China
4361422,GF Fund Management Co. Ltd.,4138625,Traditional Investment Managers,0.51,China
4361422,China Asset Management Co. Ltd.,4139271,Traditional Investment Managers,0.5,China
4361422,Harvest Fund Management Co. Ltd.,4140486,Traditional Investment Managers,0.44,China
4361422,China Universal Asset Management Co. Ltd.,9020942,Traditional Investment Managers,0.38,China
4361422,Ganfeng Lithium Group Co. Ltd.  Esop,115738594,ESOP,0.34,#INVALID COMPANY ID
4361422,Mirae Asset Global Investments Co. Ltd.,4256114,Traditional Investment Managers,0.34,South Korea
4361422,Orient Fund Management Co. Ltd.,4138631,Traditional Investment Managers,0.29,China
4361422,Guotai Asset Mgmt Co. Ltd.,4138799,Traditional Investment Managers,0.29,China
4361422,Fullgoal Fund Management Co. Ltd.,4137668,Traditional Investment Managers,0.27,China
4361422,Vanguard Fiduciary Trust Co.,5752504,Traditional Investment Managers,0.25,USA
4361422,Rosefinch Fund Management Co. Ltd.,19437756,Traditional Investment Managers,0.23,China
4361422,Dimensional Fund Advisors LP,111289,Traditional Investment Managers,0.15,USA
4361422,Norges Bank Investment Management,4138467,Sovereign Wealth Funds (<5% stake),0.14,Norway
4361422,Geode Capital Management LLC,4119759,Traditional Investment Managers,0.14,USA
4361422,ICBC Credit Suisse Fund Management Co. Ltd.,4139311,Traditional Investment Managers,0.14,China
4361422,Amundi Asset Management SAS,4026948,Traditional Investment Managers,0.14,France
4361422,Penghua Fund Management Co. Ltd.,4345260,Traditional Investment Managers,0.13,China
4361422,Bosera Asset Management Co. Ltd.,4329445,Traditional Investment Managers,0.1,China
4361422,"Zhong Ou Fund Management Co., Ltd",5860959,Traditional Investment Managers,0.1,China
4361422,First-Trust Fund Management Co. Ltd.,4140536,Traditional Investment Managers,0.09,China
4361422,ALPS Advisors Inc.,4143440,Traditional Investment Managers,0.08,USA
4361422,Ting Huang,,Individuals/Insiders,0.08,China
4361422,State Street Global Advisors Inc.,110652,Traditional Investment Managers,0.07,USA
4361422,Ping An UOB Fund Management Co. Ltd.,4556995,Traditional Investment Managers,0.07,China
4361422,Tianhong Asset Management Co. Ltd.,4345965,Traditional Investment Managers,0.07,China
4361422,First State Cinda Fund Management Co. Ltd.,4368709,Traditional Investment Managers,0.07,China
4361422,Global X Management (Aus) Ltd.,8365031,Traditional Investment Managers,0.06,Australia
4361422,Zhonghai Fund Management Co. Ltd.,4345268,Traditional Investment Managers,0.06,China
4361422,Deutsche Asset & Wealth Management,111219,Traditional Investment Managers,0.05,USA
4361422,China Merchants Fund Management Co. Ltd.,4325258,Traditional Investment Managers,0.05,China
4361422,Vanguard Asset Management Ltd.,4723508,Traditional Investment Managers,0.05,United Kingdom
4361422,Tibet Eastmoney Fund Management Co.Ltd.,20057752,Traditional Investment Managers,0.05,China
4361422,CITIC-Prudential Fund Management Company Ltd.,4345966,Traditional Investment Managers,0.05,China
4361422,Commodity Capital AG,4548989,Traditional Investment Managers,0.05,Switzerland
4361422,UBS Asset Management AG,4674815,Traditional Investment Managers,0.05,Switzerland
4361422,Cui Liao,,Individuals/Insiders,0.05,China
4361422,"Truvalue Asset Management Co.,Ltd.",5866754,Traditional Investment Managers,0.04,China
4361422,UBS SDIC Fund Management Co. Ltd.,4417406,Traditional Investment Managers,0.04,China
4361422,Morgan Stanley,103042,Banks/Investment Banks,0.04,USA
4361422,Yinhua Fund Management Co. Ltd.,4139415,Traditional Investment Managers,0.04,China
4361422,JP Morgan Asset Management,110092,Traditional Investment Managers,0.04,USA
4361422,Charles Schwab Investment Management Inc.,4048695,Traditional Investment Managers,0.03,USA
4361422,HSBC Global Asset Management (UK) Ltd.,4115698,Traditional Investment Managers,0.03,United Kingdom
4361422,Rongtong Fund Management Co. Ltd.,4139739,Traditional Investment Managers,0.03,China
4361422,HuaAn Fund Management Company Ltd.,4138661,Traditional Investment Managers,0.03,China
4361422,China Asset Management (Hong Kong) Ltd.,4388745,Traditional Investment Managers,0.03,Hong Kong
4361422,Teachers Insurance and Annuity Association-College Retirement Equities Fund,4270330,Traditional Investment Managers,0.03,USA
4361422,Mitsubishi UFJ Asset Management Co. Ltd.,4607441,Traditional Investment Managers,0.03,Japan
4361422,Jian Hua Xu,,Individuals/Insiders,0.03,China
4361422,SWS MU Fund Management Co. Ltd.,4139950,Traditional Investment Managers,0.03,China
4361422,GWL Investment Management Ltd.,4048184,Traditional Investment Managers,0.03,Canada
4361422,Wanjia Asset Management Co. Ltd.,4606392,Traditional Investment Managers,0.03,China
4361422,Fideuram Asset Management Sgr,101449874,Traditional Investment Managers,0.02,Italy
4361422,Hwabao WP Fund Management Co. Ltd.,4137720,Traditional Investment Managers,0.02,China
4361422,Invesco Capital Management LLC,4117611,Traditional Investment Managers,0.02,USA
4361422,DBX Advisors LLC,4318598,Traditional Investment Managers,0.02,USA
4361422,Bank of Communications Schroder Fund Management Co. Ltd.,4137941,Traditional Investment Managers,0.02,China
4361422,Union Asset Management Holding AG,4224292,Traditional Investment Managers,0.02,Germany
4361422,Northern Trust Global Investments,4272373,Traditional Investment Managers,0.02,United Kingdom
4361422,Phoenix Unit Trust Managers Limited,7834181,Traditional Investment Managers,0.02,United Kingdom
4361422,WisdomTree Asset Management Inc.,4145691,Traditional Investment Managers,0.02,USA
4361422,New China Fund Management Co. Ltd.,4345262,Traditional Investment Managers,0.02,China
4361422,Invesco Great Wall Fund Management Co. Ltd,5762318,Traditional Investment Managers,0.02,China
4361422,Franklin Resources Inc.,102719,Traditional Investment Managers,0.02,USA
4361422,Soochow Asset Management Co. Ltd.,4139902,Traditional Investment Managers,0.02,China
4361422,Mercer Global Investments Europe Limited,5759394,Traditional Investment Managers,0.02,Ireland
4361422,Huatai Securities (Shanghai) Asset Management Co. Ltd.,4621446,Traditional Investment Managers,0.02,China
4361422,Tebon Fund Management Co. Ltd.,4608579,Traditional Investment Managers,0.02,China
4361422,BetaShares Capital Ltd.,4578944,Traditional Investment Managers,0.02,Australia
4361422,CTBC Securities Investment Trust Co. Ltd.,4241120,Traditional Investment Managers,0.02,Taiwan
4361422,Taikang Fund Management Co. Ltd.,109523595,Traditional Investment Managers,0.02,China
4361422,CSOP Asset Management Ltd.,4408592,Traditional Investment Managers,0.02,Hong Kong
4361422,Neuberger Berman Fund management (China) Co. Ltd.,106535824,Traditional Investment Managers,0.02,#INVALID COMPANY ID
4361422,"Goldstate Capital Fund Management Co., Ltd.",5777425,Traditional Investment Managers,0.01,China
4361422,Janus Henderson Group Ltd.,4147331,Traditional Investment Managers,0.01,United Kingdom
4361422,Danske Capital Denmark,4137587,Traditional Investment Managers,0.01,Denmark
4361422,China Universal Fund Management Co. Ltd.,27663277,Traditional Investment Managers,0.01,#INVALID COMPANY ID
4361422,Legal & General Investment Management Ltd.,4139862,Traditional Investment Managers,0.01,United Kingdom
4361422,KBC Asset Management NV,4111901,Traditional Investment Managers,0.01,Belgium
4361422,Huafu Fund Management Co. Ltd.,4138775,Traditional Investment Managers,0.01,China
4361422,Great Wall Fund Management Co. Ltd.,4138760,Traditional Investment Managers,0.01,China
4361422,Nuode Asset Management Co. Ltd.,7789048,Traditional Investment Managers,0.01,China
4361422,Chang Xin Asset Management Corp. Ltd.,4345964,Traditional Investment Managers,0.01,China
4361422,Goldman Sachs Asset Management LP,110587,Traditional Investment Managers,0.01,USA
4361422,Royal London Asset Management Ltd.,4138770,Traditional Investment Managers,0.01,United Kingdom
4361422,Tidal Investments LLC,4338202,Traditional Investment Managers,0.01,USA
4361422,Lihua Fu,,Individuals/Insiders,0.01,China
4361422,CPIC Fund Management Co. Ltd.,4379197,Traditional Investment Managers,0.01,China
4361422,CCB Principal Asset Management Co. Ltd.,4138221,Traditional Investment Managers,0.01,China
4361422,"First Seafront Fund Management Co., Ltd",5851125,Traditional Investment Managers,0.01,China
4361422,Baoying Fund Management Co. Ltd.,4138088,Traditional Investment Managers,0.01,China
4361422,Xingyin Fund Management Co. Ltd.,7731166,Traditional Investment Managers,0.01,China
4361422,American Century Investment Management Inc,111074,Traditional Investment Managers,0.01,USA
4361422,Taikang Asset Management Co. Ltd.,4436408,Traditional Investment Managers,0.01,China
4361422,Eaton Vance Management,109754,Traditional Investment Managers,0.01,USA
4361422,GuideStone Capital Management LLC,4115935,Traditional Investment Managers,0.01,USA
4361422,Bg Fund Management Luxembourg S.A.,4253894,Traditional Investment Managers,0.01,Luxembourg
4361422,KLP Kapitalforvaltning AS,4138888,Traditional Investment Managers,0.01,Norway
4361422,BNP Paribas Asset Management Europe,4784107,Traditional Investment Managers,0.01,France
4361422,BMO Asset Management Corp.,109988,Traditional Investment Managers,0.01,USA
4361422,Yangming Ou,,Individuals/Insiders,0.01,China
4361422,Aberdeen Group PLC,4145085,Traditional Investment Managers,0.01,United Kingdom
4361422,Pinebridge Investments Asia Ltd.,4138005,VC/PE Firms (<5% stake),0.01,Hong Kong
4361422,AHAM Asset Management Bhd.,4190455,Traditional Investment Managers,0.01,Malaysia
4361422,Essence Fund Management Co. Ltd,5837129,Traditional Investment Managers,0.01,China
4361422,RHB Asset Management Sdn. Bhd.,4139625,Traditional Investment Managers,0.01,Malaysia
4361422,Dacheng Fund Management Co. Ltd.,4137754,Traditional Investment Managers,0.01,China
4361422,Acadian Asset Management LLC,110495,Traditional Investment Managers,0.01,USA
4361422,Capital Investment Trust Corp.,4225018,Traditional Investment Managers,0.01,Taiwan
4361422,Vontobel Asset Management SA,4825704,Traditional Investment Managers,0.01,Luxembourg
4361422,Western Leadbank Fund Management Co. Ltd.,4890277,Traditional Investment Managers,0.01,China
4361422,Straits Investment Management Pte. Ltd.,14821347,Traditional Investment Managers,0.01,Singapore
4361422,Morgan Stanley Investment Management Inc.,109721,Traditional Investment Managers,0.01,USA
4361422,SEI Investments Co.,102729,Traditional Investment Managers,0.01,USA
4361422,Fidelity Fund Management (China) Co. Ltd.,108500939,Traditional Investment Managers,0.01,China
4361422,Krane Funds Advisors LLC,4383779,Traditional Investment Managers,0.01,USA
4361422,Minsheng Royal Fund Management Co. Ltd.,4316799,Traditional Investment Managers,0.01,China
4361422,BEA Union Investment Management Ltd.,4208762,Traditional Investment Managers,0.01,Hong Kong
4361422,China Life AMP Asset Management Co. Ltd.,4559567,Traditional Investment Managers,0,China
4361422,Controlfida (Suisse) SA,6731032,Traditional Investment Managers,0,Switzerland
4361422,Fuanda Fund Management Co. Ltd.,5823548,Traditional Investment Managers,0,China
4361422,Victory Capital Management Inc.,110674,Traditional Investment Managers,0,USA
4361422,Heron View Partners LLC,4055966,Traditional Investment Managers,0,USA
4361422,BOCI-Prudential Asset Management Ltd.,4138118,Traditional Investment Managers,0,Hong Kong
4361422,BNY Asset Management,4057506,Traditional Investment Managers,0,USA
4361422,Columbia Management Investment Advisers LLC,109789,Traditional Investment Managers,0,USA
4361422,Fideuram Asset Management (Ireland) DAC,4140503,Traditional Investment Managers,0,Ireland
4361422,Strategic Advisers LLC,4102073,Traditional Investment Managers,0,USA
4361422,Manulife Asset Management,5747632,Traditional Investment Managers,0,Canada
4361422,ICBC UBS Asset Management (International) Company Ltd.,4641730,Traditional Investment Managers,0,Hong Kong
4361422,TA Investment Management Berhad,4213217,Traditional Investment Managers,0,Malaysia
4361422,Morgan Stanley Fund Management (China) Co. Ltd.,4138826,Traditional Investment Managers,0,China
4361422,Vanguard Investments Australia Ltd.,4138917,Traditional Investment Managers,0,Australia
4361422,Aviva Investors Global Services Ltd.,4376121,Traditional Investment Managers,0,United Kingdom
4361422,Founder Fubon Fund Management Co. Ltd.,4336717,Traditional Investment Managers,0,China
4361422,Bank of China Investment Management Co. Ltd.,4137999,Traditional Investment Managers,0,China
4361422,ABC-CA Fund Management Co. Ltd.,4316929,Traditional Investment Managers,0,China
4361422,Shanghai Orient Securities Asset Management Co. Ltd.,5812793,Traditional Investment Managers,0,China
4361422,Altrinsic Global Advisors LLC,4119479,Traditional Investment Managers,0,USA
4361422,Fubon Asset Management Co. Ltd.,4281837,Traditional Investment Managers,0,Taiwan
4361422,Eurizon Capital SGR SpA,4324456,Traditional Investment Managers,0,Italy
4361422,Xunman Xiong,,Individuals/Insiders,0,China
4361422,China Fund Management Co. Ltd.,5868824,Traditional Investment Managers,0,China
4361422,ProShare Advisors LLC,4153606,Traditional Investment Managers,0,USA
4361422,Fil Fund Management (China) Company Ltd.,105984690,Traditional Investment Managers,0,China
4361422,Robeco Hong Kong Ltd.,4219913,Traditional Investment Managers,0,Hong Kong
4361422,Danske Bank A/S,4080954,Traditional Investment Managers,0,Denmark
4361422,Sarasin & Partners LLP,4141040,Traditional Investment Managers,0,United Kingdom
4361422,Wellington Management Group LLP,4579014,Traditional Investment Managers,0,USA
4361422,Voya Investment Management LLC,4048215,Traditional Investment Managers,0,USA
4361422,Pictet Asset Management Ltd.,111267,Traditional Investment Managers,0,United Kingdom
4361422,Qianhai Alliance Asset Management,8364410,Traditional Investment Managers,0,China
4361422,Fidelity International Ltd.,4020980,Traditional Investment Managers,0,Bermuda
4361422,Value Partners Hong Kong Ltd.,4304908,Traditional Investment Managers,0,Hong Kong
4361422,Boston Partners Global Investors Inc.,4158830,Traditional Investment Managers,0,USA
4361422,Jpmorgan Asset Management (China) Company Ltd.,5879252,Traditional Investment Managers,0,China
4361422,Mega International Investment Trust Co. Ltd.,4314602,Traditional Investment Managers,0,Taiwan
4361422,Oberweis Asset Management Inc.,4001519,Traditional Investment Managers,0,USA
4361422,Mercer Investments LLC,4119790,Traditional Investment Managers,0,USA
4361422,Desjardins Global Asset Management Inc.,4226520,Traditional Investment Managers,0,Canada
4361422,PICC Asset Management Co. Ltd.,4341872,Traditional Investment Managers,0,China
4361422,ODDO BHF ASSET MANAGEMENT GmbH,4422379,Traditional Investment Managers,0,Germany
4361422,AllianceBernstein LP,109806,Traditional Investment Managers,0,USA
4361422,Degroof Petercam Asset Management,4377155,Traditional Investment Managers,0,Belgium
4361422,CIBC Asset Management Inc.,4048742,Traditional Investment Managers,0,Canada
4361422,Maxwealth Fund Management Co. Ltd.,4536183,Traditional Investment Managers,0,China
4361422,Changsheng Fund Management Co. Ltd.,4311270,Traditional Investment Managers,0,China
4361422,Sumitomo Mitsui DS Asset Management Co. Ltd.,4140078,Traditional Investment Managers,0,Japan
4361422,BNPP Asset Management Holding,13582910,Traditional Investment Managers,0,France
4361422,First Trust Advisors LP,4033550,Traditional Investment Managers,0,USA
4361422,Integrity Fund Management Co. Ltd.,106229912,Traditional Investment Managers,0,China
4361422,Galaxy Asset Management Co. Ltd.,4138761,Traditional Investment Managers,0,China
4361422,Hongde Fund Management Co. Ltd.,5877799,Traditional Investment Managers,0,China
4361422,Resona Asset Management Co. Ltd.,4629378,Traditional Investment Managers,0,Japan
4361422,Guolian Fund Management Company Ltd.,4878959,Traditional Investment Managers,0,China
4361422,PGIM Inc.,4119440,Traditional Investment Managers,0,USA
4361422,Lazard Asset Management LLC,110386,Traditional Investment Managers,0,USA
4361422,Sanlam Investment Management (Pty.) Ltd.,4672091,,0,South Africa
4361422,Amova Asset Management Co. Ltd.,4107954,,0,Japan
4361422,IS Asset Management,4139199,Traditional Investment Managers,0,Türkiye
4361422,Lion Fund Management Co. Ltd.,4139789,Traditional Investment Managers,0,China
4361422,JT Asset Management Co. Ltd,5853751,Traditional Investment Managers,0,China
4361422,Zhongtai Securities (Shanghai) Asset Management Co.Ltd.,5855481,Traditional Investment Managers,0,China
4361422,CICC Fund Management Co. Ltd.,4677331,Traditional Investment Managers,0,China
4361422,Horizon Asset Management Co. Ltd.,5883563,Traditional Investment Managers,0,China
4361422,Mackenzie Financial Corp.,106960,Traditional Investment Managers,0,Canada
4361422,Sumitomo Mitsui Trust Asset Management Co. Ltd.,4318240,Traditional Investment Managers,0,Japan
4361422,Hony Horizon Fund Management Co. Ltd.,9795838,Traditional Investment Managers,0,China
4361422,CI Global Asset Management,4114882,Traditional Investment Managers,0,Canada
4361422,Themes Management Co.,112247511,Traditional Investment Managers,0,USA
4361422,CIB Fund Management Co. Ltd,4404664,Traditional Investment Managers,0,China
4361422,Pacific Investment Management Co. LLC,109687,Traditional Investment Managers,0,USA
4361422,Russell Investment Management LLC,111359,Traditional Investment Managers,0,USA
4361422,Lincoln Financial Investments Corp.,4119651,Traditional Investment Managers,0,USA
4361422,Broad Asset Management Co. Ltd.,15012201,Traditional Investment Managers,0,China
4361422,Bank of Beijing Scotiabank Asset Management Co. Ltd.,4396635,Traditional Investment Managers,0,China
4361422,Security Kapitalanlage AG,4140057,Traditional Investment Managers,0,Austria
4361422,1832 Asset Management LP,4248288,Traditional Investment Managers,0,Canada
4361422,"ID-Sparinvest, Filial af Sparinvest S.A., Luxembourg",5776820,Traditional Investment Managers,0,Denmark
4361422,Swiss Life Asset Mgmt AG,4140617,Traditional Investment Managers,0,Switzerland
4361422,Storebrand Asset Management AS,4336776,Traditional Investment Managers,0,Norway
4361422,HFT Investment Management Co. Ltd. (Group,4784142,Traditional Investment Managers,0,China
4361422,Huashang Fund Management Co. Ltd.,7059915,Traditional Investment Managers,0,China
4361422,SunAmerica Asset Management LLC,111097,Traditional Investment Managers,0,USA
4361422,Sparinvest SA (Luxembourg),4232927,Traditional Investment Managers,0,Luxembourg
4361422,AXA SPDB Investment Managers Co. Ltd.,4332537,Traditional Investment Managers,0,China
4361422,Global X Japan Co. Ltd.,20326442,Traditional Investment Managers,0,#INVALID COMPANY ID
4361422,Guodu Securities Co.Ltd.,4297985,Traditional Investment Managers,0,China
4361422,BOSC Asset Management Ltd.,4553770,Traditional Investment Managers,0,China
4361422,BlackRock Fund Management Ltd.,107988050,Traditional Investment Managers,0,China
4361422,Nissay Asset Management Corp.,4116134,Traditional Investment Managers,0,Japan
4361422,BOC International (China) Co. Ltd.,4315032,Traditional Investment Managers,0,China
4361422,Franklin Templeton Sealand Fund Management Co. Ltd.,4550448,Traditional Investment Managers,0,China
4361422,Shanghai Guotai Junan Securities Asset Management Co. Ltd.,4592065,Traditional Investment Managers,0,China
4361422,Bin Wang,,Individuals/Insiders,0,China
4361422,China Merchants Securities Asset Management Co. Ltd.,4669111,Traditional Investment Managers,0,China
4361422,ChangAn Fund Management Co.Ltd,5826475,Traditional Investment Managers,0,China
4361422,USCF Advisers LLC,4560796,Traditional Investment Managers,0,USA
4361422,China International Capital Corp. Ltd.,4138232,Banks/Investment Banks,0,China
4361422,Ping An of China Asset Management (Hong Kong) Co. Ltd.,4560837,Traditional Investment Managers,0,Hong Kong
4361422,Nykredit Portefølje Administration A/S,4556895,Traditional Investment Managers,0,Denmark
4361422,Hang Seng Investment Management Ltd.,4138797,Traditional Investment Managers,0,Hong Kong
4361422,Peng Yang Fund Management Co. Ltd.,11183019,Traditional Investment Managers,0,China
4361422,"AVIC Fund Management Co., Ltd.",5880770,Traditional Investment Managers,0,China
4361422,"Gfund Management Co., Ltd.",6520584,Traditional Investment Managers,0,China
4361422,Winch Advisory Services LLC,4117742,Traditional Investment Managers,0,USA
4361422,Focusbridge Investments Ltd.,15102002,Traditional Investment Managers,0,China
4361422,Curio Wealth LLC,114676085,Family Offices/Trusts,0,USA
4361422,Dongxing Asset Management Co. Ltd.,29518821,Traditional Investment Managers,0,China
4361422,Morgan Stanley AIP GP LP,4155096,Traditional Investment Managers,0,USA
4361422,HSBC Jintrust Fund Management Co. Ltd.,4820048,Traditional Investment Managers,0,China
4361422,BNY Mellon ETF Investment Adviser LLC,19342220,Traditional Investment Managers,0,USA
4361422,Vanguard Group Inc.,109776,Traditional Investment Managers,0,USA
4361422,Citigroup Inc.,4041896,Banks/Investment Banks,-0.11,USA
4984938,Shenzhen Chengtun Industrial Development Co. Ltd.,7755796,Corporations (Private),16.25,China
4984938,BYD Company Ltd.,4217796,Corporations (Public),5.34,China
4984938,Jian Hua Li,,Individuals/Insiders,2.76,China
4984938,Hong Kong Exchanges and Clearing Ltd.,4322619,Banks/Investment Banks,2.54,Hong Kong
4984938,Sichuan Development Holding Co.Ltd.,4899056,Corporations (Private),2.48,China
4984938,Xiamen Tunchu Investment Partnership (Limited Partnership),20327114,Corporations (Private),2.36,China
4984938,Wuhan Changshixin Industry And Trade Co. Ltd.,9393371,Corporations (Private),1.68,China
4984938,GF Fund Management Co. Ltd.,4138625,Traditional Investment Managers,1.62,China
4984938,SDIC Chuangyi Industry Fund Management Co. Ltd.,10437602,VC/PE Firms (<5% stake),1.55,China
4984938,UBS SDIC Fund Management Co. Ltd.,4417406,Traditional Investment Managers,1.38,China
4984938,Invesco Great Wall Fund Management Co. Ltd,5762318,Traditional Investment Managers,1.21,China
4984938,China Southern Asset Management Co. Ltd.,4435100,Traditional Investment Managers,1.19,China
4984938,China Asset Management Co. Ltd.,4139271,Traditional Investment Managers,1.14,China
4984938,Fullgoal Fund Management Co. Ltd.,4137668,Traditional Investment Managers,1.05,China
4984938,Fujian Shengtun Trading Co. Ltd.,14251480,Corporations (Private),0.98,China
4984938,Harvest Fund Management Co. Ltd.,4140486,Traditional Investment Managers,0.96,China
4984938,Fujian Huamin Import and Export Co. Ltd.,7280941,Corporations (Private),0.93,China
4984938,ABC-CA Fund Management Co. Ltd.,4316929,Traditional Investment Managers,0.68,China
4984938,First-Trust Fund Management Co. Ltd.,4140536,Traditional Investment Managers,0.54,China
4984938,Orient Fund Management Co. Ltd.,4138631,Traditional Investment Managers,0.44,China
4984938,China Universal Asset Management Co. Ltd.,9020942,Traditional Investment Managers,0.38,China
4984938,Guotai Asset Mgmt Co. Ltd.,4138799,Traditional Investment Managers,0.32,China
4984938,E Fund Management Co. Ltd.,4137681,Traditional Investment Managers,0.27,China
4984938,Western Leadbank Fund Management Co. Ltd.,4890277,Traditional Investment Managers,0.25,China
4984938,New China Fund Management Co. Ltd.,4345262,Traditional Investment Managers,0.24,China
4984938,Penghua Fund Management Co. Ltd.,4345260,Traditional Investment Managers,0.23,China
4984938,Vanguard Capital Management LLC,137764443,Traditional Investment Managers,0.22,USA
4984938,First State Cinda Fund Management Co. Ltd.,4368709,Traditional Investment Managers,0.22,China
4984938,Bank of Communications Schroder Fund Management Co. Ltd.,4137941,Traditional Investment Managers,0.2,China
4984938,Huatai-PineBridge Fund Management Co. Ltd.,4345275,Traditional Investment Managers,0.2,China
4984938,Broad Asset Management Co. Ltd.,15012201,Traditional Investment Managers,0.14,China
4984938,"Gfund Management Co., Ltd.",6520584,Traditional Investment Managers,0.14,China
4984938,GWL Investment Management Ltd.,4048184,Traditional Investment Managers,0.14,Canada
4984938,China Post & Capital Fund Management Co. Ltd.,4322244,Traditional Investment Managers,0.12,China
4984938,Yi Zhou,,Individuals/Insiders,0.11,China
4984938,Bosera Asset Management Co. Ltd.,4329445,Traditional Investment Managers,0.1,China
4984938,Zhonggeng Fund Management Co. Ltd.,15135223,Traditional Investment Managers,0.1,China
4984938,Ping An UOB Fund Management Co. Ltd.,4556995,Traditional Investment Managers,0.1,China
4984938,Weijun Deng,,Individuals/Insiders,0.09,China
4984938,Dimensional Fund Advisors LP,111289,Traditional Investment Managers,0.07,USA
4984938,Tibet Eastmoney Fund Management Co.Ltd.,20057752,Traditional Investment Managers,0.07,China
4984938,Tianhong Asset Management Co. Ltd.,4345965,Traditional Investment Managers,0.06,China
4984938,Vanguard Fiduciary Trust Co.,5752504,Traditional Investment Managers,0.06,USA
4984938,Caitong Fund Management,4548312,Traditional Investment Managers,0.06,China
4984938,UOB Asset Management Ltd.,4139629,Traditional Investment Managers,0.06,Singapore
4984938,China Life AMP Asset Management Co. Ltd.,4559567,Traditional Investment Managers,0.06,China
4984938,Shanghai Orient Securities Asset Management Co. Ltd.,5812793,Traditional Investment Managers,0.06,China
4984938,HuaAn Fund Management Company Ltd.,4138661,Traditional Investment Managers,0.05,China
4984938,Kai Lin Yao,,Individuals/Insiders,0.05,China
4984938,Changjiang Securities(shanghai)Asset Management Co.Ltd.,5866758,Traditional Investment Managers,0.05,China
4984938,Wang Qi,,Individuals/Insiders,0.04,China
4984938,ICBC Credit Suisse Fund Management Co. Ltd.,4139311,Traditional Investment Managers,0.04,China
4984938,Yi Fang,,Individuals/Insiders,0.03,China
4984938,Yinhua Fund Management Co. Ltd.,4139415,Traditional Investment Managers,0.03,China
4984938,China Merchants Fund Management Co. Ltd.,4325258,Traditional Investment Managers,0.03,China
4984938,William Blair Investment Management LLC,4578628,Traditional Investment Managers,0.02,USA
4984938,Changsheng Fund Management Co. Ltd.,4311270,Traditional Investment Managers,0.02,China
4984938,China Universal Fund Management Co. Ltd.,27663277,Traditional Investment Managers,0.02,#INVALID COMPANY ID
4984938,Hwabao WP Fund Management Co. Ltd.,4137720,Traditional Investment Managers,0.02,China
4984938,Founder Fubon Fund Management Co. Ltd.,4336717,Traditional Investment Managers,0.02,China
4984938,Zhonghai Fund Management Co. Ltd.,4345268,Traditional Investment Managers,0.02,China
4984938,Rongtong Fund Management Co. Ltd.,4139739,Traditional Investment Managers,0.02,China
4984938,Limin Lei,,Individuals/Insiders,0.01,China
4984938,BlackRock Inc.,4048287,Traditional Investment Managers,0.01,USA
4984938,"Truvalue Asset Management Co.,Ltd.",5866754,Traditional Investment Managers,0.01,China
4984938,ChangAn Fund Management Co.Ltd,5826475,Traditional Investment Managers,0.01,China
4984938,Huafu Fund Management Co. Ltd.,4138775,Traditional Investment Managers,0.01,China
4984938,Charles Schwab Investment Management Inc.,4048695,Traditional Investment Managers,0.01,USA
4984938,ProShare Advisors LLC,4153606,Traditional Investment Managers,0.01,USA
4984938,JP Morgan Asset Management,110092,Traditional Investment Managers,0.01,USA
4984938,HFT Investment Management Co. Ltd. (Group,4784142,Traditional Investment Managers,0.01,China
4984938,Qianhai Alliance Asset Management,8364410,Traditional Investment Managers,0.01,China
4984938,Krane Funds Advisors LLC,4383779,Traditional Investment Managers,0.01,USA
4984938,Wanjia Asset Management Co. Ltd.,4606392,Traditional Investment Managers,0.01,China
4984938,Vanguard Asset Management Ltd.,4723508,Traditional Investment Managers,0,United Kingdom
4984938,Soochow Asset Management Co. Ltd.,4139902,Traditional Investment Managers,0,China
4984938,CCB Principal Asset Management Co. Ltd.,4138221,Traditional Investment Managers,0,China
4984938,Franklin Resources Inc.,102719,Traditional Investment Managers,0,USA
4984938,State Street Global Advisors Inc.,110652,Traditional Investment Managers,0,USA
4984938,Van Eck Associates Corp.,109888,Traditional Investment Managers,0,USA
4984938,CPIC Fund Management Co. Ltd.,4379197,Traditional Investment Managers,0,China
4984938,Legal & General Investment Management Ltd.,4139862,Traditional Investment Managers,0,United Kingdom
4984938,SWS MU Fund Management Co. Ltd.,4139950,Traditional Investment Managers,0,China
4984938,Mirae Asset Global Investments Co. Ltd.,4256114,Traditional Investment Managers,0,South Korea
4984938,Dacheng Fund Management Co. Ltd.,4137754,Traditional Investment Managers,0,China
4984938,Vanguard Investments Australia Ltd.,4138917,Traditional Investment Managers,0,Australia
4984938,Mercer Global Investments Europe Limited,5759394,Traditional Investment Managers,0,Ireland
4984938,Horizon Asset Management Co. Ltd.,5883563,Traditional Investment Managers,0,China
4984938,Morgan Stanley Fund Management (China) Co. Ltd.,4138826,Traditional Investment Managers,0,China
4984938,Amundi Asset Management SAS,4026948,Traditional Investment Managers,0,France
4984938,UBS Asset Management AG,4674815,Traditional Investment Managers,0,Switzerland
4984938,Galaxy Asset Management Co. Ltd.,4138761,Traditional Investment Managers,0,China
4984938,Hongde Fund Management Co. Ltd.,5877799,Traditional Investment Managers,0,China
4984938,DBX Advisors LLC,4318598,Traditional Investment Managers,0,USA
4984938,Goldman Sachs Asset Management LP,110587,Traditional Investment Managers,0,USA
4984938,BlackRock Fund Management Ltd.,107988050,Traditional Investment Managers,0,China
4984938,Boyuan Asset Management Co. Ltd.,25838827,VC/PE Firms (<5% stake),0,China
4984938,Vanguard Group Inc.,109776,Traditional Investment Managers,0,USA
4233782,National Pension Service,4250467,Government Pension Sponsors,8.7,South Korea
4233782,BlackRock Inc.,4048287,Traditional Investment Managers,6.49,USA
4233782,Vanguard Capital Management LLC,137764443,Traditional Investment Managers,3.05,USA
4233782,Citigroup Inc.,4041896,Banks/Investment Banks,3.03,USA
4233782,Pohang University of Science and Technology,4554782,Educational/Cultural Endowments,2.62,South Korea
4233782,Samsung Asset Management Co. Ltd.,4317121,Traditional Investment Managers,2.46,South Korea
4233782,Posco Holdings Inc. Employee Stock Ownership Association,106235411,ESOP,1.72,South Korea
4233782,Canada Pension Plan Investment Board,4153483,Government Pension Sponsors,1.31,Canada
4233782,Geode Capital Management LLC,4119759,Traditional Investment Managers,0.94,USA
4233782,Vanguard Fiduciary Trust Co.,5752504,Traditional Investment Managers,0.85,USA
4233782,Dimensional Fund Advisors LP,111289,Traditional Investment Managers,0.75,USA
4233782,Charles Schwab Investment Management Inc.,4048695,Traditional Investment Managers,0.68,USA
4233782,State Street Global Advisors Inc.,110652,Traditional Investment Managers,0.41,USA
4233782,Eaton Vance Management,109754,Traditional Investment Managers,0.39,USA
4233782,Franklin Resources Inc.,102719,Traditional Investment Managers,0.31,USA
4233782,Teachers Insurance and Annuity Association-College Retirement Equities Fund,4270330,Traditional Investment Managers,0.28,USA
4233782,Vanguard Asset Management Ltd.,4723508,Traditional Investment Managers,0.23,United Kingdom
4233782,American Century Investment Management Inc,111074,Traditional Investment Managers,0.22,USA
4233782,Northern Trust Global Investments,4272373,Traditional Investment Managers,0.22,United Kingdom
4233782,Driehaus Capital Management LLC,111537,Traditional Investment Managers,0.13,USA
4233782,UBS Asset Management AG,4674815,Traditional Investment Managers,0.12,Switzerland
4233782,Royal London Asset Management Ltd.,4138770,Traditional Investment Managers,0.12,United Kingdom
4233782,HSBC Global Asset Management (UK) Ltd.,4115698,Traditional Investment Managers,0.12,United Kingdom
4233782,Creative Planning LLC,4117421,Traditional Investment Managers,0.11,USA
4233782,Mitsubishi UFJ Asset Management Co. Ltd.,4607441,Traditional Investment Managers,0.11,Japan
4233782,Aviva Investors Global Services Ltd.,4376121,Traditional Investment Managers,0.1,United Kingdom
4233782,Deutsche Asset & Wealth Management,111219,Traditional Investment Managers,0.1,USA
4233782,Border To Coast Pensions Partnership Ltd.,10499632,Government Pension Sponsors,0.1,United Kingdom
4233782,Amundi Asset Management SAS,4026948,Traditional Investment Managers,0.1,France
4233782,Aberdeen Group PLC,4145085,Traditional Investment Managers,0.09,United Kingdom
4233782,T. Rowe Price Group Inc.,4055767,Traditional Investment Managers,0.09,USA
4233782,BNP Paribas Financial Markets SNC,4310789,Traditional Investment Managers,0.08,France
4233782,Fidelity International Ltd.,4020980,Traditional Investment Managers,0.08,Bermuda
4233782,Quantinno Capital Management LP,11227495,Traditional Investment Managers,0.07,USA
4233782,Legal & General Investment Management Ltd.,4139862,Traditional Investment Managers,0.06,United Kingdom
4233782,JP Morgan Asset Management,110092,Traditional Investment Managers,0.06,USA
4233782,Bessemer Investment Management LLC,4118993,Traditional Investment Managers,0.05,USA
4233782,Mercer Global Investments Europe Limited,5759394,Traditional Investment Managers,0.05,Ireland
4233782,Connor Clark & Lunn Investment Management Ltd.,4035990,Traditional Investment Managers,0.05,Canada
4233782,Invesco Capital Management LLC,4117611,Traditional Investment Managers,0.05,USA
4233782,Van Eck Associates Corp.,109888,Traditional Investment Managers,0.04,USA
4233782,Goldman Sachs Asset Management LP,110587,Traditional Investment Managers,0.04,USA
4233782,Barclays PLC,114508,Banks/Investment Banks,0.04,United Kingdom
4233782,Vident Asset Management,4556203,Traditional Investment Managers,0.03,USA
4233782,Vanguard Global Advisers LLC,4337989,Traditional Investment Managers,0.03,USA
4233782,Nlb Skladi d.o.o.,4138692,Traditional Investment Managers,0.03,Slovenia
4233782,Vanguard Personalized Indexing Management,13980941,Traditional Investment Managers,0.03,USA
4233782,BMO Asset Management Corp.,109988,Traditional Investment Managers,0.03,USA
4233782,BNP Paribas Asset Management Europe,4784107,Traditional Investment Managers,0.03,France
4233782,Quadrant Capital Group LLC,4218639,Traditional Investment Managers,0.03,USA
4233782,Schroder Investment Management Ltd.,4249110,Traditional Investment Managers,0.03,United Kingdom
4233782,Columbia Management Investment Advisers LLC,109789,Traditional Investment Managers,0.03,USA
4233782,Stifel Asset Management Corp.,5774712,Traditional Investment Managers,0.02,USA
4233782,Fideuram Asset Management (Ireland) DAC,4140503,Traditional Investment Managers,0.02,Ireland
4233782,Goldman Sachs Group Inc.,4039450,Traditional Investment Managers,0.02,USA
4233782,Ramirez Asset Management Inc.,4218892,Traditional Investment Managers,0.02,USA
4233782,Jupiter Fund Management PLC,4271664,Traditional Investment Managers,0.02,United Kingdom
4233782,Sumitomo Mitsui Trust Asset Management Co. Ltd.,4318240,Traditional Investment Managers,0.02,Japan
4233782,WisdomTree Asset Management Inc.,4145691,Traditional Investment Managers,0.02,USA
4233782,Bank of America Corp.,100369,Banks/Investment Banks,0.02,USA
4233782,Evolve Funds Group Inc.,7062751,Traditional Investment Managers,0.02,Canada
4233782,Grantham Mayo Van Otterloo & Co. LLC,110399,Traditional Investment Managers,0.02,USA
4233782,Russell Investment Management LLC,111359,Traditional Investment Managers,0.02,USA
4233782,CIBC Asset Management Inc.,4048742,Traditional Investment Managers,0.02,Canada
4233782,Merrill Lynch Pierce Fenner & Smith Inc.,3006816,Banks/Investment Banks,0.02,USA
4233782,Sequoia Financial Advisors LLC,4117970,Traditional Investment Managers,0.02,USA
4233782,Laird Norton Tyee Trust Co.,4048290,Family Offices/Trusts,0.02,USA
4233782,Allspring Global Investments LLC,110570,Traditional Investment Managers,0.02,USA
4233782,Sung-Kyu Sohn,,Individuals/Insiders,0.02,China
4233782,Bank of Singapore Ltd.,4257101,Banks/Investment Banks,0.02,Singapore
4233782,FMR LLC,3000896,Traditional Investment Managers,0.02,USA
4233782,Rhumbline Advisers Ltd Partnership,109968,Traditional Investment Managers,0.02,USA
4233782,Canadian Imperial Bank of Commerce,100515,Banks/Investment Banks,0.01,Canada
4233782,BNY Asset Management,4057506,Traditional Investment Managers,0.01,USA
4233782,Universal-Investment-Luxembourg S.A. Niederlassung Frankfurt Am Main,16073228,Traditional Investment Managers,0.01,Germany
4233782,Lazard Asset Management LLC,110386,Traditional Investment Managers,0.01,USA
4233782,LGPS Central Limited,7108293,VC/PE Firms (<5% stake),0.01,United Kingdom
4233782,Manulife Asset Management,5747632,Traditional Investment Managers,0.01,Canada
4233782,Corient Private Wealth LP,101288928,Traditional Investment Managers,0.01,USA
4233782,Baring Asset Management Ltd.,111272,Traditional Investment Managers,0.01,United Kingdom
4233782,Cohen & Steers Capital Management Inc.,111434,Traditional Investment Managers,0.01,USA
4233782,Greenline Partners LLC,4338213,Traditional Investment Managers,0.01,USA
4233782,Frank Rimerman Advisors LLC,4116534,Traditional Investment Managers,0.01,USA
4233782,O'Shaughnessy Asset Management LLC,4166919,Traditional Investment Managers,0.01,USA
4233782,SignatureFD LLC,4116056,Traditional Investment Managers,0.01,USA
4233782,Thrivent Investment Management Inc.,4102247,Traditional Investment Managers,0.01,USA
4233782,St James's Place Unit Trust Group Ltd.,5759900,Traditional Investment Managers,0.01,United Kingdom
4233782,Deka Investment GmbH,4137912,Traditional Investment Managers,0.01,Germany
4233782,Cerity Partners LLC,4255907,Traditional Investment Managers,0.01,USA
4233782,Vanguard Investments Australia Ltd.,4138917,Traditional Investment Managers,0.01,Australia
4233782,Morgan Stanley,103042,Banks/Investment Banks,0.01,USA
4233782,U.S. Bancorp Asset Management Inc.,4073155,Traditional Investment Managers,0.01,USA
4233782,Schroder Investment Management North America Inc.,109872,Traditional Investment Managers,0.01,USA
4233782,D.E. Shaw & Co. LP,109290,Hedge Fund Managers (<5% stake),0.01,USA
4233782,Point72 Asset Management LP,4677902,Hedge Fund Managers (<5% stake),0.01,USA
4233782,New York Life Investment Management LLC,4073190,Traditional Investment Managers,0.01,USA
4233782,Principal Global Investors LLC,4089114,Traditional Investment Managers,0.01,USA
4233782,First Trust Advisors LP,4033550,Traditional Investment Managers,0.01,USA
4233782,IEQ Capital LLC,15092837,Traditional Investment Managers,0.01,USA
4233782,Pictet Asset Management Ltd.,111267,Traditional Investment Managers,0.01,United Kingdom
4233782,Amova Asset Management Co. Ltd.,4107954,,0.01,Japan
4233782,Mariner LLC,4145924,Traditional Investment Managers,0.01,USA
4233782,Pacific Investment Management Co. LLC,109687,Traditional Investment Managers,0.01,USA
4233782,Eurizon Capital SGR SpA,4324456,Traditional Investment Managers,0.01,Italy
4233782,Recurrent Investment Advisors LLC,7357269,Traditional Investment Managers,0.01,USA
4233782,Barometer Capital Management Inc.,4305081,Traditional Investment Managers,0.01,Canada
4233782,Ballentine Partners LLC,4119637,Traditional Investment Managers,0.01,USA
4233782,Voya Investment Management LLC,4048215,Traditional Investment Managers,0.01,USA
4233782,Sparinvest SA (Luxembourg),4232927,Traditional Investment Managers,0.01,Luxembourg
4233782,Oversea-Chinese Banking Corp. Ltd.,4187135,Banks/Investment Banks,0.01,Singapore
4233782,Victory Capital Management Inc.,110674,Traditional Investment Managers,0.01,USA
4233782,Venturi Wealth Management LLC,4431044,Traditional Investment Managers,0.01,USA
4233782,Engineers Gate Manager LP,4562926,Hedge Fund Managers (<5% stake),0.01,USA
4233782,XTX Markets Ltd.,4853822,Traditional Investment Managers,0.01,United Kingdom
4233782,"ID-Sparinvest, Filial af Sparinvest S.A., Luxembourg",5776820,Traditional Investment Managers,0.01,Denmark
4233782,ClearBridge Investments LLC,4113062,Traditional Investment Managers,0.01,USA
4233782,Guggenheim Partners LLC,4111513,Traditional Investment Managers,0.01,USA
4233782,Voloridge Investment Management LLC,4256115,Hedge Fund Managers (<5% stake),0.01,USA
4233782,West Family Investments LLC,4201823,Family Offices/Trusts,0.01,USA
4233782,Rockefeller & Co. LLC,4026892,Traditional Investment Managers,0.01,USA
4233782,Envestnet Asset Management Inc.,4072215,Traditional Investment Managers,0,USA
4233782,Vise AI Advisors LLC,19067871,Traditional Investment Managers,0,USA
4233782,PNC Financial Services Group Inc.,100406,Banks/Investment Banks,0,USA
4233782,KBC Asset Management NV,4111901,Traditional Investment Managers,0,Belgium
4233782,Nuveen Investments Inc.,102757,Traditional Investment Managers,0,USA
4233782,Sumitomo Mitsui DS Asset Management Co. Ltd.,4140078,Traditional Investment Managers,0,Japan
4233782,Renaissance Technologies LLC,4048646,Hedge Fund Managers (<5% stake),0,USA
4233782,Neuberger Berman Investment Advisers LLC,109731,Traditional Investment Managers,0,USA
4233782,AQR Capital Management LLC,4119538,Hedge Fund Managers (<5% stake),0,USA
4233782,Jordan Park Group LLC,4975164,Traditional Investment Managers,0,USA
4233782,Desjardins Global Asset Management Inc.,4226520,Traditional Investment Managers,0,Canada
4233782,Krane Funds Advisors LLC,4383779,Traditional Investment Managers,0,USA
4233782,Parallel Advisors LLC,4186766,Traditional Investment Managers,0,USA
4233782,PCM Encore LLC,124646695,Family Offices/Trusts,0,USA
4233782,Aquatic Capital Management LLC,16894363,Hedge Fund Managers (<5% stake),0,USA
4233782,Harbor Capital Advisors Inc.,111486,Traditional Investment Managers,0,USA
4233782,Horizon Investments LLC,4118373,Traditional Investment Managers,0,USA
4233782,Dmg Group Llc,105606157,Traditional Investment Managers,0,USA
4233782,Resona Asset Management Co. Ltd.,4629378,Traditional Investment Managers,0,Japan
4233782,CSOP Asset Management Ltd.,4408592,Traditional Investment Managers,0,Hong Kong
4233782,Two Sigma Investments LP,4110297,Hedge Fund Managers (<5% stake),0,USA
4233782,Jane Street Group LLC,4437851,Traditional Investment Managers,0,USA
4233782,Bridgewater Advisors Inc.,4034058,Traditional Investment Managers,0,USA
4233782,Xponance Inc.,4034531,Traditional Investment Managers,0,USA
4233782,Pathstone Family Office LLC,4255945,Family Offices/Trusts,0,USA
4233782,Caprock Group LLC,4117033,Family Offices/Trusts,0,USA
4233782,Principal Asset Management Bhd.,4190959,Traditional Investment Managers,0,Malaysia
4233782,Compound Planning Inc.,12764260,Traditional Investment Managers,0,USA
4233782,PDS Planning Inc,4029537,Traditional Investment Managers,0,USA
4233782,Degroof Petercam Asset Management,4377155,Traditional Investment Managers,0,Belgium
4233782,Evergreen Capital Management LLC,4116320,Traditional Investment Managers,0,USA
4233782,Swiss Life Asset Mgmt AG,4140617,Traditional Investment Managers,0,Switzerland
4233782,GWL Investment Management Ltd.,4048184,Traditional Investment Managers,0,Canada
4233782,GAMMA Investing LLC,26480935,Traditional Investment Managers,0,USA
4233782,LPL Financial LLC,4026057,Traditional Investment Managers,0,USA
4233782,Advisors Asset Management Inc.,4093038,Traditional Investment Managers,0,USA
4233782,Canopy Partners LLC,109427117,Family Offices/Trusts,0,USA
4233782,Aaron Wealth Advisors LLC,11226628,Traditional Investment Managers,0,USA
4233782,Janus Henderson Group Ltd.,4147331,Traditional Investment Managers,0,United Kingdom
4233782,Greenleaf Trust NA,4032621,Traditional Investment Managers,0,USA
4233782,HighTower Advisors LLC,4222753,Traditional Investment Managers,0,USA
4233782,Syon Capital LLC,107024029,Traditional Investment Managers,0,USA
4233782,Sanlam Investment Management (Pty.) Ltd.,4672091,,0,South Africa
4233782,Green Arrow Capital SGR SpA,5745911,VC/PE Firms (<5% stake),0,Italy
4233782,Lincoln Financial Investments Corp.,4119651,Traditional Investment Managers,0,USA
4233782,AXQ Capital LP,105908838,Hedge Fund Managers (<5% stake),0,USA
4233782,Crossmark Global Investments Inc.,110354,Traditional Investment Managers,0,USA
4233782,Graham Capital Management L.P.,4134197,Hedge Fund Managers (<5% stake),0,USA
4233782,ProFund Advisors LLC,4037127,Traditional Investment Managers,0,USA
4233782,CW Advisors LLC,4255626,Traditional Investment Managers,0,USA
4233782,Summit Global Investments LLC,4332220,Traditional Investment Managers,0,USA
4233782,United Capital Financial Advisors,4146337,Traditional Investment Managers,0,USA
4233782,Ju-Tae Lee,,Individuals/Insiders,0,China
4233782,Excelsia Capital (Pty) Ltd,7944855,Traditional Investment Managers,0,South Africa
4233782,Ethic Inc.,4669066,Traditional Investment Managers,0,USA
4233782,Mirae Asset Global Investments Co. Ltd.,4256114,Traditional Investment Managers,0,South Korea
4233782,Composition Wealth LLC,4318544,Traditional Investment Managers,0,USA
4233782,Savant Capital LLC,4027675,Traditional Investment Managers,0,USA
4233782,Generali Investments CEE a.s.,4395436,Traditional Investment Managers,0,Czechia
4233782,BOCI-Prudential Asset Management Ltd.,4138118,Traditional Investment Managers,0,Hong Kong
4233782,Pacer Advisors Inc.,4539004,Traditional Investment Managers,0,USA
4233782,Empowered Funds LLC,4556191,Traditional Investment Managers,0,USA
4233782,DBX Advisors LLC,4318598,Traditional Investment Managers,0,USA
4233782,Royal Bank of Canada,100522,Banks/Investment Banks,0,Canada
4233782,Sustainable Growth Advisers LP,4119489,Traditional Investment Managers,0,USA
4233782,HB Wealth Management LLC,4029686,Traditional Investment Managers,0,USA
4233782,LGT Capital Partners Ltd.,4381545,VC/PE Firms (<5% stake),0,Switzerland
4233782,Wells Fargo & Co.,100382,Banks/Investment Banks,0,USA
4233782,QRG Capital Management Inc.,19932756,Traditional Investment Managers,0,USA
4233782,Basecamp Wealth Advisors LLC,133155690,Family Offices/Trusts,0,#INVALID COMPANY ID
4233782,Crestwood Advisors Group LLC,4119774,Family Offices/Trusts,0,USA
4233782,Massachusetts Financial Services Company,109763,Traditional Investment Managers,0,USA
4233782,Joon-Yang Jung,,Individuals/Insiders,0,China
4233782,Lion Global Investors Ltd.,4139819,Traditional Investment Managers,0,Singapore
4233782,Young-Ah Han,,Individuals/Insiders,0,China
4233782,Lumyna Investments Ltd.,19350037,Traditional Investment Managers,0,United Kingdom
4233782,Australian Super Pty Ltd,4757367,Government Pension Sponsors,0,Australia
4233782,Ritholtz Wealth Management,4413792,Traditional Investment Managers,0,USA
4233782,Nissay Asset Management Corp.,4116134,Traditional Investment Managers,0,Japan
4233782,Focus Partners Wealth LLC,4048984,Traditional Investment Managers,0,USA
4233782,Mercer Global Advisors Inc.,111511,Traditional Investment Managers,0,USA
4233782,Carson Wealth Management Group,5750365,Traditional Investment Managers,0,USA
4233782,Mackenzie Financial Corp.,106960,Traditional Investment Managers,0,Canada
4233782,Straits Investment Management Pte. Ltd.,14821347,Traditional Investment Managers,0,Singapore
4233782,Greenspring Advisors LLC,4158242,Traditional Investment Managers,0,USA
4233782,Hyeon Park,,Individuals/Insiders,0,China
4233782,1832 Asset Management LP,4248288,Traditional Investment Managers,0,Canada
4233782,KeyBank NA,1007545,Banks/Investment Banks,0,USA
4233782,Atlas Capital Advisors Inc.,4145203,Traditional Investment Managers,0,USA
4233782,Hantz Financial Services Inc.,4110324,Traditional Investment Managers,0,USA
4233782,SunAmerica Asset Management LLC,111097,Traditional Investment Managers,0,USA
4233782,Thrivent Trust Co.,1984064,Banks/Investment Banks,0,USA
4233782,Gesiuris Asset Management SGIIC SA,116183472,Traditional Investment Managers,0,#INVALID COMPANY ID
4233782,AllianceBernstein LP,109806,Traditional Investment Managers,0,USA
4233782,EverSource Wealth Advisors LLC,7974210,Family Offices/Trusts,0,USA
4233782,In-Hwa Chang,,Individuals/Insiders,0,China
4233782,Pinnacle Wealth Planning Services Inc.,4035419,Traditional Investment Managers,0,USA
4233782,ProShare Advisors LLC,4153606,Traditional Investment Managers,0,USA
4233782,Canada Life Asset Management Ltd.,4139052,Traditional Investment Managers,0,United Kingdom
4233782,Allworth Financial L.P.,4186450,Traditional Investment Managers,0,USA
4233782,Ki-Soo Kim,,Individuals/Insiders,0,China
4233782,Farther Finance Advisors LLC,19067849,Family Offices/Trusts,0,USA
4233782,Young Tae Ji,,Individuals/Insiders,0,China
4233782,JPMorgan Chase & Co.,100201,Banks/Investment Banks,0,USA
4233782,Purpose Investments Inc.,4773761,Traditional Investment Managers,0,Canada
4233782,Hee-Geun Lee,,Individuals/Insiders,0,China
4233782,SG Americas Securities LLC,4092965,Banks/Investment Banks,0,USA
4233782,Won-Chul Lee,,Individuals/Insiders,0,China
4233782,Joon-Gi Kim,,Individuals/Insiders,0,China
4233782,Niche Asset Management Limited,13969643,Traditional Investment Managers,0,United Kingdom
4233782,Anima SGR SpA,4137693,Traditional Investment Managers,0,Italy
4233782,Sung-Wook Lee,,Individuals/Insiders,0,China
4233782,Inspire Investing LLC,4904663,Traditional Investment Managers,0,USA
4233782,Tower Research Capital Europe Limited,5818434,Banks/Investment Banks,0,United Kingdom
4233782,Kun-Chul Shin,,Individuals/Insiders,0,China
4233782,Jae-Young Lee,,Individuals/Insiders,0,China
4233782,Min-Young Cho,,Individuals/Insiders,0,China
4233782,Asset Management One Co. Ltd.,4120033,Traditional Investment Managers,0,Japan
4233782,Osaic Wealth Inc.,109232,Traditional Investment Managers,0,USA
4233782,Security Investors LLC,109739,Traditional Investment Managers,0,USA
4233782,Arax Advisory Partners LLC,4145387,Traditional Investment Managers,0,USA
4233782,Bank Julius Bär & Co. AG,4056822,Traditional Investment Managers,0,Switzerland
4233782,"Federated Hermes, Inc.",110641,Traditional Investment Managers,0,USA
4233782,Lombard Odier Asset Management (Europe) Ltd.,4289501,Traditional Investment Managers,0,United Kingdom
4233782,Youngdal Oh,,Individuals/Insiders,0,China
4233782,Young-Sook Yoo,,Individuals/Insiders,0,China
4233782,NISA Investment Advisors LLC,110752,Traditional Investment Managers,0,USA
4233782,Schroder Investment Management (Japan) Ltd.,4296648,Traditional Investment Managers,0,Japan
4233782,Timothy Partners Ltd.,4032624,Traditional Investment Managers,0,USA
4233782,Seok-Mo Chung,,Individuals/Insiders,0,China
4233782,Moo-Sang Kim,,Individuals/Insiders,0,China
4233782,Schroder Investment Management (Hong Kong) Ltd.,4139954,Traditional Investment Managers,0,Hong Kong
4233782,Simplex Trading LLC,4282430,Traditional Investment Managers,0,USA
4233782,Founders Capital Management Inc,4115921,Traditional Investment Managers,0,USA
4233782,Bruce G. Allen Investments LLC,8691717,Family Offices/Trusts,0,USA
4233782,Sang-Hyug Im,,Individuals/Insiders,0,China
4233782,Jaewan Lee,,Individuals/Insiders,0,China
4233782,Kyeong-Chan Kim,,Individuals/Insiders,0,China
4233782,Seung-Jun Kim,,Individuals/Insiders,0,China
4233782,The Financial Consulate Inc.,4118544,Family Offices/Trusts,0,USA
4233782,Ohio Public Employees Retirement System,4005755,Government Pension Sponsors,0,USA
4233782,Global Retirement Partners LLC,4560551,Traditional Investment Managers,0,USA
4233782,Yoon-Sik Hong,,Individuals/Insiders,0,China
4233782,Quantbot Technologies LP,4280559,Hedge Fund Managers (<5% stake),0,USA
4233782,MAI Capital Management LLC,4116022,Traditional Investment Managers,0,USA
4233782,Physician Wealth Advisors Inc.,4034293,Traditional Investment Managers,0,USA
4233782,Northwestern Mutual Wealth Management Co.,4054540,Traditional Investment Managers,0,USA
4233782,Arsagera Asset Management,4999591,Traditional Investment Managers,0,Russia
4233782,Mediolanum International Funds Ltd.,4225041,Traditional Investment Managers,0,Ireland
4233782,Advisory Services Network LLC,4283691,Traditional Investment Managers,0,USA
4233782,Nykredit Portefølje Administration A/S,4556895,Traditional Investment Managers,0,Denmark
4233782,True Wealth Design LLC,10573962,Traditional Investment Managers,0,USA
4233782,IBI Mutual Funds LTD,4534690,Traditional Investment Managers,0,Israel
4233782,Larson Financial Group LLC,4272795,Traditional Investment Managers,0,USA
4233782,Bell Investment Advisors Inc,4115828,Traditional Investment Managers,0,USA
4233782,Parkside Financial Bank & Trust,4185730,Traditional Investment Managers,0,USA
4233782,Cornerstone Financial Management LLC,116253511,Traditional Investment Managers,0,USA
4233782,Brown Brothers Harriman & Co.,109183,Traditional Investment Managers,0,USA
4233782,Strategic Advisers LLC,4102073,Traditional Investment Managers,0,USA
4233782,JFS Wealth Advisors LLC,4187172,Traditional Investment Managers,0,USA
4233782,AssetMark Inc.,4115833,Traditional Investment Managers,0,USA
4233782,North Star Investment Management Corp.,4117553,Traditional Investment Managers,0,USA
4233782,Twin Peaks Wealth Advisors LLC,29446953,Traditional Investment Managers,0,USA
4233782,SBI Holdings Inc.,4253405,Traditional Investment Managers,0,Japan
4233782,Highline Wealth Partners LLC,4027193,Family Offices/Trusts,0,USA
4233782,LRI Investments LLC,109983282,Traditional Investment Managers,0,USA
4233782,The Gleason Group Inc.,4615512,Traditional Investment Managers,0,USA
4233782,SHP Wealth Management LLC,4867804,Family Offices/Trusts,0,USA
4233782,Innovative Asset Advisors Group LLC,137748619,Family Offices/Trusts,0,USA
4233782,Wealthcollab LLC,100584763,Family Offices/Trusts,0,USA
4233782,Key Financial Inc.,4723150,Traditional Investment Managers,0,USA
4233782,Jin Sook Hong,,Individuals/Insiders,0,China
4233782,Versant Capital Management Inc.,4115897,Traditional Investment Managers,0,USA
4233782,IFP Advisors LLC,4029450,Traditional Investment Managers,0,USA
4233782,Edward Jones Trust Co.,1000525,Traditional Investment Managers,0,USA
4233782,RHB Asset Management Sdn. Bhd.,4139625,Traditional Investment Managers,0,Malaysia
4233782,Root Financial Partners LLC,106567132,Traditional Investment Managers,0,USA
4233782,Hong-Sub Oh,,Individuals/Insiders,0,China
4233782,Seung-Min Na,,Individuals/Insiders,0,China
4233782,ClearArc Capital Inc.,4073490,Traditional Investment Managers,0,USA
4233782,The Mather Group LLC,4283284,Traditional Investment Managers,0,USA
4233782,Royal Bank of Canada Trust Co. (Bahamas) Ltd.,6696523,Banks/Investment Banks,0,Bahamas
4233782,Noble Wealth Management P.B.C.,107991846,Family Offices/Trusts,0,USA
4233782,SageView Advisory Group LLC,4116734,Traditional Investment Managers,0,USA
4233782,Western Pacific Wealth Management LP,4272496,Traditional Investment Managers,0,USA
4233782,Smartleaf Asset Management LLC,4585350,Traditional Investment Managers,0,USA
4233782,"BFS Wealth Management, LLC",7722058,Family Offices/Trusts,0,USA
4233782,Rossby Financial LLC,109853274,Traditional Investment Managers,0,USA
4233782,Sung-Won Lee,,Individuals/Insiders,0,China
4233782,Osaic Advisory Services LLC,4560824,Traditional Investment Managers,0,USA
4233782,The Trust Company,5860350,Traditional Investment Managers,0,USA
4233782,Ares Financial Consulting LLC,29155178,Family Offices/Trusts,0,USA
4233782,Abound Wealth Management LLC,4867928,Traditional Investment Managers,0,USA
4233782,Hyeong-Gu Shin,,Individuals/Insiders,0,China
4233782,Kwang-Moo Kim,,Individuals/Insiders,0,China
4233782,Geunhwan Kim,,Individuals/Insiders,0,China
4233782,Jungyoung Kim,,Individuals/Insiders,0,China
4233782,Yong-Soo Kim,,Individuals/Insiders,0,China
4233782,Young Choi,,Individuals/Insiders,0,China
4233782,Sung-Lae Chun,,Individuals/Insiders,0,China
4233782,Kyung-Han Kim,,Individuals/Insiders,0,China
4233782,Paradigm Asset Management Co. L.L.C.,110595,Traditional Investment Managers,0,USA
4233782,Vanguard Group Inc.,109776,Traditional Investment Managers,0,USA
4233782,CIBC Pvt. Wealth Advisors Inc.,4064858,Traditional Investment Managers,0,USA
4233782,RBC Dominion Securities Inc.,4056453,Banks/Investment Banks,0,Canada
4233782,Arrowstreet Capital Ltd. Partnership,4049161,Traditional Investment Managers,0,USA
4233782,Penserra Capital Management LLC,4566684,Traditional Investment Managers,0,USA
4233782,Glen Eagle Advisors LLC,4668981,Family Offices/Trusts,0,USA
4233782,Allianz Global Investors U.S. LLC,4262519,Traditional Investment Managers,0,USA
4233782,Voleon Capital Management LP,4251523,Hedge Fund Managers (<5% stake),0,USA
4233782,Tuttle Capital Management LLC,4337895,Hedge Fund Managers (<5% stake),0,USA
4233782,Group One Trading LLC,4115177,Banks/Investment Banks,0,USA
4233782,Millennium Management LLC,4135463,Hedge Fund Managers (<5% stake),0,USA
4233782,Mackenzie Investments Europe Ltd.,4138911,Traditional Investment Managers,0,Ireland
4233782,Sarasin & Partners LLP,4141040,Traditional Investment Managers,0,United Kingdom
4233782,AHAM Asset Management Bhd.,4190455,Traditional Investment Managers,0,Malaysia
4233782,Wellspring Financial Advisors LLC,4158678,Family Offices/Trusts,0,USA
4233782,Canada Life Investment Management Ltd.,27584974,Traditional Investment Managers,0,Canada
4233782,Yousif Capital Management LLC,27861143,Traditional Investment Managers,0,USA
4233782,BNY Mellon ETF Investment Adviser LLC,19342220,Traditional Investment Managers,0,USA
4233782,Elyxium Wealth LLC,117743973,Family Offices/Trusts,0,USA
4233782,Quadrature Capital Limited,5866138,Hedge Fund Managers (<5% stake),0,United Kingdom
4233782,AdvisorNet Wealth Management,5859195,Traditional Investment Managers,0,USA
4354366,Inversiones SQYA S.A,5761413,Corporations (Private),24.63,Chile
4354366,Tianqi Lithium Corp.,4365897,Corporations (Public),22.16,China
4354366,BlackRock Inc.,4048287,Traditional Investment Managers,3.62,USA
4354366,Administradora de Fondos de Pensiones Capital SA,4250329,Corporate Pension Sponsors,2.72,Chile
4354366,AFP Provida SA,4143307,Corporate Pension Sponsors,2.67,Chile
4354366,Administradora de Fondos de Pensiones Cuprum SA,4250285,Traditional Investment Managers,2.54,Chile
4354366,Baillie Gifford & Co.,4026973,Traditional Investment Managers,2,United Kingdom
4354366,Vanguard Capital Management LLC,137764443,Traditional Investment Managers,1.67,USA
4354366,Kowa Company Ltd.,6220853,Corporations (Private),1.49,Japan
4354366,Banco Santander-Chile,4135291,Banks/Investment Banks,1.31,Chile
4354366,Administradora de Fondos de Pensiones Habitat SA,4250324,Corporate Pension Sponsors,1.29,Chile
4354366,Van Eck Associates Corp.,109888,Traditional Investment Managers,1.01,USA
4354366,Norges Bank Investment Management,4138467,Sovereign Wealth Funds (<5% stake),0.87,Norway
4354366,EARNEST Partners LLC,4104362,Traditional Investment Managers,0.73,USA
4354366,RWC Partners Ltd.,4135098,Traditional Investment Managers,0.7,United Kingdom
4354366,Grantham Mayo Van Otterloo & Co. LLC,110399,Traditional Investment Managers,0.59,USA
4354366,Vanguard Fiduciary Trust Co.,5752504,Traditional Investment Managers,0.43,USA
4354366,Mirae Asset Global Investments Co. Ltd.,4256114,Traditional Investment Managers,0.42,South Korea
4354366,Amundi Asset Management SAS,4026948,Traditional Investment Managers,0.36,France
4354366,Boston Partners Global Investors Inc.,4158830,Traditional Investment Managers,0.35,USA
4354366,D.E. Shaw & Co. LP,109290,Hedge Fund Managers (<5% stake),0.33,USA
4354366,Driehaus Capital Management LLC,111537,Traditional Investment Managers,0.3,USA
4354366,Baron Capital Group Inc.,4042808,Traditional Investment Managers,0.27,USA
4354366,UBS Asset Management AG,4674815,Traditional Investment Managers,0.26,Switzerland
4354366,Eaton Vance Management,109754,Traditional Investment Managers,0.26,USA
4354366,Geode Capital Management LLC,4119759,Traditional Investment Managers,0.25,USA
4354366,Santander Asset Management SA SGIIC,4187337,Hedge Fund Managers (<5% stake),0.24,Spain
4354366,Russell Investment Management LLC,111359,Traditional Investment Managers,0.23,USA
4354366,Lord Abbett & Co. LLC,109849,Traditional Investment Managers,0.23,USA
4354366,BCI Asset Management Administradora General De Fondos SA,4347364,Traditional Investment Managers,0.23,Chile
4354366,SEI Investments Co.,102729,Traditional Investment Managers,0.23,USA
4354366,State Street Global Advisors Inc.,110652,Traditional Investment Managers,0.22,USA
4354366,Altshuler Shaham Ltd.,5755714,Traditional Investment Managers,0.22,Israel
4354366,RobecoSAM AG,4233855,Traditional Investment Managers,0.22,Switzerland
4354366,Allspring Global Investments LLC,110570,Traditional Investment Managers,0.2,USA
4354366,Northern Trust Global Investments,4272373,Traditional Investment Managers,0.2,United Kingdom
4354366,Charles Schwab Investment Management Inc.,4048695,Traditional Investment Managers,0.18,USA
4354366,Renaissance Technologies LLC,4048646,Hedge Fund Managers (<5% stake),0.18,USA
4354366,BICE Inversiones Administradora General de Fondos SA,4283457,Traditional Investment Managers,0.17,Chile
4354366,Aberdeen Group PLC,4145085,Traditional Investment Managers,0.16,United Kingdom
4354366,Schroder Investment Management Ltd.,4249110,Traditional Investment Managers,0.16,United Kingdom
4354366,BTG Pactual Global Asset Management Ltd.,4252258,Traditional Investment Managers,0.16,Bermuda
4354366,ALPS Advisors Inc.,4143440,Traditional Investment Managers,0.15,USA
4354366,ZKB Asset Management,5753419,Traditional Investment Managers,0.15,Switzerland
4354366,Itaú Administradora General de Fondos SA,4286138,Traditional Investment Managers,0.15,Chile
4354366,Dimensional Fund Advisors LP,111289,Traditional Investment Managers,0.15,USA
4354366,Goldman Sachs Asset Management LP,110587,Traditional Investment Managers,0.15,USA
4354366,Nomura Investment Management Business Trust,109913,Traditional Investment Managers,0.13,USA
4354366,Zurich Asset Management Administradora General De Fondos SA,5762441,Traditional Investment Managers,0.12,Chile
4354366,Deutsche Asset & Wealth Management,111219,Traditional Investment Managers,0.12,USA
4354366,Administradora General de Fondos Security SA,4279126,Traditional Investment Managers,0.12,Chile
4354366,Sjunde AP-fonden,4140101,Government Pension Sponsors,0.12,Sweden
4354366,Bank of America Corp.,100369,Banks/Investment Banks,0.11,USA
4354366,Banchile Administradora General de Fondos SA,4278847,Traditional Investment Managers,0.11,Chile
4354366,Legal & General Investment Management Ltd.,4139862,Traditional Investment Managers,0.11,United Kingdom
4354366,Marshall Wace LLP,4135104,Hedge Fund Managers (<5% stake),0.11,United Kingdom
4354366,Two Sigma Investments LP,4110297,Hedge Fund Managers (<5% stake),0.11,USA
4354366,American Century Investment Management Inc,111074,Traditional Investment Managers,0.11,USA
4354366,GWL Investment Management Ltd.,4048184,Traditional Investment Managers,0.1,Canada
4354366,ARGA Investment Management LLC,5799985,Traditional Investment Managers,0.09,India
4354366,Citadel Advisors LLC,4252195,Hedge Fund Managers (<5% stake),0.09,USA
4354366,Citigroup Inc.,4041896,Banks/Investment Banks,0.09,USA
4354366,Principal Global Investors LLC,4089114,Traditional Investment Managers,0.09,USA
4354366,Teachers Insurance and Annuity Association-College Retirement Equities Fund,4270330,Traditional Investment Managers,0.09,USA
4354366,JP Morgan Asset Management,110092,Traditional Investment Managers,0.08,USA
4354366,Canada Pension Plan Investment Board,4153483,Government Pension Sponsors,0.08,Canada
4354366,T. Rowe Price Group Inc.,4055767,Traditional Investment Managers,0.08,USA
4354366,Managed Account Advisors LLC,4187561,Traditional Investment Managers,0.08,USA
4354366,Engineers Gate Manager LP,4562926,Hedge Fund Managers (<5% stake),0.08,USA
4354366,New York State Common Retirement Fund,4043174,Government Pension Sponsors,0.08,USA
4354366,"Administradora General de Fondos Sura, S.A.",4283269,Traditional Investment Managers,0.07,Chile
4354366,Vanguard Asset Management Ltd.,4723508,Traditional Investment Managers,0.07,United Kingdom
4354366,BBVA Asset Management S.A. S.G.I.I.C,4138393,Traditional Investment Managers,0.07,Spain
4354366,BIT Capital GmbH,20357377,Traditional Investment Managers,0.07,Germany
4354366,Cookson Peirce & Co Inc,4031226,Traditional Investment Managers,0.07,USA
4354366,Jane Street Group LLC,4437851,Traditional Investment Managers,0.07,USA
4354366,Candriam Société En Commandite Par Actions,4578989,Traditional Investment Managers,0.07,Luxembourg
4354366,Seldon Capital LP,14334336,Hedge Fund Managers (<5% stake),0.07,USA
4354366,BMO Asset Management Corp.,109988,Traditional Investment Managers,0.07,USA
4354366,Morgan Stanley,103042,Banks/Investment Banks,0.07,USA
4354366,Invesco Capital Management LLC,4117611,Traditional Investment Managers,0.07,USA
4354366,KBC Asset Management NV,4111901,Traditional Investment Managers,0.06,Belgium
4354366,Barclays PLC,114508,Banks/Investment Banks,0.06,United Kingdom
4354366,Mitsubishi UFJ Asset Management Co. Ltd.,4607441,Traditional Investment Managers,0.06,Japan
4354366,ABN AMRO Bank NV,4000991,Banks/Investment Banks,0.05,Netherlands
4354366,Balyasny Asset Management LP,4134300,Hedge Fund Managers (<5% stake),0.05,USA
4354366,Pictet Asset Management Ltd.,111267,Traditional Investment Managers,0.05,United Kingdom
4354366,Global X Management (Aus) Ltd.,8365031,Traditional Investment Managers,0.05,Australia
4354366,Compass Group Chile S.A. Administradora General de Fondos,4570641,Traditional Investment Managers,0.05,Chile
4354366,Royal London Asset Management Ltd.,4138770,Traditional Investment Managers,0.05,United Kingdom
4354366,Storebrand Asset Management AS,4336776,Traditional Investment Managers,0.05,Norway
4354366,Franklin Resources Inc.,102719,Traditional Investment Managers,0.05,USA
4354366,Connor Clark & Lunn Investment Management Ltd.,4035990,Traditional Investment Managers,0.05,Canada
4354366,Mercer Global Investments Europe Limited,5759394,Traditional Investment Managers,0.05,Ireland
4354366,LarrainVial Asset Management Administradora General de Fondos SA,5762430,Traditional Investment Managers,0.05,Chile
4354366,First Trust Advisors LP,4033550,Traditional Investment Managers,0.05,USA
4354366,Ohio Public Employees Retirement System,4005755,Government Pension Sponsors,0.04,USA
4354366,Walter Scott & Partners Ltd.,111119,Traditional Investment Managers,0.04,United Kingdom
4354366,Orion Resource Partners (USA) LP,4338684,VC/PE Firms (<5% stake),0.04,USA
4354366,Border To Coast Pensions Partnership Ltd.,10499632,Government Pension Sponsors,0.04,United Kingdom
4354366,Bronte Capital Management Pty Ltd,4244361,Hedge Fund Managers (<5% stake),0.04,Australia
4354366,Saturna Capital Corp.,113782,Traditional Investment Managers,0.04,USA
4354366,Moneda Administradora de Fondos de Invers,4250319,Hedge Fund Managers (<5% stake),0.04,Chile
4354366,Fidelity International Ltd.,4020980,Traditional Investment Managers,0.04,Bermuda
4354366,Phoenix Unit Trust Managers Limited,7834181,Traditional Investment Managers,0.04,United Kingdom
4354366,Goldman Sachs Group Inc.,4039450,Traditional Investment Managers,0.04,USA
4354366,Premier Fund Managers Ltd.,4138723,Traditional Investment Managers,0.04,United Kingdom
4354366,Columbia Management Investment Advisers LLC,109789,Traditional Investment Managers,0.04,USA
4354366,HSBC Global Asset Management (UK) Ltd.,4115698,Traditional Investment Managers,0.04,United Kingdom
4354366,Voloridge Investment Management LLC,4256115,Hedge Fund Managers (<5% stake),0.04,USA
4354366,AXA Investment Managers UK Ltd.,4405395,Traditional Investment Managers,0.04,United Kingdom
4354366,Woodline Partners LP,13652109,Hedge Fund Managers (<5% stake),0.03,USA
4354366,Schroder Investment Management North America Inc.,109872,Traditional Investment Managers,0.03,USA
4354366,LBBW Asset Management Investment GmbH,4242466,Traditional Investment Managers,0.03,Germany
4354366,Baring Asset Management Ltd.,111272,Traditional Investment Managers,0.03,United Kingdom
4354366,Aviva Investors Global Services Ltd.,4376121,Traditional Investment Managers,0.03,United Kingdom
4354366,SAVA INFOND druzba za upravljanje d.o.o.,4139244,Traditional Investment Managers,0.03,Slovenia
4354366,JPMorgan Chase & Co.,100201,Banks/Investment Banks,0.03,USA
4354366,Lazard Asset Management LLC,110386,Traditional Investment Managers,0.03,USA
4354366,Credicorp Capital Asset Management S.A. Administradora General De Fondos,4283469,VC/PE Firms (<5% stake),0.03,Chile
4354366,BancoEstado SA Administradora General de Fondos,4283463,Traditional Investment Managers,0.03,Chile
4354366,Heron View Partners LLC,4055966,Traditional Investment Managers,0.03,USA
4354366,Millennium Management LLC,4135463,Hedge Fund Managers (<5% stake),0.03,USA
4354366,Global Thematic Partners LLC,4263288,Traditional Investment Managers,0.03,USA
4354366,Wells Fargo & Co.,100382,Banks/Investment Banks,0.03,USA
4354366,Mercer Investments LLC,4119790,Traditional Investment Managers,0.03,USA
4354366,CTBC Securities Investment Trust Co. Ltd.,4241120,Traditional Investment Managers,0.02,Taiwan
4354366,Sk VermÖGensverwaltung GmbH,5855000,Traditional Investment Managers,0.02,Germany
4354366,BetaShares Capital Ltd.,4578944,Traditional Investment Managers,0.02,Australia
4354366,Unison Advisors LLC,4645616,Traditional Investment Managers,0.02,USA
4354366,Sprott Inc.,4271661,Traditional Investment Managers,0.02,Canada
4354366,Boston Common Asset Management LLC,4119768,Traditional Investment Managers,0.02,USA
4354366,Trexquant Investment LP,4550887,Hedge Fund Managers (<5% stake),0.02,USA
4354366,PensionDanmark PensionsforsikringsA/S,4142178,Union Pension Sponsors,0.02,Denmark
4354366,Tidal Investments LLC,4338202,Traditional Investment Managers,0.02,USA
4354366,Stifel Asset Management Corp.,5774712,Traditional Investment Managers,0.02,USA
4354366,KLP Kapitalforvaltning AS,4138888,Traditional Investment Managers,0.02,Norway
4354366,Capital Fund Management S.A.,4117333,Hedge Fund Managers (<5% stake),0.02,France
4354366,Leap Investments LP,19110619,Traditional Investment Managers,0.02,USA
4354366,DZ Bank AG,4142663,Traditional Investment Managers,0.02,Germany
4354366,Quadrant Capital Group LLC,4218639,Traditional Investment Managers,0.02,USA
4354366,Y-Intercept (Hong Kong) Ltd.,11146742,Traditional Investment Managers,0.02,Hong Kong
4354366,BTG Pactual Asset Management US LLC,4252252,Hedge Fund Managers (<5% stake),0.02,USA
4354366,SailingStone Capital Partners LLC,4427773,Traditional Investment Managers,0.02,USA
4354366,Vanguard Global Advisers LLC,4337989,Traditional Investment Managers,0.02,USA
4354366,Fideuram Asset Management (Ireland) DAC,4140503,Traditional Investment Managers,0.02,Ireland
4354366,Main Management ETF Advisors LLC,7357019,Traditional Investment Managers,0.01,USA
4354366,Pvt. Wealth Advisors LLC,4194016,Traditional Investment Managers,0.01,USA
4354366,Barclays Bank PLC,4041196,Banks/Investment Banks,0.01,United Kingdom
4354366,BNP Paribas Asset Management Europe,4784107,Traditional Investment Managers,0.01,France
4354366,Squarepoint OPS LLC,4572787,Hedge Fund Managers (<5% stake),0.01,USA
4354366,ABN AMRO Investment Solutions SA,4260136,Traditional Investment Managers,0.01,France
4354366,BNP Paribas Financial Markets SNC,4310789,Traditional Investment Managers,0.01,France
4354366,Osaic Wealth Inc.,109232,Traditional Investment Managers,0.01,USA
4354366,SEB Funds AB,4256960,Traditional Investment Managers,0.01,Latvia
4354366,XTX Markets Ltd.,4853822,Traditional Investment Managers,0.01,United Kingdom
4354366,Aquatic Capital Management LLC,16894363,Hedge Fund Managers (<5% stake),0.01,USA
4354366,Ashmore Investment Advisors Ltd.,4434914,Traditional Investment Managers,0.01,United Kingdom
4354366,BCV Asset Management,4138167,Traditional Investment Managers,0.01,Switzerland
4354366,Journey Advisory Group LLC,4556186,Traditional Investment Managers,0.01,USA
4354366,Inspire Investing LLC,4904663,Traditional Investment Managers,0.01,USA
4354366,Envestnet Asset Management Inc.,4072215,Traditional Investment Managers,0.01,USA
4354366,Sumitomo Mitsui Trust Asset Management Co. Ltd.,4318240,Traditional Investment Managers,0.01,Japan
4354366,Universal Investment GmbH,4630169,Traditional Investment Managers,0.01,Germany
4354366,Fideuram Asset Management Sgr,101449874,Traditional Investment Managers,0.01,Italy
4354366,Krane Funds Advisors LLC,4383779,Traditional Investment Managers,0.01,USA
4354366,Thematica SA,9313998,Traditional Investment Managers,0.01,Switzerland
4354366,CIBC Asset Management Inc.,4048742,Traditional Investment Managers,0.01,Canada
4354366,Symphonia Società di Gestione del Risparmio SpA,5848328,Traditional Investment Managers,0.01,Italy
4354366,Barometer Capital Management Inc.,4305081,Traditional Investment Managers,0.01,Canada
4354366,Prudential Administradora General de Fondos SA,110387751,Traditional Investment Managers,0.01,Chile
4354366,Commonwealth Equity Services LLC,4026737,Traditional Investment Managers,0.01,USA
4354366,Schonfeld Strategic Advisors LLC,4663442,Hedge Fund Managers (<5% stake),0.01,USA
4354366,Mackenzie Financial Corp.,106960,Traditional Investment Managers,0.01,Canada
4354366,Degroof Petercam Asset Management,4377155,Traditional Investment Managers,0.01,Belgium
4354366,Manning & Napier Advisors LLC,110939,Traditional Investment Managers,0.01,USA
4354366,Manulife Asset Management,5747632,Traditional Investment Managers,0.01,Canada
4354366,BNY Asset Management,4057506,Traditional Investment Managers,0.01,USA
4354366,Nomura Asset Management Co. Ltd.,4048507,Traditional Investment Managers,0.01,Japan
4354366,L.J. Altfest & Co.,4027062,Traditional Investment Managers,0.01,USA
4354366,Walleye Capital LLC,5837967,Hedge Fund Managers (<5% stake),0.01,USA
4354366,Creative Planning LLC,4117421,Traditional Investment Managers,0.01,USA
4354366,Quantinno Capital Management LP,11227495,Traditional Investment Managers,0.01,USA
4354366,O'Shaughnessy Asset Management LLC,4166919,Traditional Investment Managers,0.01,USA
4354366,Banque Pictet & Cie SA,4096982,Traditional Investment Managers,0.01,Switzerland
4354366,Erste Asset Management GmbH,4278930,Traditional Investment Managers,0.01,Austria
4354366,Danske Bank A/S,4080954,Traditional Investment Managers,0.01,Denmark
4354366,Eurizon Capital SGR SpA,4324456,Traditional Investment Managers,0.01,Italy
4354366,NS Partners Ltd,4074095,Traditional Investment Managers,0.01,United Kingdom
4354366,Catalyst Capital Advisors LLC,4145229,Traditional Investment Managers,0.01,USA
4354366,Himension Capital (Singapore) Pte Ltd.,19400125,Traditional Investment Managers,0.01,Singapore
4354366,First Sentier Investors (Australia) IM Ltd,4135241,Traditional Investment Managers,0.01,Australia
4354366,Crossmark Global Investments Inc.,110354,Traditional Investment Managers,0.01,USA
4354366,Mediolanum International Funds Ltd.,4225041,Traditional Investment Managers,0.01,Ireland
4354366,Greenline Partners LLC,4338213,Traditional Investment Managers,0.01,USA
4354366,RBC Pvt. Counsel (USA) Inc.,4115708,Traditional Investment Managers,0.01,Canada
4354366,Henry James International Management Inc.,4434811,Traditional Investment Managers,0.01,USA
4354366,Legacy Wealth Asset Management LLC,19920489,Family Offices/Trusts,0.01,USA
4354366,Daiwa Asset Management Co. Ltd.,4137704,Traditional Investment Managers,0.01,Japan
4354366,Cloverfields Capital Group LP,19863545,Traditional Investment Managers,0.01,USA
4354366,Compound Planning Inc.,12764260,Traditional Investment Managers,0.01,USA
4354366,Liontrust Asset Management PLC,4139864,Traditional Investment Managers,0.01,United Kingdom
4354366,Financiere de l'Echiquier,4137579,Traditional Investment Managers,0.01,France
4354366,Jordan Park Group LLC,4975164,Traditional Investment Managers,0,USA
4354366,Cambridge Investment Research Advisors Inc.,4117795,Traditional Investment Managers,0,USA
4354366,Vontobel Asset Management Inc.,110470,Traditional Investment Managers,0,USA
4354366,Campbell & Co. LP,110770,Traditional Investment Managers,0,USA
4354366,Laird Norton Tyee Trust Co.,4048290,Family Offices/Trusts,0,USA
4354366,Amova Asset Management Co. Ltd.,4107954,,0,Japan
4354366,Qube Research & Technologies Ltd.,9146348,Traditional Investment Managers,0,United Kingdom
4354366,RBC Dominion Securities Inc.,4056453,Banks/Investment Banks,0,Canada
4354366,RWA Wealth Partners LLC,4283355,Traditional Investment Managers,0,USA
4354366,Pathstone Family Office LLC,4255945,Family Offices/Trusts,0,USA
4354366,LPL Financial LLC,4026057,Traditional Investment Managers,0,USA
4354366,Henshaw Capital Llc,147933436,Traditional Investment Managers,0,USA
4354366,Hedges Asset Management LLC,29155455,Traditional Investment Managers,0,USA
4354366,Fortis Capital Advisors LLC,25463136,Traditional Investment Managers,0,USA
4354366,Belpointe Asset Management LLC,4194135,Traditional Investment Managers,0,USA
4354366,Susquehanna International Group LLP,4112715,Traditional Investment Managers,0,USA
4354366,Robert W. Baird & Co. Inc.,109453,Banks/Investment Banks,0,USA
4354366,AllianceBernstein LP,109806,Traditional Investment Managers,0,USA
4354366,Vident Asset Management,4556203,Traditional Investment Managers,0,USA
4354366,Westbeck Capital Management LLP,9826610,Traditional Investment Managers,0,United Kingdom
4354366,Quantbot Technologies LP,4280559,Hedge Fund Managers (<5% stake),0,USA
4354366,Nlb Skladi d.o.o.,4138692,Traditional Investment Managers,0,Slovenia
4354366,Victory Capital Management Inc.,110674,Traditional Investment Managers,0,USA
4354366,R.E.G.A.R. Private Wealth Inc.,5847707,Traditional Investment Managers,0,Canada
4354366,Leavell Investment Management Inc.,110274,Traditional Investment Managers,0,USA
4354366,ProFund Advisors LLC,4037127,Traditional Investment Managers,0,USA
4354366,Cerity Partners LLC,4255907,Traditional Investment Managers,0,USA
4354366,White Knight Strategic Wealth Advisors LLC,15388876,Traditional Investment Managers,0,USA
4354366,Desjardins Global Asset Management Inc.,4226520,Traditional Investment Managers,0,Canada
4354366,Kiker Wealth Management LLC,4283685,Family Offices/Trusts,0,USA
4354366,Concentric Capital Strategies LP,28048946,Hedge Fund Managers (<5% stake),0,USA
4354366,The Toronto-Dominion Bank,100519,Traditional Investment Managers,0,Canada
4354366,Swiss Life Asset Mgmt AG,4140617,Traditional Investment Managers,0,Switzerland
4354366,Bank J. Safra Sarasin AG,4138267,Traditional Investment Managers,0,Switzerland
4354366,GSA Capital Partners LLP,4135164,Hedge Fund Managers (<5% stake),0,United Kingdom
4354366,Scotia Administradora General de Fondos Chile SA,4283462,Traditional Investment Managers,0,Chile
4354366,PNC Financial Services Group Inc.,100406,Banks/Investment Banks,0,USA
4354366,Hantz Financial Services Inc.,4110324,Traditional Investment Managers,0,USA
4354366,Quadrature Capital Limited,5866138,Hedge Fund Managers (<5% stake),0,United Kingdom
4354366,Raymond James Financial Inc.,102771,Traditional Investment Managers,0,USA
4354366,Acadian Asset Management LLC,110495,Traditional Investment Managers,0,USA
4354366,Summit Securities Group LLC,4376761,Banks/Investment Banks,0,USA
4354366,Rhumbline Advisers Ltd Partnership,109968,Traditional Investment Managers,0,USA
4354366,Voya Investment Management LLC,4048215,Traditional Investment Managers,0,USA
4354366,MetLife Investment Management LLC,4187546,Traditional Investment Managers,0,USA
4354366,Arrowstreet Capital Ltd. Partnership,4049161,Traditional Investment Managers,0,USA
4354366,Sumitomo Mitsui DS Asset Management Co. Ltd.,4140078,Traditional Investment Managers,0,Japan
4354366,Sigma Planning Corp.,4117859,Traditional Investment Managers,0,USA
4354366,Patriot Investment Management Group Inc,4118065,Traditional Investment Managers,0,USA
4354366,MFA Wealth Advisors LLC,4556140,Traditional Investment Managers,0,USA
4354366,AFH Independent Financial Services Limited,7794310,Traditional Investment Managers,0,United Kingdom
4354366,Thrivent Trust Co.,1984064,Banks/Investment Banks,0,USA
4354366,U.S. Bancorp Asset Management Inc.,4073155,Traditional Investment Managers,0,USA
4354366,Royal Bank of Canada,100522,Banks/Investment Banks,0,Canada
4354366,Inversis Gestion SA SGIIC,4139003,Traditional Investment Managers,0,Spain
4354366,Mirabella Financial Services LLP,5750561,Traditional Investment Managers,0,United Kingdom
4354366,IEQ Capital LLC,15092837,Traditional Investment Managers,0,USA
4354366,Ballentine Partners LLC,4119637,Traditional Investment Managers,0,USA
4354366,DRW Holdings LLC,4209260,Traditional Investment Managers,0,USA
4354366,Edmond de Rothschild Asset Management (France),4137552,Traditional Investment Managers,0,France
4354366,ProShare Advisors LLC,4153606,Traditional Investment Managers,0,USA
4354366,AIA Investment Management Private Limited,6594844,Traditional Investment Managers,0,Singapore
4354366,Merrill Lynch Pierce Fenner & Smith Inc.,3006816,Banks/Investment Banks,0,USA
4354366,MGO One Seven LLC,4724211,Traditional Investment Managers,0,USA
4354366,Pinnacle Associates Ltd.,110322,Traditional Investment Managers,0,USA
4354366,Cetera Investment Advisers LLC,4115973,Traditional Investment Managers,0,USA
4354366,Controlfida (Suisse) SA,6731032,Traditional Investment Managers,0,Switzerland
4354366,Renta 4 Gestora S.G.I.I.C. SA,4139861,Traditional Investment Managers,0,Spain
4354366,HighTower Advisors LLC,4222753,Traditional Investment Managers,0,USA
4354366,Independent Financial Group LLC,4065531,Traditional Investment Managers,0,#INVALID COMPANY ID
4354366,Compass Group LLC,4119107,Traditional Investment Managers,0,USA
4354366,Vanguard Personalized Indexing Management,13980941,Traditional Investment Managers,0,USA
4354366,Wellington Management Group LLP,4579014,Traditional Investment Managers,0,USA
4354366,Wealth Enhancement Advisory Services LLC,4117722,Traditional Investment Managers,0,USA
4354366,Crestline Investors Inc,4326048,Hedge Fund Managers (<5% stake),0,USA
4354366,Eagle Rock Investment Co. LLC,29332517,Traditional Investment Managers,0,USA
4354366,Resona Asset Management Co. Ltd.,4629378,Traditional Investment Managers,0,Japan
4354366,Corient IA LP,111448818,Traditional Investment Managers,0,USA
4354366,Garanti Portföy Yönetimi AS,4570672,Traditional Investment Managers,0,Türkiye
4354366,Rathbones Investment Management Ltd.,4115725,Traditional Investment Managers,0,United Kingdom
4354366,Impact Partnership Wealth LLC,29154559,Traditional Investment Managers,0,USA
4354366,Kestra Advisory Services LLC,4679925,Traditional Investment Managers,0,USA
4354366,Deka Investment GmbH,4137912,Traditional Investment Managers,0,Germany
4354366,Nordea Investment Management AB,4026994,Traditional Investment Managers,0,Sweden
4354366,Frank Rimerman Advisors LLC,4116534,Traditional Investment Managers,0,USA
4354366,Greenleaf Trust NA,4032621,Traditional Investment Managers,0,USA
4354366,SG Americas Securities LLC,4092965,Banks/Investment Banks,0,USA
4354366,Comprehensive Money Management Services LLC,4218652,Traditional Investment Managers,0,USA
4354366,Two Sigma Securities LLC,4254077,Banks/Investment Banks,0,USA
4354366,Gesiuris,4399531,Traditional Investment Managers,0,Spain
4354366,Eastspring Investments (Singapore) Ltd.,4138745,Traditional Investment Managers,0,Singapore
4354366,Sustainable Growth Advisers LP,4119489,Traditional Investment Managers,0,USA
4354366,QP Wealth Management LLC,15092834,Traditional Investment Managers,0,USA
4354366,Advisors Asset Management Inc.,4093038,Traditional Investment Managers,0,USA
4354366,Sequoia Financial Advisors LLC,4117970,Traditional Investment Managers,0,USA
4354366,Redwood Wealth Management Group LLC,4642218,Traditional Investment Managers,0,USA
4354366,SBI Holdings Inc.,4253405,Traditional Investment Managers,0,Japan
4354366,Fulcrum Asset Management LLP,4135122,Hedge Fund Managers (<5% stake),0,United Kingdom
4354366,William Blair Investment Management LLC,4578628,Traditional Investment Managers,0,USA
4354366,Prelude Capital Management LLC,4134726,Hedge Fund Managers (<5% stake),0,USA
4354366,Sanlam Investment Management (Pty.) Ltd.,4672091,,0,South Africa
4354366,Pacific Investment Management Co. LLC,109687,Traditional Investment Managers,0,USA
4354366,Sarasin & Partners LLP,4141040,Traditional Investment Managers,0,United Kingdom
4354366,Australian Super Pty Ltd,4757367,Government Pension Sponsors,0,Australia
4354366,DFP Deutsche Finanz Portfolioverwaltung GmbH,6729481,Traditional Investment Managers,0,Germany
4354366,Mariner LLC,4145924,Traditional Investment Managers,0,USA
4354366,Toesca SA Administradora General de Fondos,10584810,Traditional Investment Managers,0,Chile
4354366,IPG Investment Advisors LLC,4273173,Traditional Investment Managers,0,USA
4354366,Yuanta Securities Investment Trust Co. Ltd.,4216438,Traditional Investment Managers,0,Taiwan
4354366,Aprio Wealth Management LLC,4116053,Traditional Investment Managers,0,USA
4354366,Corient Private Wealth LP,101288928,Traditional Investment Managers,0,USA
4354366,IS Asset Management,4139199,Traditional Investment Managers,0,Türkiye
4354366,Innovator Management LLC,4339029,Traditional Investment Managers,0,USA
4354366,Lincoln Financial Investments Corp.,4119651,Traditional Investment Managers,0,USA
4354366,Sutterluty Investment Management GmbH,4227239,Traditional Investment Managers,0,Austria
4354366,Sovran Advisors LLC,115756500,Family Offices/Trusts,0,USA
4354366,Northwestern Mutual Wealth Management Co.,4054540,Traditional Investment Managers,0,USA
4354366,Ampega Investment GmbH,4147585,Traditional Investment Managers,0,Germany
4354366,PGIM Inc.,4119440,Traditional Investment Managers,0,USA
4354366,Numeric Investors LLC,110153,Hedge Fund Managers (<5% stake),0,USA
4354366,AQR Capital Management LLC,4119538,Hedge Fund Managers (<5% stake),0,USA
4354366,Pinpoint Asset Management (Singapore) Pte. Ltd.,28791761,Hedge Fund Managers (<5% stake),0,Singapore
4354366,Frank Russell Co.,4025426,,0,USA
4354366,PGIM Securities Investment Trust Enterprise,4240414,Traditional Investment Managers,0,Taiwan
4354366,Gateway Wealth Partners LLC,108000502,Traditional Investment Managers,0,USA
4354366,Hilltop Holdings Inc.,4383039,Banks/Investment Banks,0,USA
4354366,Hauck & Aufhäuser Fund Services S.A.,4415418,Traditional Investment Managers,0,Luxembourg
4354366,Visionary Wealth Advisors LLC,4421737,Traditional Investment Managers,0,USA
4354366,GENUS Capital Management Inc.,110574,Traditional Investment Managers,0,Canada
4354366,Ethic Inc.,4669066,Traditional Investment Managers,0,USA
4354366,Arlington Capital Management Inc.,4117660,Traditional Investment Managers,0,USA
4354366,Niche Asset Management Limited,13969643,Traditional Investment Managers,0,United Kingdom
4354366,Employees Retirement System of Texas,4097767,Government Pension Sponsors,0,USA
4354366,Middlefield Capital Corp.,4138143,Traditional Investment Managers,0,Canada
4354366,Mercer Global Advisors Inc.,111511,Traditional Investment Managers,0,USA
4354366,DBX Advisors LLC,4318598,Traditional Investment Managers,0,USA
4354366,Snowden Capital Advisors LLC,4318972,Traditional Investment Managers,0,USA
4354366,Seligson & Co Rahastoyhtio Oy,4140042,Traditional Investment Managers,0,Finland
4354366,Empowered Funds LLC,4556191,Traditional Investment Managers,0,USA
4354366,CaixaBank Asset Management SGIIC S.A.U.,4138997,Traditional Investment Managers,0,Spain
4354366,Nissay Asset Management Corp.,4116134,Traditional Investment Managers,0,Japan
4354366,Edward Jones Trust Co.,1000525,Traditional Investment Managers,0,USA
4354366,Anfield Capital Management LLC,4383824,Traditional Investment Managers,0,USA
4354366,Wyoming State Treasurer,5774555,Sovereign Wealth Funds (<5% stake),0,USA
4354366,Caitong International Asset Management Co. Ltd,9337684,Traditional Investment Managers,0,Hong Kong
4354366,1832 Asset Management LP,4248288,Traditional Investment Managers,0,Canada
4354366,FMR LLC,3000896,Traditional Investment Managers,0,USA
4354366,Advisory Services Network LLC,4283691,Traditional Investment Managers,0,USA
4354366,Nicholas Wealth LLC,29736823,Traditional Investment Managers,0,USA
4354366,Strategic Advisers LLC,4102073,Traditional Investment Managers,0,USA
4354366,Farther Finance Advisors LLC,19067849,Family Offices/Trusts,0,USA
4354366,Triumph Capital Management,4668562,Traditional Investment Managers,0,USA
4354366,SunAmerica Asset Management LLC,111097,Traditional Investment Managers,0,USA
4354366,Rockefeller & Co. LLC,4026892,Traditional Investment Managers,0,USA
4354366,Intesa Sanpaolo SpA,4100801,Banks/Investment Banks,0,Italy
4354366,BNPP Asset Management Holding,13582910,Traditional Investment Managers,0,France
4354366,Security Kapitalanlage AG,4140057,Traditional Investment Managers,0,Austria
4354366,"Rakuten Investment Management, Inc.",5787808,Traditional Investment Managers,0,Japan
4354366,IFP Advisors LLC,4029450,Traditional Investment Managers,0,USA
4354366,Jump Trading LLC,4093415,Traditional Investment Managers,0,USA
4354366,"Lavaca Capital, LLC",5867204,Traditional Investment Managers,0,USA
4354366,Pinebridge Investments Europe Ltd.,4140110,Traditional Investment Managers,0,United Kingdom
4354366,CX Institutional LLC,10441080,Family Offices/Trusts,0,USA
4354366,Antea VermÖGensverwaltung GmbH,5796925,Traditional Investment Managers,0,Germany
4354366,Deniz Portföy Yönetimi AS,4786012,Traditional Investment Managers,0,Türkiye
4354366,Global Retirement Partners LLC,4560551,Traditional Investment Managers,0,USA
4354366,Yapi Kredi Portföy Yönetimi A.S.,4785371,Traditional Investment Managers,0,Türkiye
4354366,Accent Capital Management LLC,105706929,Traditional Investment Managers,0,USA
4354366,Lombard Odier Asset Management (Europe) Ltd.,4289501,Traditional Investment Managers,0,United Kingdom
4354366,Grove Bank & Trust,1011928,Banks/Investment Banks,0,USA
4354366,Leonteq AG,4773635,Traditional Investment Managers,0,Switzerland
4354366,Steward Partners Investment Advisory LLC,4677843,Traditional Investment Managers,0,USA
4354366,The Ameriflex Group Inc.,19727203,Traditional Investment Managers,0,USA
4354366,EverSource Wealth Advisors LLC,7974210,Family Offices/Trusts,0,USA
4354366,Parallel Advisors LLC,4186766,Traditional Investment Managers,0,USA
4354366,SignatureFD LLC,4116056,Traditional Investment Managers,0,USA
4354366,Tuttle Capital Management LLC,4337895,Hedge Fund Managers (<5% stake),0,USA
4354366,RBC Rochdale LLC,4055176,Traditional Investment Managers,0,USA
4354366,Pinnacle Wealth Planning Services Inc.,4035419,Traditional Investment Managers,0,USA
4354366,Harbour Investments Inc.,4028556,Traditional Investment Managers,0,USA
4354366,Timothy Partners Ltd.,4032624,Traditional Investment Managers,0,USA
4354366,Themes Management Co.,112247511,Traditional Investment Managers,0,USA
4354366,European And Global Advisers LLP,10346719,Traditional Investment Managers,0,United Kingdom
4354366,Royal Bank of Canada Trust Co. (Bahamas) Ltd.,6696523,Banks/Investment Banks,0,Bahamas
4354366,Carson Wealth Management Group,5750365,Traditional Investment Managers,0,USA
4354366,Hilltop National Bank,1000511,Traditional Investment Managers,0,USA
4354366,GAMMA Investing LLC,26480935,Traditional Investment Managers,0,USA
4354366,Fédération des caisses Desjardins du Québec,4169610,Traditional Investment Managers,0,Canada
4354366,Bessemer Investment Management LLC,4118993,Traditional Investment Managers,0,USA
4354366,Global X Japan Co. Ltd.,20326442,Traditional Investment Managers,0,#INVALID COMPANY ID
4354366,Taishin Securities Investment Trust Co. Ltd.,4278931,Traditional Investment Managers,0,Taiwan
4354366,Geneos Wealth Management Inc.,4086018,Traditional Investment Managers,0,USA
4354366,Merchbanc S.A. S.G.I.I.C,5758410,Traditional Investment Managers,0,Spain
4354366,TSFG LLC,4566669,Traditional Investment Managers,0,USA
4354366,Wiser Advisor Group LLC,111514802,Traditional Investment Managers,0,USA
4354366,Larson Financial Group LLC,4272795,Traditional Investment Managers,0,USA
4354366,Atlatl Advisers LLC,113575156,Traditional Investment Managers,0,USA
4354366,Allied Pvt.Wealth,114837470,Family Offices/Trusts,0,USA
4354366,MAI Capital Management LLC,4116022,Traditional Investment Managers,0,USA
4354366,Antipodes Partners Ltd.,5858823,Traditional Investment Managers,0,Australia
4354366,Westside Investment Management LLC,4283802,Traditional Investment Managers,0,USA
4354366,The Adirondack Trust Co.,1011886,Family Offices/Trusts,0,USA
4354366,Allworth Financial L.P.,4186450,Traditional Investment Managers,0,USA
4354366,JNBA Financial Advisors LLC,4117683,Banks/Investment Banks,0,USA
4354366,Tobam SAS,4230200,Traditional Investment Managers,0,France
4354366,IAG Wealth Partners LLC,4056183,Family Offices/Trusts,0,USA
4354366,AssetMark Inc.,4115833,Traditional Investment Managers,0,USA
4354366,Highline Wealth Partners LLC,4027193,Family Offices/Trusts,0,USA
4354366,Parkside Financial Bank & Trust,4185730,Traditional Investment Managers,0,USA
4354366,Blackstone Inc.,4157397,VC/PE Firms (<5% stake),0,USA
4354366,Bogart Wealth LLC,4764061,Traditional Investment Managers,0,USA
4354366,Millstone Evans Group LLC,26559920,Traditional Investment Managers,0,USA
4354366,Central Trust Co,3005446,Traditional Investment Managers,0,USA
4354366,Basecamp Wealth Advisors LLC,133155690,Family Offices/Trusts,0,#INVALID COMPANY ID
4354366,Kozak & Tripp Pvt. Asset Management Inc.,11224795,Traditional Investment Managers,0,USA
4354366,Natixis SA,4077805,Banks/Investment Banks,0,France
4354366,MASECO LLP,4218445,Family Offices/Trusts,0,United Kingdom
4354366,JFS Wealth Advisors LLC,4187172,Traditional Investment Managers,0,USA
4354366,Osaic Holdings Inc.,4755270,Banks/Investment Banks,0,USA
4354366,Brown Brothers Harriman & Co.,109183,Traditional Investment Managers,0,USA
4354366,SageView Advisory Group LLC,4116734,Traditional Investment Managers,0,USA
4354366,Wealthcollab LLC,100584763,Family Offices/Trusts,0,USA
4354366,Medallion Wealth Advisors LLC,18782705,Family Offices/Trusts,0,USA
4354366,Roble Belko & Co. Inc.,4118783,Traditional Investment Managers,0,USA
4354366,Three Bearings Fiduciary Advisors Inc.,4784725,Family Offices/Trusts,0,USA
4354366,The Financial Consulate Inc.,4118544,Family Offices/Trusts,0,USA
4354366,Physician Wealth Advisors Inc.,4034293,Traditional Investment Managers,0,USA
4354366,Versant Capital Management Inc.,4115897,Traditional Investment Managers,0,USA
4354366,NISA Investment Advisors LLC,110752,Traditional Investment Managers,0,USA
4354366,Ninepoint Partners LP,7331591,Traditional Investment Managers,0,Canada
4354366,Tower Research Capital Europe Limited,5818434,Banks/Investment Banks,0,United Kingdom
4354366,Twin Peaks Wealth Advisors LLC,29446953,Traditional Investment Managers,0,USA
4354366,Elevation Wealth Partners LLC,4116412,Family Offices/Trusts,0,USA
4354366,Dogwood Wealth Management LLC,105701284,Family Offices/Trusts,0,USA
4354366,True Wealth Design LLC,10573962,Traditional Investment Managers,0,USA
4354366,Stone House Investment Management LLC,4205024,Traditional Investment Managers,0,USA
4354366,Cape Investment Advisory Inc.,4272737,Traditional Investment Managers,0,USA
4354366,Pvt. Trust Co. NA,4072532,Traditional Investment Managers,0,USA
4354366,Ancora Advisors LLC,4117990,Traditional Investment Managers,0,USA
4354366,Arax Advisory Partners LLC,4145387,Traditional Investment Managers,0,USA
4354366,LRI Investments LLC,109983282,Traditional Investment Managers,0,USA
4354366,Root Financial Partners LLC,106567132,Traditional Investment Managers,0,USA
4354366,Abound Wealth Management LLC,4867928,Traditional Investment Managers,0,USA
4354366,The Huntington Trust Company NA,110116,Traditional Investment Managers,0,USA
4354366,Invesco Ltd.,103661,Traditional Investment Managers,0,USA
4354366,Vanguard Group Inc.,109776,Traditional Investment Managers,0,USA
4354366,Harbor Capital Advisors Inc.,111486,Traditional Investment Managers,0,USA
4354366,Prudential PLC,4023122,Traditional Investment Managers,0,Hong Kong
4354366,J O Hambro Capital Management Ltd.,4056595,Traditional Investment Managers,0,United Kingdom
4354366,Park Avenue Securities LLC,4057426,Traditional Investment Managers,0,USA
4354366,Group One Trading LLC,4115177,Banks/Investment Banks,0,USA
4354366,Abacus Wealth Partners LLC,4036692,Traditional Investment Managers,0,USA
4354366,Financial Sense Advisors Inc.,4027846,Traditional Investment Managers,0,USA
4354366,Baader Bank AG,4145324,Traditional Investment Managers,0,Germany
4354366,Pendal Group Ltd.,4214234,Traditional Investment Managers,0,Australia
4354366,Morgan Stanley AIP GP LP,4155096,Traditional Investment Managers,0,USA
4354366,Verition Fund Management LLC,4226156,Hedge Fund Managers (<5% stake),0,USA
4354366,Laurel Wealth Advisors LLC,4218748,Traditional Investment Managers,0,USA
4354366,Union Asset Management Holding AG,4224292,Traditional Investment Managers,0,Germany
4354366,Voleon Capital Management LP,4251523,Hedge Fund Managers (<5% stake),0,USA
4354366,Clearstead Advisors LLC,4255267,Traditional Investment Managers,0,USA
4354366,Garner Asset Management Corp.,4117332,Traditional Investment Managers,0,USA
4354366,WP Advisors LLC,4116542,Traditional Investment Managers,0,USA
4354366,Evergreen Capital Management LLC,4116320,Traditional Investment Managers,0,USA
4354366,CoreCommodity Management LLC,4134208,Traditional Investment Managers,0,USA
4354366,Lighthouse Investment Partners LLC,4134253,Hedge Fund Managers (<5% stake),0,USA
4354366,Peregrine Investment Management Inc.,4139233,Hedge Fund Managers (<5% stake),0,Canada
4354366,Ninety One UK Ltd.,4138889,Traditional Investment Managers,0,United Kingdom
4354366,Castle Hook Partners LP,4850159,Hedge Fund Managers (<5% stake),0,USA
4354366,D.B. Root & Co. LLC,4633737,Traditional Investment Managers,0,USA
4354366,Fox Run Management LLC,4641725,Hedge Fund Managers (<5% stake),0,USA
4354366,Sound Income Strategies LLC,4566617,Traditional Investment Managers,0,USA
4354366,National Bank Investments Inc.,4575993,Traditional Investment Managers,0,Canada
4354366,ShariaPortfolio Inc.,4579063,Traditional Investment Managers,0,USA
4354366,Smartleaf Asset Management LLC,4585350,Traditional Investment Managers,0,USA
4354366,Yeomans Consulting Group Inc.,4272824,Family Offices/Trusts,0,USA
4354366,USCF Advisers LLC,4560796,Traditional Investment Managers,0,USA
4354366,Osaic Advisory Services LLC,4560824,Traditional Investment Managers,0,USA
4354366,Scarborough Advisors LLC,4430836,Traditional Investment Managers,0,USA
4354366,Virtu Financial Inc.,4435552,Banks/Investment Banks,0,USA
4354366,IMC Trading BV,4540115,Banks/Investment Banks,0,Netherlands
4354366,BW Gestao de Investimentos Ltda.,4548258,Family Offices/Trusts,0,Brazil
4354366,VGI Partners Ltd.,4383836,Traditional Investment Managers,0,Australia
4354366,BTG Pactual Asset Management SA Distribuidora de Títulos e Valores Mobiliários,4420105,Traditional Investment Managers,0,Brazil
4354366,Harbour Capital Advisors LLC,4383782,Family Offices/Trusts,0,USA
4354366,Hancock Prospecting Pty Ltd.,4350925,Corporations (Private),0,Australia
4354366,Transce3nd LLC,107991564,Family Offices/Trusts,0,USA
4354366,Wealth High Governance Asset Management Ltda,109480890,Traditional Investment Managers,0,Brazil
4354366,BNY Mellon ETF Investment Adviser LLC,19342220,Traditional Investment Managers,0,USA
4354366,Creekmur Asset Management LLC,19859253,Family Offices/Trusts,0,USA
4354366,Scientech Research LLC,27734737,Hedge Fund Managers (<5% stake),0,USA
4354366,Wealth High Governance Capital Ltda.,28702408,Traditional Investment Managers,0,Brazil
4354366,Polymer Capital Management (HK) Ltd.,19930468,Hedge Fund Managers (<5% stake),0,Hong Kong
4354366,"Larry Mathis Financial Planning, LLC",10714974,Family Offices/Trusts,0,USA
4354366,Caption Management LLC,7384223,Hedge Fund Managers (<5% stake),0,USA
4354366,Lombard Odier Asset Management (Switzerland) SA,7060057,Traditional Investment Managers,0,Switzerland
4354366,Diversify Advisory Services LLC,113423598,Traditional Investment Managers,0,USA
4121019,Capital Research and Management Co.,111195,Traditional Investment Managers,8.35,USA
4121019,BlackRock Inc.,4048287,Traditional Investment Managers,7.41,USA
4121019,Vanguard Capital Management LLC,137764443,Traditional Investment Managers,6.5,USA
4121019,Vanguard Portfolio Management LLC,137765036,Traditional Investment Managers,5.35,USA
4121019,State Street Global Advisors Inc.,110652,Traditional Investment Managers,4.43,USA
4121019,Geode Capital Management LLC,4119759,Traditional Investment Managers,2.91,USA
4121019,PRIMECAP Management Co.,110962,Traditional Investment Managers,2.26,USA
4121019,Two Sigma Investments LP,4110297,Hedge Fund Managers (<5% stake),1.97,USA
4121019,Van Eck Associates Corp.,109888,Traditional Investment Managers,1.71,USA
4121019,Bank of America Corp.,100369,Banks/Investment Banks,1.68,USA
4121019,The Toronto-Dominion Bank,100519,Traditional Investment Managers,1.46,Canada
4121019,EARNEST Partners LLC,4104362,Traditional Investment Managers,1.36,USA
4121019,Eaton Vance Management,109754,Traditional Investment Managers,1.26,USA
4121019,Invesco Capital Management LLC,4117611,Traditional Investment Managers,1.21,USA
4121019,UBS Asset Management AG,4674815,Traditional Investment Managers,1.15,Switzerland
4121019,D.E. Shaw & Co. LP,109290,Hedge Fund Managers (<5% stake),1.14,USA
4121019,JP Morgan Asset Management,110092,Traditional Investment Managers,1.07,USA
4121019,Northern Trust Global Investments,4272373,Traditional Investment Managers,1.03,United Kingdom
4121019,AQR Capital Management LLC,4119538,Hedge Fund Managers (<5% stake),1.02,USA
4121019,Norges Bank Investment Management,4138467,Sovereign Wealth Funds (<5% stake),0.99,Norway
4121019,Charles Schwab Investment Management Inc.,4048695,Traditional Investment Managers,0.98,USA
4121019,Dimensional Fund Advisors LP,111289,Traditional Investment Managers,0.91,USA
4121019,Mirae Asset Global Investments Co. Ltd.,4256114,Traditional Investment Managers,0.83,South Korea
4121019,Goldman Sachs Asset Management LP,110587,Traditional Investment Managers,0.8,USA
4121019,ProShare Advisors LLC,4153606,Traditional Investment Managers,0.8,USA
4121019,PGGM,4623978,Traditional Investment Managers,0.77,Netherlands
4121019,Grantham Mayo Van Otterloo & Co. LLC,110399,Traditional Investment Managers,0.77,USA
4121019,BNY Asset Management,4057506,Traditional Investment Managers,0.68,USA
4121019,Qube Research & Technologies Ltd.,9146348,Traditional Investment Managers,0.66,United Kingdom
4121019,Managed Account Advisors LLC,4187561,Traditional Investment Managers,0.65,USA
4121019,Barclays PLC,114508,Banks/Investment Banks,0.64,United Kingdom
4121019,Morgan Stanley,103042,Banks/Investment Banks,0.63,USA
4121019,JPMorgan Chase & Co.,100201,Banks/Investment Banks,0.63,USA
4121019,Renaissance Technologies LLC,4048646,Hedge Fund Managers (<5% stake),0.62,USA
4121019,Goldman Sachs Group Inc.,4039450,Traditional Investment Managers,0.59,USA
4121019,Vanguard Fiduciary Trust Co.,5752504,Traditional Investment Managers,0.56,USA
4121019,SEI Investments Co.,102729,Traditional Investment Managers,0.55,USA
4121019,Amundi Asset Management SAS,4026948,Traditional Investment Managers,0.53,France
4121019,Millennium Management LLC,4135463,Hedge Fund Managers (<5% stake),0.51,USA
4121019,Handelsbanken Asset Management,4140470,Traditional Investment Managers,0.51,Sweden
4121019,Empower Advisory Group LLC,4117125,Traditional Investment Managers,0.51,USA
4121019,Jacobs Levy Equity Management Inc,111247,Traditional Investment Managers,0.48,USA
4121019,Connor Clark & Lunn Investment Management Ltd.,4035990,Traditional Investment Managers,0.47,Canada
4121019,Deutsche Asset & Wealth Management,111219,Traditional Investment Managers,0.47,USA
4121019,Altshuler Shaham Ltd.,5755714,Traditional Investment Managers,0.45,Israel
4121019,LPL Financial LLC,4026057,Traditional Investment Managers,0.44,USA
4121019,Barclays Bank PLC,4041196,Banks/Investment Banks,0.41,United Kingdom
4121019,Franklin Resources Inc.,102719,Traditional Investment Managers,0.41,USA
4121019,AllianceBernstein LP,109806,Traditional Investment Managers,0.37,USA
4121019,Wells Fargo & Co.,100382,Banks/Investment Banks,0.37,USA
4121019,Citigroup Inc.,4041896,Banks/Investment Banks,0.35,USA
4121019,HB Wealth Management LLC,4029686,Traditional Investment Managers,0.34,USA
4121019,Voloridge Investment Management LLC,4256115,Hedge Fund Managers (<5% stake),0.32,USA
4121019,Capital Fund Management S.A.,4117333,Hedge Fund Managers (<5% stake),0.32,France
4121019,Russell Investment Management LLC,111359,Traditional Investment Managers,0.3,USA
4121019,HSBC Global Asset Management (UK) Ltd.,4115698,Traditional Investment Managers,0.28,United Kingdom
4121019,Legal & General Investment Management Ltd.,4139862,Traditional Investment Managers,0.28,United Kingdom
4121019,Baillie Gifford & Co.,4026973,Traditional Investment Managers,0.27,United Kingdom
4121019,Thrivent Investment Management Inc.,4102247,Traditional Investment Managers,0.26,USA
4121019,Allianz Asset Management GmbH,4208127,Traditional Investment Managers,0.25,Germany
4121019,BNP Paribas Financial Markets SNC,4310789,Traditional Investment Managers,0.25,France
4121019,BMO Asset Management Corp.,109988,Traditional Investment Managers,0.25,USA
4121019,DWS Investment Management Americas Inc.,4089578,Traditional Investment Managers,0.25,USA
4121019,Teachers Insurance and Annuity Association-College Retirement Equities Fund,4270330,Traditional Investment Managers,0.24,USA
4121019,Royal Bank of Canada,100522,Banks/Investment Banks,0.24,Canada
4121019,Susquehanna International Group LLP,4112715,Traditional Investment Managers,0.24,USA
4121019,Envestnet Asset Management Inc.,4072215,Traditional Investment Managers,0.23,USA
4121019,California Public Employees' Retirement System,4005175,Government Pension Sponsors,0.23,USA
4121019,T. Rowe Price Group Inc.,4055767,Traditional Investment Managers,0.23,USA
4121019,Tudor Investment Corp.,4022690,Hedge Fund Managers (<5% stake),0.23,USA
4121019,Pictet Asset Management Ltd.,111267,Traditional Investment Managers,0.22,United Kingdom
4121019,Natixis Advisors LLC,4119727,Traditional Investment Managers,0.21,USA
4121019,"ID-Sparinvest, Filial af Sparinvest S.A., Luxembourg",5776820,Traditional Investment Managers,0.21,Denmark
4121019,Vanguard Global Advisers LLC,4337989,Traditional Investment Managers,0.21,USA
4121019,Nordea Investment Management AB,4026994,Traditional Investment Managers,0.21,Sweden
4121019,Vest Financial LLC,4377128,Traditional Investment Managers,0.21,USA
4121019,Grandfield & Dodd LLC,4119339,Traditional Investment Managers,0.2,USA
4121019,RREEF America L.L.C.,4048674,Traditional Investment Managers,0.2,USA
4121019,Schweizerische Nationalbank,4218551,Banks/Investment Banks,0.2,Switzerland
4121019,Invesco Ltd.,103661,Traditional Investment Managers,0.2,USA
4121019,ALPS Advisors Inc.,4143440,Traditional Investment Managers,0.19,USA
4121019,Electron Capital Partners LLC,4425363,Hedge Fund Managers (<5% stake),0.19,USA
4121019,Merrill Lynch Pierce Fenner & Smith Inc.,3006816,Banks/Investment Banks,0.19,USA
4121019,Nomura Asset Management Co. Ltd.,4048507,Traditional Investment Managers,0.18,Japan
4121019,Himension Capital (Singapore) Pte Ltd.,19400125,Traditional Investment Managers,0.18,Singapore
4121019,Edward Jones Trust Co.,1000525,Traditional Investment Managers,0.17,USA
4121019,Assenagon Asset Management S.A.,5805166,Traditional Investment Managers,0.17,Luxembourg
4121019,Raymond James Financial Inc.,102771,Traditional Investment Managers,0.17,USA
4121019,Rhumbline Advisers Ltd Partnership,109968,Traditional Investment Managers,0.17,USA
4121019,SAMA Foreign Holdings,5807369,Sovereign Wealth Funds (<5% stake),0.17,Saudi Arabia
4121019,Pacific Heights Asset Management LLC,4115842,Traditional Investment Managers,0.17,USA
4121019,GWL Investment Management Ltd.,4048184,Traditional Investment Managers,0.17,Canada
4121019,FMR LLC,3000896,Traditional Investment Managers,0.17,USA
4121019,Carson Wealth Management Group,5750365,Traditional Investment Managers,0.17,USA
4121019,RobecoSAM AG,4233855,Traditional Investment Managers,0.17,Switzerland
4121019,First Trust Advisors LP,4033550,Traditional Investment Managers,0.16,USA
4121019,Holocene Advisors LP,4975443,Hedge Fund Managers (<5% stake),0.16,USA
4121019,Citadel Advisors LLC,4252195,Hedge Fund Managers (<5% stake),0.15,USA
4121019,Lord Abbett & Co. LLC,109849,Traditional Investment Managers,0.15,USA
4121019,SG Americas Securities LLC,4092965,Banks/Investment Banks,0.15,USA
4121019,National Bank Investments Inc.,4575993,Traditional Investment Managers,0.14,Canada
4121019,Algert Global LLC,4116616,Hedge Fund Managers (<5% stake),0.14,USA
4121019,Mitsubishi UFJ Asset Management Co. Ltd.,4607441,Traditional Investment Managers,0.14,Japan
4121019,AGF Management Ltd.,4156964,Traditional Investment Managers,0.14,Canada
4121019,Massachusetts Financial Services Company,109763,Traditional Investment Managers,0.14,USA
4121019,NFJ Investment Group LLC,26632854,Traditional Investment Managers,0.13,USA
4121019,Stifel Asset Management Corp.,5774712,Traditional Investment Managers,0.13,USA
4121019,Castle Hook Partners LP,4850159,Hedge Fund Managers (<5% stake),0.12,USA
4121019,BNP Paribas Asset Management Europe,4784107,Traditional Investment Managers,0.12,France
4121019,Gotham Asset Management LLC,4255620,Hedge Fund Managers (<5% stake),0.12,USA
4121019,California State Teachers' Retirement System,4047959,Government Pension Sponsors,0.12,USA
4121019,Amanah Holdings Trust,138320353,Traditional Investment Managers,0.11,#INVALID COMPANY ID
4121019,Squarepoint OPS LLC,4572787,Hedge Fund Managers (<5% stake),0.11,USA
4121019,Sparinvest SA (Luxembourg),4232927,Traditional Investment Managers,0.11,Luxembourg
4121019,Principal Global Investors LLC,4089114,Traditional Investment Managers,0.11,USA
4121019,Quantinno Capital Management LP,11227495,Traditional Investment Managers,0.11,USA
4121019,Davenport & Co LLC,109376,Traditional Investment Managers,0.11,USA
4121019,Hardman Johnston Global Advisors LLC,4028144,Traditional Investment Managers,0.1,USA
4121019,Janus Henderson Group Ltd.,4147331,Traditional Investment Managers,0.1,United Kingdom
4121019,Canada Pension Plan Investment Board,4153483,Government Pension Sponsors,0.1,Canada
4121019,Clifford Swan Investment Counsel LLC,110930,Family Offices/Trusts,0.1,USA
4121019,Schroder Investment Management Ltd.,4249110,Traditional Investment Managers,0.1,United Kingdom
4121019,U.S. Bancorp Asset Management Inc.,4073155,Traditional Investment Managers,0.1,USA
4121019,Aquatic Capital Management LLC,16894363,Hedge Fund Managers (<5% stake),0.09,USA
4121019,Adage Capital Management LP,4081046,Hedge Fund Managers (<5% stake),0.09,USA
4121019,Old National Bancorp,100391,Banks/Investment Banks,0.09,USA
4121019,State Board of Administration of Florida,4046428,Government Pension Sponsors,0.09,USA
4121019,Driehaus Capital Management LLC,111537,Traditional Investment Managers,0.08,USA
4121019,BIT Capital GmbH,20357377,Traditional Investment Managers,0.08,Germany
4121019,Vanguard Asset Management Ltd.,4723508,Traditional Investment Managers,0.08,United Kingdom
4121019,New York State Common Retirement Fund,4043174,Government Pension Sponsors,0.08,USA
4121019,New York State Teachers' Retirement System,4024165,Government Pension Sponsors,0.08,USA
4121019,Old West Investment Management LLC,4230918,Traditional Investment Managers,0.07,USA
4121019,Jerry Kent Masters Jr.,,Individuals/Insiders,0.07,China
4121019,Universal Investment GmbH,4630169,Traditional Investment Managers,0.07,Germany
4121019,Tidal Investments LLC,4338202,Traditional Investment Managers,0.07,USA
4121019,Voya Investment Management LLC,4048215,Traditional Investment Managers,0.07,USA
4121019,Brandywine Global Investment Management LLC,110295,Traditional Investment Managers,0.07,USA
4121019,PDT Partners LLC,4338363,Hedge Fund Managers (<5% stake),0.07,USA
4121019,Wealth High Governance Asset Management Ltda,109480890,Traditional Investment Managers,0.07,Brazil
4121019,State of Wisconsin Investment Board,4022450,Government Pension Sponsors,0.07,USA
4121019,Mariner LLC,4145924,Traditional Investment Managers,0.06,USA
4121019,Victory Capital Management Inc.,110674,Traditional Investment Managers,0.06,USA
4121019,Columbia Management Investment Advisers LLC,109789,Traditional Investment Managers,0.06,USA
4121019,Manulife Asset Management,5747632,Traditional Investment Managers,0.06,Canada
4121019,Global X Management (Aus) Ltd.,8365031,Traditional Investment Managers,0.06,Australia
4121019,STRS Ohio,4138856,Government Pension Sponsors,0.06,USA
4121019,Focus Partners Wealth LLC,4048984,Traditional Investment Managers,0.06,USA
4121019,Dorsey Wright & Associates LLC,4028811,Traditional Investment Managers,0.06,USA
4121019,ZKB Asset Management,5753419,Traditional Investment Managers,0.06,Switzerland
4121019,Allianz Global Investors U.S. LLC,4262519,Traditional Investment Managers,0.05,USA
4121019,Janney Montgomery Scott LLC,109355,Banks/Investment Banks,0.05,USA
4121019,Bank J. Safra Sarasin AG,4138267,Traditional Investment Managers,0.05,Switzerland
4121019,Walleye Capital LLC,5837967,Hedge Fund Managers (<5% stake),0.05,USA
4121019,IEQ Capital LLC,15092837,Traditional Investment Managers,0.05,USA
4121019,Quadrature Capital Limited,5866138,Hedge Fund Managers (<5% stake),0.05,United Kingdom
4121019,Greenline Partners LLC,4338213,Traditional Investment Managers,0.05,USA
4121019,Vontobel Asset Management Inc.,110470,Traditional Investment Managers,0.05,USA
4121019,TD Asset Management Inc.,4093616,Traditional Investment Managers,0.05,Canada
4121019,CTBC Securities Investment Trust Co. Ltd.,4241120,Traditional Investment Managers,0.05,Taiwan
4121019,Chevy Chase Trust Co.,4072617,Traditional Investment Managers,0.05,USA
4121019,PGIM Inc.,4119440,Traditional Investment Managers,0.05,USA
4121019,Brevan Howard Capital Management LP,4338027,Traditional Investment Managers,0.05,Jersey
4121019,Yousif Capital Management LLC,27861143,Traditional Investment Managers,0.05,USA
4121019,Amova Asset Management Co. Ltd.,4107954,,0.05,Japan
4121019,Counterpoint Mutual Funds LLC,4562830,Traditional Investment Managers,0.05,USA
4121019,State Of New Jersey Police And Firemen's Retirement System,15145549,Government Pension Sponsors,0.05,USA
4121019,&Partners LLC,109413,Traditional Investment Managers,0.05,USA
4121019,Argenta Bank- en Verzekeringsgroep nv,4242091,Traditional Investment Managers,0.04,Belgium
4121019,Kadensa Capital Ltd,7830442,Hedge Fund Managers (<5% stake),0.04,Hong Kong
4121019,Frontier Capital Management Co LLC,111287,Traditional Investment Managers,0.04,USA
4121019,Edgestream Partners L.P.,4320624,Hedge Fund Managers (<5% stake),0.04,USA
4121019,North Carolina Department of State Treasurer,7102056,State Owned Shares,0.04,USA
4121019,W. H. Reaves & Co. Inc.,109166,Traditional Investment Managers,0.04,USA
4121019,Cambridge Investment Research Advisors Inc.,4117795,Traditional Investment Managers,0.04,USA
4121019,Morgan Stanley Asia Ltd.,4222061,Traditional Investment Managers,0.04,Hong Kong
4121019,LBBW Asset Management Investment GmbH,4242466,Traditional Investment Managers,0.04,Germany
4121019,ClearArc Capital Inc.,4073490,Traditional Investment Managers,0.04,USA
4121019,NISA Investment Advisors LLC,110752,Traditional Investment Managers,0.04,USA
4121019,Sicart Associates LLC,4830350,Traditional Investment Managers,0.04,USA
4121019,Schonfeld Strategic Advisors LLC,4663442,Hedge Fund Managers (<5% stake),0.04,USA
4121019,BBVA Asset Management S.A. S.G.I.I.C,4138393,Traditional Investment Managers,0.04,Spain
4121019,American Century Investment Management Inc,111074,Traditional Investment Managers,0.04,USA
4121019,Commonwealth Equity Services LLC,4026737,Traditional Investment Managers,0.04,USA
4121019,SAVA INFOND druzba za upravljanje d.o.o.,4139244,Traditional Investment Managers,0.04,Slovenia
4121019,The Bank of Nova Scotia,100521,Traditional Investment Managers,0.04,Canada
4121019,Cetera Investment Advisers LLC,4115973,Traditional Investment Managers,0.04,USA
4121019,Fourth Swedish National Pension Fund (AP4),4140538,Government Pension Sponsors,0.04,Sweden
4121019,Marshall Wace LLP,4135104,Hedge Fund Managers (<5% stake),0.04,United Kingdom
4121019,Hotchkis & Wiley Capital Management LLC,111254,Traditional Investment Managers,0.04,USA
4121019,Cerity Partners LLC,4255907,Traditional Investment Managers,0.04,USA
4121019,RBC Dominion Securities Inc.,4056453,Banks/Investment Banks,0.04,Canada
4121019,BW Gestao de Investimentos Ltda.,4548258,Family Offices/Trusts,0.04,Brazil
4121019,Great Lakes Advisors LLC,111481,Traditional Investment Managers,0.04,USA
4121019,Merchbanc S.A. S.G.I.I.C,5758410,Traditional Investment Managers,0.04,Spain
4121019,Wealth High Governance Capital Ltda.,28702408,Traditional Investment Managers,0.04,Brazil
4121019,Jennison Associates LLC,109844,Traditional Investment Managers,0.04,USA
4121019,Tennessee Department of Treasury,8321131,State Owned Shares,0.04,USA
4121019,Sarasin & Partners LLP,4141040,Traditional Investment Managers,0.04,United Kingdom
4121019,BNY Mellon Advisors Inc.,4118652,Traditional Investment Managers,0.04,USA
4121019,New Jersey Division of Investment,4138462,Government Pension Sponsors,0.03,USA
4121019,Osaic Wealth Inc.,109232,Traditional Investment Managers,0.03,USA
4121019,SCS Capital Management LLC,4119698,Traditional Investment Managers,0.03,USA
4121019,CIBC World Markets Corp.,109323,Banks/Investment Banks,0.03,USA
4121019,Leonteq AG,4773635,Traditional Investment Managers,0.03,Switzerland
4121019,Bedell Frazier Investment Counselling LLC.,4027116,Traditional Investment Managers,0.03,USA
4121019,AXA Investment Managers UK Ltd.,4405395,Traditional Investment Managers,0.03,United Kingdom
4121019,Pinnacle Associates Ltd.,110322,Traditional Investment Managers,0.03,USA
4121019,Acadian Asset Management LLC,110495,Traditional Investment Managers,0.03,USA
4121019,Rockefeller & Co. LLC,4026892,Traditional Investment Managers,0.03,USA
4121019,Eric W. Norris,,Individuals/Insiders,0.03,China
4121019,Strategic Advisers LLC,4102073,Traditional Investment Managers,0.03,USA
4121019,"Federated Hermes, Inc.",110641,Traditional Investment Managers,0.03,USA
4121019,Netha N. Johnson Jr.,,Individuals/Insiders,0.03,China
4121019,PNC Financial Services Group Inc.,100406,Banks/Investment Banks,0.03,USA
4121019,WealthPLAN Partners LLC,4320477,Traditional Investment Managers,0.03,USA
4121019,Cathay Securities Investment Trust Co. LTD,4240614,Traditional Investment Managers,0.03,Taiwan
4121019,Ohio Public Employees Retirement System,4005755,Government Pension Sponsors,0.03,USA
4121019,Niche Asset Management Limited,13969643,Traditional Investment Managers,0.03,United Kingdom
4121019,Engineers Gate Manager LP,4562926,Hedge Fund Managers (<5% stake),0.03,USA
4121019,Moneta Group Investment Advisors LLC,3005846,Family Offices/Trusts,0.03,USA
4121019,Ceská Národní Banka,4235357,State Owned Shares,0.03,Czechia
4121019,Public Sector Pension Investment Board,4150190,Government Pension Sponsors,0.03,Canada
4121019,DJE Kapital AG,4212529,Traditional Investment Managers,0.03,Germany
4121019,Union Investment Management Group,14361979,Traditional Investment Managers,0.03,USA
4121019,Sir Capital Management L.P.,4226407,Hedge Fund Managers (<5% stake),0.03,USA
4121019,Bridgewater Associates LP,111192,Hedge Fund Managers (<5% stake),0.03,USA
4121019,Occidental Asset Management LLC,4413790,Traditional Investment Managers,0.03,USA
4121019,Arizona State Retirement System,4341361,Government Pension Sponsors,0.03,USA
4121019,DNB Asset Management AS,4343973,Traditional Investment Managers,0.03,Norway
4121019,Stanley-Laman Group Ltd.,4118668,Traditional Investment Managers,0.03,USA
4121019,Waratah Capital Advisors Ltd.,4555673,Hedge Fund Managers (<5% stake),0.03,Canada
4121019,New York Life Investment Management LLC,4073190,Traditional Investment Managers,0.03,USA
4121019,The State of Michigan Retirement Systems,5746518,Government Pension Sponsors,0.03,USA
4121019,Fideuram Asset Management Sgr,101449874,Traditional Investment Managers,0.03,Italy
4121019,Old North State Wealth Management LLC,4230756,Traditional Investment Managers,0.03,USA
4121019,Vanguard Investments Australia Ltd.,4138917,Traditional Investment Managers,0.03,Australia
4121019,Sumitomo Mitsui Trust Asset Management Co. Ltd.,4318240,Traditional Investment Managers,0.03,Japan
4121019,Creative Planning LLC,4117421,Traditional Investment Managers,0.02,USA
4121019,Goldman Sachs Towarzystwo Funduszy Inwestycyjnych SA,7786445,Traditional Investment Managers,0.02,Poland
4121019,"Wilmington Trust Company, Banking & Trust Investments",5781500,Banks/Investment Banks,0.02,USA
4121019,Lincoln Financial Investments Corp.,4119651,Traditional Investment Managers,0.02,USA
4121019,Wealth Enhancement Advisory Services LLC,4117722,Traditional Investment Managers,0.02,USA
4121019,Nationwide Fund Advisors,4087052,Traditional Investment Managers,0.02,USA
4121019,Neuberger Berman Investment Advisers LLC,109731,Traditional Investment Managers,0.02,USA
4121019,MetLife Investment Management LLC,4187546,Traditional Investment Managers,0.02,USA
4121019,HANSAINVEST Hanseatische Investment-GmbH,4425813,Traditional Investment Managers,0.02,Germany
4121019,J.P. Morgan Mansart Management Limited,5856158,Traditional Investment Managers,0.02,United Kingdom
4121019,CIBC Asset Management Inc.,4048742,Traditional Investment Managers,0.02,Canada
4121019,KLP Kapitalforvaltning AS,4138888,Traditional Investment Managers,0.02,Norway
4121019,Pennsylvania Public School Employees' Retirement System,4047402,Government Pension Sponsors,0.02,USA
4121019,Legacy Trust,11893276,Family Offices/Trusts,0.02,USA
4121019,BB&T Trust,5743773,Traditional Investment Managers,0.02,USA
4121019,Putnam LLC,26566323,Traditional Investment Managers,0.02,USA
4121019,Mercer Global Advisors Inc.,111511,Traditional Investment Managers,0.02,USA
4121019,Retirement Systems Of Alabama,4138194,Government Pension Sponsors,0.02,USA
4121019,Blue Edge Capital LLC,4388645,Traditional Investment Managers,0.02,USA
4121019,Goldman Sachs Wealth Services LP,4027098,Traditional Investment Managers,0.02,USA
4121019,Jane Street Group LLC,4437851,Traditional Investment Managers,0.02,USA
4121019,HighTower Advisors LLC,4222753,Traditional Investment Managers,0.02,USA
4121019,Corient Private Wealth LP,101288928,Traditional Investment Managers,0.02,USA
4121019,Boston Partners Global Investors Inc.,4158830,Traditional Investment Managers,0.02,USA
4121019,Mml Investors Services LLC Brokerage Investments,5858996,Insurance Companies,0.02,USA
4121019,Independent Advisor Alliance LLC,4421918,Traditional Investment Managers,0.02,USA
4121019,Waverly Advisors LLC,4118104,Traditional Investment Managers,0.02,USA
4121019,Deka Investment GmbH,4137912,Traditional Investment Managers,0.02,Germany
4121019,Portman Square Capital LLP,5813249,Hedge Fund Managers (<5% stake),0.02,United Kingdom
4121019,Quantbot Technologies LP,4280559,Hedge Fund Managers (<5% stake),0.02,USA
4121019,Pinkerton Wealth LLC,4037111,Traditional Investment Managers,0.02,USA
4121019,Scotiabank Global Banking and Markets Asset Management Division,5752951,Traditional Investment Managers,0.02,Canada
4121019,EPIQ Partners LLC,6676879,Traditional Investment Managers,0.02,USA
4121019,Regions Investment Management Inc.,4048459,Traditional Investment Managers,0.02,USA
4121019,Canadian Imperial Bank of Commerce,100515,Banks/Investment Banks,0.02,Canada
4121019,McMillan Office Inc.,4305229,Family Offices/Trusts,0.02,USA
4121019,Neo Ivy Capital Management LLC,7511087,Hedge Fund Managers (<5% stake),0.02,USA
4121019,Knuff & Co. LLC,11227331,Family Offices/Trusts,0.02,USA
4121019,CWA Asset Management Group LLC,4550962,Traditional Investment Managers,0.02,USA
4121019,Ethic Inc.,4669066,Traditional Investment Managers,0.02,USA
4121019,Comerica Bank,1004911,Traditional Investment Managers,0.02,USA
4121019,Amalgamated Bank's Trust & Investment Services Group,5751335,Traditional Investment Managers,0.02,USA
4121019,AHL Partners LLP,4539092,Hedge Fund Managers (<5% stake),0.02,United Kingdom
4121019,Parkway Wealth Management Group LLC,133113002,Traditional Investment Managers,0.02,USA
4121019,Sprott Inc.,4271661,Traditional Investment Managers,0.02,Canada
4121019,Howard Capital Management Inc.,109842,Family Offices/Trusts,0.02,USA
4121019,Howard Capital Management LLC,4049060,Traditional Investment Managers,0.02,USA
4121019,Utah Retirement Systems,4284141,Government Pension Sponsors,0.02,USA
4121019,Donald J. LaBauve Jr.,,Individuals/Insiders,0.02,China
4121019,Equitile Investments Ltd,8307279,Traditional Investment Managers,0.02,United Kingdom
4121019,XTX Markets Ltd.,4853822,Traditional Investment Managers,0.02,United Kingdom
4121019,Wellington Management Group LLP,4579014,Traditional Investment Managers,0.02,USA
4121019,Vanguard Personalized Indexing Management,13980941,Traditional Investment Managers,0.02,USA
4121019,Northwestern Mutual Wealth Management Co.,4054540,Traditional Investment Managers,0.02,USA
4121019,Y-Intercept (Hong Kong) Ltd.,11146742,Traditional Investment Managers,0.02,Hong Kong
4121019,Krane Funds Advisors LLC,4383779,Traditional Investment Managers,0.02,USA
4121019,Woodline Partners LP,13652109,Hedge Fund Managers (<5% stake),0.02,USA
4121019,Intermede Investment Partners Ltd.,5849830,Traditional Investment Managers,0.02,United Kingdom
4121019,Cavalier Investments LLC,4627242,Traditional Investment Managers,0.02,USA
4121019,Blue Capital Inc.,29232093,Family Offices/Trusts,0.02,USA
4121019,O'Shaughnessy Asset Management LLC,4166919,Traditional Investment Managers,0.02,USA
4121019,Wilmington Trust Investment Advisors Inc.,4026952,Traditional Investment Managers,0.02,USA
4121019,Brown Brothers Harriman & Co.,109183,Traditional Investment Managers,0.01,USA
4121019,Impax Asset Management Group Plc,4144879,Traditional Investment Managers,0.01,United Kingdom
4121019,Empowered Funds LLC,4556191,Traditional Investment Managers,0.01,USA
4121019,Voleon Capital Management LP,4251523,Hedge Fund Managers (<5% stake),0.01,USA
4121019,Daiwa Asset Management Co. Ltd.,4137704,Traditional Investment Managers,0.01,Japan
4121019,Kennondale Capital Management LLC,132981299,Traditional Investment Managers,0.01,#INVALID COMPANY ID
4121019,Erste Towarzystwo Funduszy Inwestycyjnych SA,4138111,Traditional Investment Managers,0.01,Poland
4121019,10X Investments (Pty) Ltd,5842278,Traditional Investment Managers,0.01,South Africa
4121019,NEOS Investment Management LLC,106567697,Traditional Investment Managers,0.01,USA
4121019,Sagefield Capital,14945846,Hedge Fund Managers (<5% stake),0.01,USA
4121019,INTECH Investment Management LLC,111528,Traditional Investment Managers,0.01,USA
4121019,La Banque Postale Asset Management,4139945,Traditional Investment Managers,0.01,France
4121019,Cornerstone Planning LLC,23232760,Traditional Investment Managers,0.01,USA
4121019,Eagle Bluffs Wealth Management LLC,19545927,Traditional Investment Managers,0.01,USA
4121019,BNPP Asset Management Holding,13582910,Traditional Investment Managers,0.01,France
4121019,Blackstone Inc.,4157397,VC/PE Firms (<5% stake),0.01,USA
4121019,Nuveen Investments Inc.,102757,Traditional Investment Managers,0.01,USA
4121019,Atria Investments Inc.,4186534,Traditional Investment Managers,0.01,USA
4121019,Entropy Technologies LP,106602149,Traditional Investment Managers,0.01,USA
4121019,Soltis Investment Advisors LLC,4318601,Traditional Investment Managers,0.01,USA
4121019,IHT Wealth Management LLC,4550921,Traditional Investment Managers,0.01,USA
4121019,Meiji Yasuda Life Insurance Co.,4005681,Corporate Pension Sponsors,0.01,Japan
4121019,Mason Street Advisors LLC,4111157,Insurance Companies,0.01,USA
4121019,Three Seasons Wealth,111449096,Family Offices/Trusts,0.01,USA
4121019,DEVK Asset Management GmbH,4420792,Traditional Investment Managers,0.01,Germany
4121019,"Medivalor, A.V. Agencia de Valores, S.A.",7609147,Traditional Investment Managers,0.01,Spain
4121019,JT Stratford LLC,4621949,Traditional Investment Managers,0.01,USA
4121019,Pathstone Family Office LLC,4255945,Family Offices/Trusts,0.01,USA
4121019,ING Bank NV,4092030,Structured Finance Pool Managers,0.01,Netherlands
4121019,Catalyst Funds Management Pty. Ltd.,29586471,Hedge Fund Managers (<5% stake),0.01,Australia
4121019,Healthcare of Ontario Pension Plan Trust Fund,9877883,Government Pension Sponsors,0.01,Canada
4121019,Numeric Investors LLC,110153,Hedge Fund Managers (<5% stake),0.01,USA
4121019,Manning & Napier Advisors LLC,110939,Traditional Investment Managers,0.01,USA
4121019,Caption Management LLC,7384223,Hedge Fund Managers (<5% stake),0.01,USA
4121019,Xponance Inc.,4034531,Traditional Investment Managers,0.01,USA
4121019,Naples Global Advisors LLC,4320250,Traditional Investment Managers,0.01,USA
4121019,Mackenzie Financial Corp.,106960,Traditional Investment Managers,0.01,Canada
4121019,U.S. Capital Wealth Advisors LLC,6516031,Traditional Investment Managers,0.01,USA
4121019,Oregon Public Employees Retirement Fund,4251507,Government Pension Sponsors,0.01,USA
4121019,Cove Private Wealth LLC,101296674,Traditional Investment Managers,0.01,USA
4121019,Smart Money Group LLC,4765418,Traditional Investment Managers,0.01,USA
4121019,Alejandro Daniel Wolff,,Individuals/Insiders,0.01,China
4121019,BNY Mellon ETF Investment Adviser LLC,19342220,Traditional Investment Managers,0.01,USA
4121019,Mary Lauren Brlas,,Individuals/Insiders,0.01,China
4121019,Allstate Investments LLC,6336348,Insurance Companies,0.01,USA
4121019,Caitong International Asset Management Co. Ltd,9337684,Traditional Investment Managers,0.01,Hong Kong
4121019,Resona Asset Management Co. Ltd.,4629378,Traditional Investment Managers,0.01,Japan
4121019,Landscape Capital Management LLC,4538918,Hedge Fund Managers (<5% stake),0.01,USA
4121019,Mutual of America Capital Management LLC,111168,Insurance Companies,0.01,USA
4121019,Creutz & Partners,4138332,Traditional Investment Managers,0.01,Luxembourg
4121019,PERA Colorado,4047991,Government Pension Sponsors,0.01,USA
4121019,Prelude Capital Management LLC,4134726,Hedge Fund Managers (<5% stake),0.01,USA
4121019,Kestra Advisory Services LLC,4679925,Traditional Investment Managers,0.01,USA
4121019,AMJ Financial Wealth Management LLC,11226113,Traditional Investment Managers,0.01,USA
4121019,UniSuper Management Pty. Ltd.,4214610,Traditional Investment Managers,0.01,Australia
4121019,Jacobi Capital Management LLC,4231303,Traditional Investment Managers,0.01,USA
4121019,Summit Trail Advisors LLC,4617168,Traditional Investment Managers,0.01,USA
4121019,Realta Investment Advisors Inc,4186456,Traditional Investment Managers,0.01,USA
4121019,Hershey Financial Advisers LLC,111741106,Traditional Investment Managers,0.01,USA
4121019,Taylor Hoffman Capital Management LLC,20875413,Traditional Investment Managers,0.01,USA
4121019,Great Wall Fund Management Co. Ltd.,4138760,Traditional Investment Managers,0.01,China
4121019,Monetta Financial Services Inc.,111401,Traditional Investment Managers,0.01,USA
4121019,Gerald A. Steiner,,Individuals/Insiders,0.01,China
4121019,First Sentier Investors (Australia) IM Ltd,4135241,Traditional Investment Managers,0.01,Australia
4121019,Teacher Retirement System of Texas,4139256,Government Pension Sponsors,0.01,USA
4121019,Allspring Global Investments LLC,110570,Traditional Investment Managers,0.01,USA
4121019,Alaska Retirement Management Board,4142680,Government Pension Sponsors,0.01,USA
4121019,GuideStone Capital Management LLC,4115935,Traditional Investment Managers,0.01,USA
4121019,Morgan Stanley Investment Management Inc.,109721,Traditional Investment Managers,0.01,USA
4121019,Arkadios Wealth Advisors LLC,7357690,Traditional Investment Managers,0.01,USA
4121019,Koss-Olinger Consulting LLC,4028162,Traditional Investment Managers,0.01,USA
4121019,Regatta Capital Group LLC,4218931,Traditional Investment Managers,0.01,USA
4121019,Peninsula Asset Management Inc,110345,Traditional Investment Managers,0.01,USA
4121019,Money Concepts International Inc.,4216148,Banks/Investment Banks,0.01,USA
4121019,Patton Fund Management Inc.,4117916,Hedge Fund Managers (<5% stake),0.01,USA
4121019,DBX Advisors LLC,4318598,Traditional Investment Managers,0.01,USA
4121019,SunAmerica Asset Management LLC,111097,Traditional Investment Managers,0.01,USA
4121019,Tower Research Capital Europe Limited,5818434,Banks/Investment Banks,0.01,United Kingdom
4121019,Point Windward Advisors Inc.,4119137,Traditional Investment Managers,0.01,USA
4121019,CapFinancial Partners LLC,4585255,Traditional Investment Managers,0.01,USA
4121019,Virginia Retirement System,4020850,Government Pension Sponsors,0.01,USA
4121019,Omega Global Investors Pty Ltd.,4318315,Traditional Investment Managers,0.01,Australia
4121019,Independent Financial Group LLC,4065531,Traditional Investment Managers,0.01,#INVALID COMPANY ID
4121019,Mitsubishi UFJ Asset Management (UK) Ltd.,4164925,Traditional Investment Managers,0.01,United Kingdom
4121019,Symphonia Società di Gestione del Risparmio SpA,5848328,Traditional Investment Managers,0.01,Italy
4121019,Readystate Asset Management LP,101276038,Hedge Fund Managers (<5% stake),0.01,USA
4121019,Level Wealth Management LLC,107552928,Traditional Investment Managers,0.01,USA
4121019,Parrish Capital LLC,120044509,Traditional Investment Managers,0.01,USA
4121019,United Capital Financial Advisors,4146337,Traditional Investment Managers,0.01,USA
4121019,Storebrand Asset Management AS,4336776,Traditional Investment Managers,0.01,Norway
4121019,A Priori Investment Management Llc,10066781,VC/PE Firms (<5% stake),0.01,USA
4121019,Merewether Investment Management LP,10223830,Hedge Fund Managers (<5% stake),0.01,USA
4121019,Eurizon Capital SGR SpA,4324456,Traditional Investment Managers,0.01,Italy
4121019,AIA Investment Management Private Limited,6594844,Traditional Investment Managers,0.01,Singapore
4121019,Triagen Wealth Management LLC,20282675,Traditional Investment Managers,0.01,USA
4121019,Rothschild Investment LLC,109478,Traditional Investment Managers,0.01,USA
4121019,Williamson Legacy Group LLC,105764139,Traditional Investment Managers,0.01,USA
4121019,Natixis SA,4077805,Banks/Investment Banks,0.01,France
4121019,Venerable Investment Advisers LLC,117285549,Hedge Fund Managers (<5% stake),0.01,USA
4121019,Prudent Man Advisors LLC,4037129,Traditional Investment Managers,0.01,USA
4121019,Dean L. Seavers,,Individuals/Insiders,0.01,China
4121019,Teachers' Retirement System of the State of Kentucky,4324992,Government Pension Sponsors,0.01,USA
4121019,Vontobel Asset Management SA,4825704,Traditional Investment Managers,0.01,Luxembourg
4121019,K.J. Harrison & Partners Inc.,4139212,Traditional Investment Managers,0.01,Canada
4121019,Rafferty Asset Management LLC,4037235,Traditional Investment Managers,0.01,USA
4121019,Cpc Advisors LLC,4027228,Traditional Investment Managers,0.01,USA
4121019,Swiss Life Asset Mgmt AG,4140617,Traditional Investment Managers,0.01,Switzerland
4121019,Norway Savings Asset Management Group,5801829,Family Offices/Trusts,0.01,Norway
4121019,Uncommon Cents Investing Inc.,9091776,Traditional Investment Managers,0.01,USA
4121019,NewEdge Advisors LLC,4556217,Traditional Investment Managers,0.01,USA
4121019,Integrated Wealth Concepts LLC,4785392,Traditional Investment Managers,0.01,USA
4121019,Jackson Creek Investment Advisors LLC,20284388,Traditional Investment Managers,0.01,USA
4121019,Northcrest Asset Management LLC,29155540,Traditional Investment Managers,0.01,USA
4121019,Argenta Asset Management NV Luxembourg Branch,4260241,Traditional Investment Managers,0.01,Luxembourg
4121019,Miller Global Investments LLC,10854337,Family Offices/Trusts,0.01,USA
4121019,GAMMA Investing LLC,26480935,Traditional Investment Managers,0.01,USA
4121019,Jones Kertz & Associates Inc.,4027966,Family Offices/Trusts,0.01,USA
4121019,Clear Street LLC,15038624,Banks/Investment Banks,0.01,USA
4121019,Leibman Financial Servces Inc.,108629926,Traditional Investment Managers,0.01,USA
4121019,Advisors Asset Management Inc.,4093038,Traditional Investment Managers,0.01,USA
4121019,SlateStone Wealth LLC,4937201,Traditional Investment Managers,0.01,USA
4121019,Cloverfields Capital Group LP,19863545,Traditional Investment Managers,0.01,USA
4121019,Charter Research & Investment Group Inc.,4119571,Traditional Investment Managers,0.01,USA
4121019,Oppenheimer Asset Management Inc.,110379,Traditional Investment Managers,0.01,USA
4121019,Arax Advisory Partners LLC,4145387,Traditional Investment Managers,0.01,USA
4121019,Universal-Investment-Luxembourg S.A. Niederlassung Frankfurt Am Main,16073228,Traditional Investment Managers,0.01,Germany
4121019,Twin Tree Management LP,4318557,Hedge Fund Managers (<5% stake),0.01,USA
4121019,Convergence Investment Partners LLC,4224273,Traditional Investment Managers,0.01,USA
4121019,Vinva Investment Management Ltd.,4397028,Hedge Fund Managers (<5% stake),0.01,Australia
4121019,Lazard Asset Management LLC,110386,Traditional Investment Managers,0.01,USA
4121019,The Retirement Planning Company of New England Inc.,4036107,Traditional Investment Managers,0.01,USA
4121019,Kovack Advisors Inc.,4118203,Traditional Investment Managers,0.01,USA
4121019,AXQ Capital LP,105908838,Hedge Fund Managers (<5% stake),0.01,USA
4121019,Norinchukin Zenkyoren Asset Management Co. Ltd.,4138513,Traditional Investment Managers,0.01,Japan
4121019,Clare Market Investments LLC,14335977,Traditional Investment Managers,0.01,USA
4121019,Keystone Financial Group LLC,4434810,Traditional Investment Managers,0.01,USA
4121019,Arrow Capital Management Inc.,4612971,Traditional Investment Managers,0.01,Canada
4121019,Aberdeen Group PLC,4145085,Traditional Investment Managers,0.01,United Kingdom
4121019,William Blair Investment Management LLC,4578628,Traditional Investment Managers,0.01,USA
4121019,Cresset Asset Management LLC,7324562,Traditional Investment Managers,0.01,USA
4121019,Diarmuid B. O'Connell,,Individuals/Insiders,0.01,China
4121019,The Glenmede Trust Company NA,4072625,Traditional Investment Managers,0.01,USA
4121019,Roffman Milller Associates Inc,4030178,Traditional Investment Managers,0.01,USA
4121019,The Ameriflex Group Inc.,19727203,Traditional Investment Managers,0.01,USA
4121019,Machina Capital SAS,5884686,Traditional Investment Managers,0.01,France
4121019,Pacer Advisors Inc.,4539004,Traditional Investment Managers,0.01,USA
4121019,Adams Natural Resources Fund Inc.,4783704,Traditional Investment Managers,0.01,USA
4121019,Greenleaf Trust NA,4032621,Traditional Investment Managers,0.01,USA
4121019,Mizuho Financial Group Inc.,4087990,Traditional Investment Managers,0.01,Japan
4121019,Desjardins Global Asset Management Inc.,4226520,Traditional Investment Managers,0.01,Canada
4121019,Inspire Investing LLC,4904663,Traditional Investment Managers,0.01,USA
4121019,Forty Three Eighteen Advisors LLC,117301104,Traditional Investment Managers,0.01,USA
4121019,Wells Fargo Investment Institute Inc.,4118400,Traditional Investment Managers,0.01,USA
4121019,Infrastructure Capital Advisors LLC,4556202,Traditional Investment Managers,0.01,USA
4121019,Compagnie de Gestion Privée du Patrimoine,4245888,Traditional Investment Managers,0.01,France
4121019,Anchor Capital (Pty) Ltd.,5852503,Traditional Investment Managers,0.01,South Africa
4121019,Jordan Park Group LLC,4975164,Traditional Investment Managers,0.01,USA
4121019,Merit Financial Group LLC,4205871,Traditional Investment Managers,0.01,USA
4121019,Meiji Yasuda Asset Management Co. Ltd.,4586390,Traditional Investment Managers,0.01,Japan
4121019,Two Sigma Securities LLC,4254077,Banks/Investment Banks,0.01,USA
4121019,Quent Capital LLC,20114757,Traditional Investment Managers,0.01,USA
4121019,Wilmington Trust NA,1024488,Banks/Investment Banks,0.01,USA
4121019,Fora Capital LLC,19547874,Hedge Fund Managers (<5% stake),0.01,USA
4121019,Leap Investments LP,19110619,Traditional Investment Managers,0.01,USA
4121019,Hartford Investment Management Co.,110221,Traditional Investment Managers,0.01,USA
4121019,Ensign Peak Advisors Inc.,4108901,Traditional Investment Managers,0.01,USA
4121019,La Caisse de dépôt et placement du Québec,110573,Government Pension Sponsors,0.01,Canada
4121019,Drh VermÖGensverwaltung GmbH,6989270,Traditional Investment Managers,0.01,Germany
4121019,Mystic Asset Management Inc.,4537714,Traditional Investment Managers,0.01,USA
4121019,Marex Group Ltd.,4853792,Banks/Investment Banks,0.01,United Kingdom
4121019,Recurrent Investment Advisors LLC,7357269,Traditional Investment Managers,0.01,USA
4121019,AIGEN Investment Management LP,11041042,Hedge Fund Managers (<5% stake),0.01,USA
4121019,Brown Advisory Inc.,4142541,Traditional Investment Managers,0.01,USA
4121019,Davidson Investment Advisors Inc.,110979,Traditional Investment Managers,0.01,USA
4121019,Bosera Asset Management Co. Ltd.,4329445,Traditional Investment Managers,0.01,China
4121019,CoreCommodity Management LLC,4134208,Traditional Investment Managers,0.01,USA
4121019,DZ Bank AG,4142663,Traditional Investment Managers,0.01,Germany
4121019,Laird Norton Tyee Trust Co.,4048290,Family Offices/Trusts,0.01,USA
4121019,BCV Asset Management,4138167,Traditional Investment Managers,0.01,Switzerland
4121019,Boothbay Fund Management LLC,4560909,Hedge Fund Managers (<5% stake),0.01,USA
4121019,amandea Vermögensverwaltung AG,6729479,Traditional Investment Managers,0.01,Germany
4121019,Bovay & Partenaires SA,5848043,Traditional Investment Managers,0.01,Switzerland
4121019,Louisiana State Employees' Retirement System,4142455,Government Pension Sponsors,0.01,USA
4121019,Thematica SA,9313998,Traditional Investment Managers,0.01,Switzerland
4121019,Park Avenue Securities LLC,4057426,Traditional Investment Managers,0.01,USA
4121019,Glenda J. Minor,,Individuals/Insiders,0.01,China
4121019,Maryland State Retirement and Pension System,4646668,Government Pension Sponsors,0,USA
4121019,Kristin Buchholz Coleman,,Individuals/Insiders,0,China
4121019,Focus Partners Advisor Solutions LLC,4134418,Traditional Investment Managers,0,USA
4121019,Wealthfront Corp.,13486437,Traditional Investment Managers,0,USA
4121019,Mark R. Mummert,,Individuals/Insiders,0,China
4121019,Benjamin Edwards Inc.,4247410,Traditional Investment Managers,0,USA
4121019,Concurrent Investment Advisors LLC,20208578,Traditional Investment Managers,0,USA
4121019,KeyBank NA,1007545,Banks/Investment Banks,0,USA
4121019,AMF Capital AG,4546465,Traditional Investment Managers,0,Germany
4121019,Sierra Summit Advisors LLC,113607650,Family Offices/Trusts,0,USA
4121019,KCM Investment Advisors LLC,4035145,Traditional Investment Managers,0,USA
4121019,WESPAC Advisors LLC,4034609,Traditional Investment Managers,0,USA
4121019,New Mexico Educational Retirement Board,4048488,Government Pension Sponsors,0,USA
4121019,James J. O’Brien,,Individuals/Insiders,0,China
4149660,Aluminum Corp. of China,4572195,Corporations (Private),11.23,China
4149660,BlackRock Inc.,4048287,Traditional Investment Managers,7.76,USA
4149660,State Street Global Advisors Inc.,110652,Traditional Investment Managers,4.18,USA
4149660,Australian Super Pty Ltd,4757367,Government Pension Sponsors,3.37,Australia
4149660,Vanguard Capital Management LLC,137764443,Traditional Investment Managers,2.65,USA
4149660,Norges Bank Investment Management,4138467,Sovereign Wealth Funds (<5% stake),1.77,Norway
4149660,UBS Asset Management AG,4674815,Traditional Investment Managers,1.67,Switzerland
4149660,FMR LLC,3000896,Traditional Investment Managers,1.57,USA
4149660,HSBC Global Asset Management (UK) Ltd.,4115698,Traditional Investment Managers,1.52,United Kingdom
4149660,JP Morgan Asset Management,110092,Traditional Investment Managers,1.45,USA
4149660,Fisher Asset Management LLC,111354,Traditional Investment Managers,1.39,USA
4149660,L&G - Asset Management Ltd.,4231356,Traditional Investment Managers,1.15,United Kingdom
4149660,JPMorgan Chase & Co.,100201,Banks/Investment Banks,1.12,USA
4149660,State Farm Mutual Automobile Insurance Co.,13959,Insurance Companies,1.05,USA
4149660,Vanguard Asset Management Ltd.,4723508,Traditional Investment Managers,0.96,United Kingdom
4149660,Amundi Asset Management SAS,4026948,Traditional Investment Managers,0.96,France
4149660,Geode Capital Management LLC,4119759,Traditional Investment Managers,0.91,USA
4149660,Schroder Investment Management Ltd.,4249110,Traditional Investment Managers,0.88,United Kingdom
4149660,Legal & General Investment Management Ltd.,4139862,Traditional Investment Managers,0.82,United Kingdom
4149660,Capital Research and Management Co.,111195,Traditional Investment Managers,0.81,USA
4149660,Aberdeen Group PLC,4145085,Traditional Investment Managers,0.79,United Kingdom
4149660,Vanguard Fiduciary Trust Co.,5752504,Traditional Investment Managers,0.76,USA
4149660,Rathbones Investment Management Ltd.,4115725,Traditional Investment Managers,0.69,United Kingdom
4149660,Vanguard Investments Australia Ltd.,4138917,Traditional Investment Managers,0.67,Australia
4149660,Mitsubishi UFJ Asset Management Co. Ltd.,4607441,Traditional Investment Managers,0.65,Japan
4149660,DZ Bank AG,4142663,Traditional Investment Managers,0.64,Germany
4149660,Dimensional Fund Advisors LP,111289,Traditional Investment Managers,0.62,USA
4149660,Commonwealth Bank Officers Superannuation Corp. Pty Ltd,5786329,Corporate Pension Sponsors,0.58,Australia
4149660,Massachusetts Financial Services Company,109763,Traditional Investment Managers,0.58,USA
4149660,Superannuation and Investments HoldCo Pty Ltd.,105695553,Traditional Investment Managers,0.57,Australia
4149660,Macquarie Investment Management Global Ltd.,4654230,Traditional Investment Managers,0.52,Australia
4149660,Perpetual Ltd.,4155715,Traditional Investment Managers,0.52,Australia
4149660,Barclays PLC,114508,Banks/Investment Banks,0.52,United Kingdom
4149660,Northern Trust Global Investments,4272373,Traditional Investment Managers,0.5,United Kingdom
4149660,IFM Investors Pty. Ltd.,4231404,Traditional Investment Managers,0.48,Australia
4149660,Hargreaves Lansdown Asset Management Ltd.,4219776,Traditional Investment Managers,0.46,United Kingdom
4149660,Rio Tinto Esop Trust,5775404,ESOP,0.44,United Kingdom
4149660,Charles Schwab Investment Management Inc.,4048695,Traditional Investment Managers,0.44,USA
4149660,Rabobank,4145124,Traditional Investment Managers,0.42,Netherlands
4149660,Janus Henderson Group Ltd.,4147331,Traditional Investment Managers,0.42,United Kingdom
4149660,Goldman Sachs Asset Management LP,110587,Traditional Investment Managers,0.41,USA
4149660,Silchester International Investors LLP,110834,Traditional Investment Managers,0.41,United Kingdom
4149660,Deutsche Asset & Wealth Management,111219,Traditional Investment Managers,0.4,USA
4149660,Strategic Advisers LLC,4102073,Traditional Investment Managers,0.4,USA
4149660,Commerzbank AG,113985,Banks/Investment Banks,0.38,Germany
4149660,Invesco Ltd.,103661,Traditional Investment Managers,0.37,USA
4149660,Harding Loevner LP,110879,Traditional Investment Managers,0.37,USA
4149660,Royal London Asset Management Ltd.,4138770,Traditional Investment Managers,0.36,United Kingdom
4149660,Franklin Resources Inc.,102719,Traditional Investment Managers,0.35,USA
4149660,UniSuper Ltd.,4480593,Corporate Pension Sponsors,0.33,Australia
4149660,SAFE Investment Co. Ltd.,4418711,Sovereign Wealth Funds (<5% stake),0.32,Hong Kong
4149660,Aviva Investors Global Services Ltd.,4376121,Traditional Investment Managers,0.32,United Kingdom
4149660,Bank Julius Bär & Co. AG,4056822,Traditional Investment Managers,0.31,Switzerland
4149660,Baillie Gifford & Co.,4026973,Traditional Investment Managers,0.29,United Kingdom
4149660,Deka Investment GmbH,4137912,Traditional Investment Managers,0.28,Germany
4149660,Swedbank Robur Fonder AB,4139866,Traditional Investment Managers,0.27,Sweden
4149660,Mirae Asset Global Investments Co. Ltd.,4256114,Traditional Investment Managers,0.26,South Korea
4149660,GIC Pte. Ltd.,4005446,Sovereign Wealth Funds (<5% stake),0.25,Singapore
4149660,Goldman Sachs Group Inc.,4039450,Traditional Investment Managers,0.24,USA
4149660,National Pension Service,4250467,Government Pension Sponsors,0.24,South Korea
4149660,RBC Europe Ltd.,4138204,Traditional Investment Managers,0.24,United Kingdom
4149660,Raymond James Wealth Management Ltd.,4235168,Traditional Investment Managers,0.23,United Kingdom
4149660,Fidelity International Ltd.,4020980,Traditional Investment Managers,0.23,Bermuda
4149660,Arrowstreet Capital Ltd. Partnership,4049161,Traditional Investment Managers,0.23,USA
4149660,CIBC Asset Management Inc.,4048742,Traditional Investment Managers,0.22,Canada
4149660,Man Group PLC,4040817,Hedge Fund Managers (<5% stake),0.22,United Kingdom
4149660,Palliser Capital (UK) Ltd.,28828715,Hedge Fund Managers (<5% stake),0.21,United Kingdom
4149660,Ninety One UK Ltd.,4138889,Traditional Investment Managers,0.21,United Kingdom
4149660,BMO Asset Management Corp.,109988,Traditional Investment Managers,0.2,USA
4149660,Morgan Stanley,103042,Banks/Investment Banks,0.2,USA
4149660,Schroder Investment Management North America Inc.,109872,Traditional Investment Managers,0.18,USA
4149660,Deutsche Bank AG,113830,Traditional Investment Managers,0.18,Germany
4149660,M&G Investment Management Ltd.,4048349,Traditional Investment Managers,0.18,United Kingdom
4149660,Netwealth Investments Ltd.,4212945,Traditional Investment Managers,0.18,Australia
4149660,Evelyn Partners Investment Management LLP,4570292,Traditional Investment Managers,0.18,United Kingdom
4149660,Citigroup Inc.,4041896,Banks/Investment Banks,0.18,USA
4149660,Grantham Mayo Van Otterloo & Co. LLC,110399,Traditional Investment Managers,0.18,USA
4149660,JM Finn & Co Ltd.,4648892,Traditional Investment Managers,0.17,United Kingdom
4149660,Columbia Management Investment Advisers LLC,109789,Traditional Investment Managers,0.17,USA
4149660,Van Eck Associates Corp.,109888,Traditional Investment Managers,0.17,USA
4149660,Allianz Asset Management GmbH,4208127,Traditional Investment Managers,0.17,Germany
4149660,Société Générale SA,113818,Banks/Investment Banks,0.16,France
4149660,ODDO BHF Asset Management SAS,4138488,,0.16,France
4149660,HBOS Investment Fund Managers Ltd.,7058800,Traditional Investment Managers,0.15,United Kingdom
4149660,T. Rowe Price Group Inc.,4055767,Traditional Investment Managers,0.15,USA
4149660,Neuberger Berman Investment Advisers LLC,109731,Traditional Investment Managers,0.15,USA
4149660,ClearBridge Investments LLC,4113062,Traditional Investment Managers,0.15,USA
4149660,Nordea Investment Management AB,4026994,Traditional Investment Managers,0.15,Sweden
4149660,Capfi Delen Asset Management NV,4439678,Traditional Investment Managers,0.15,Belgium
4149660,Canaccord Genuity Wealth (International) Ltd.,4857391,Traditional Investment Managers,0.15,Jersey
4149660,Quilter Cheviot Ltd.,4149461,Traditional Investment Managers,0.15,United Kingdom
4149660,Qube Research & Technologies Ltd.,9146348,Traditional Investment Managers,0.15,United Kingdom
4149660,N.F.U. Mutual Unit Managers Ltd.,4400207,Insurance Companies,0.15,United Kingdom
4149660,Argo Investments Ltd.,4137841,Traditional Investment Managers,0.14,Australia
4149660,Eaton Vance Management,109754,Traditional Investment Managers,0.14,USA
4149660,BetaShares Capital Ltd.,4578944,Traditional Investment Managers,0.14,Australia
4149660,Barclays Bank PLC,4041196,Traditional Investment Managers,0.14,United Kingdom
4149660,TrinityBridge Ltd.,4492849,Traditional Investment Managers,0.13,United Kingdom
4149660,Merrill Lynch Pierce Fenner & Smith Inc.,3006816,Banks/Investment Banks,0.13,USA
4149660,Australian Foundation Investment Co. Ltd.,4137838,Traditional Investment Managers,0.13,Australia
4149660,Magellan Investment Partners,4206857,Traditional Investment Managers,0.12,Australia
4149660,Eleva Capital LLP,4595466,Traditional Investment Managers,0.12,United Kingdom
4149660,Allan & Gill Gray Foundation,4658924,Charitable Foundations,0.12,South Africa
4149660,Pictet Asset Management Ltd.,111267,Traditional Investment Managers,0.12,United Kingdom
4149660,California Public Employees' Retirement System,4005175,Government Pension Sponsors,0.12,USA
4149660,BNP Paribas SA,3001689,Traditional Investment Managers,0.11,France
4149660,ING Groep NV,113837,Traditional Investment Managers,0.11,Netherlands
4149660,LGT Wealth Management UK LLP,4223012,Traditional Investment Managers,0.11,United Kingdom
4149660,Delen Investments,5757859,Traditional Investment Managers,0.11,Belgium
4149660,Lansdowne Partners Ltd.,4339647,Hedge Fund Managers (<5% stake),0.11,United Kingdom
4149660,Natixis Advisors LLC,4119727,Traditional Investment Managers,0.11,USA
4149660,Temasek Holdings (Pvt.) Ltd.,4138769,VC/PE Firms (<5% stake),0.11,Singapore
4149660,Edward Jones Trust Co.,1000525,Traditional Investment Managers,0.11,USA
4149660,Teachers Insurance and Annuity Association-College Retirement Equities Fund,4270330,Traditional Investment Managers,0.11,USA
4149660,RBC Global Asset Management Inc.,4281265,Traditional Investment Managers,0.1,Canada
4149660,Danske Bank A/S,4080954,Traditional Investment Managers,0.1,Denmark
4149660,LGT Capital Partners (FL) Ltd.,4139756,Traditional Investment Managers,0.1,Liechtenstein
4149660,West Yorkshire Pension Fund,4139641,Government Pension Sponsors,0.1,United Kingdom
4149660,Mutual Trust Pty. Ltd.,4393434,Family Offices/Trusts,0.1,Australia
4149660,ZKB Asset Management,5753419,Traditional Investment Managers,0.1,Switzerland
4149660,BNY Asset Management,4057506,Traditional Investment Managers,0.09,USA
4149660,Kuwait Investment Authority,4055370,Sovereign Wealth Funds (<5% stake),0.09,Kuwait
4149660,EARNEST Partners LLC,4104362,Traditional Investment Managers,0.09,USA
4149660,BNP Paribas Financial Markets SNC,4310789,Traditional Investment Managers,0.09,France
4149660,Wellington Management Group LLP,4579014,Traditional Investment Managers,0.09,USA
4149660,Lombard Odier Darier Hentsch & Cie Asset Management,5749063,Traditional Investment Managers,0.09,Switzerland
4149660,Aegon Asset Management UK Plc,4298314,Traditional Investment Managers,0.09,United Kingdom
4149660,Mercer Global Investments Europe Limited,5759394,Traditional Investment Managers,0.08,Ireland
4149660,Border To Coast Pensions Partnership Ltd.,10499632,Government Pension Sponsors,0.08,United Kingdom
4149660,ADG Verto Capital Management S.à.r.l.,100481170,Traditional Investment Managers,0.08,Luxembourg
4149660,Royal Bank of Canada,100522,Banks/Investment Banks,0.08,Canada
4149660,LBBW Asset Management Investment GmbH,4242466,Traditional Investment Managers,0.08,Germany
4149660,DJE Kapital AG,4212529,Traditional Investment Managers,0.08,Germany
4149660,Jupiter Fund Management PLC,4271664,Traditional Investment Managers,0.08,United Kingdom
4149660,Wells Fargo & Co.,100382,Banks/Investment Banks,0.08,USA
4149660,Interactive Brokers Group Inc.,4153870,Banks/Investment Banks,0.08,USA
4149660,Sumitomo Mitsui DS Asset Management Co. Ltd.,4140078,Traditional Investment Managers,0.08,Japan
4149660,Schroder Investment Mgmt (Singapore) Ltd.,4139955,Traditional Investment Managers,0.08,Singapore
4149660,American Century Investment Management Inc,111074,Traditional Investment Managers,0.07,USA
4149660,J O Hambro Capital Management Ltd.,4056595,Traditional Investment Managers,0.07,United Kingdom
4149660,Phoenix Group PLC,114675656,Corporations (Public),0.07,United Arab Emirates
4149660,The Toronto-Dominion Bank,100519,Traditional Investment Managers,0.07,Canada
4149660,Bank Pictet & Cie (Europe) AG,4138890,Traditional Investment Managers,0.07,Germany
4149660,Altshuler Shaham Ltd.,5755714,Traditional Investment Managers,0.07,Israel
4149660,Killik Asset Management,5763781,Traditional Investment Managers,0.07,United Kingdom
4149660,UniCredit SpA,4055762,Banks/Investment Banks,0.07,Italy
4149660,1832 Asset Management LP,4248288,Traditional Investment Managers,0.07,Canada
4149660,BBVA Asset Management S.A. S.G.I.I.C,4138393,Traditional Investment Managers,0.07,Spain
4149660,Artemis Investment Management LLP,5828077,Traditional Investment Managers,0.07,United Kingdom
4149660,IAG Asset Management Ltd.,4139108,Traditional Investment Managers,0.07,Australia
4149660,AXA Investment Managers UK Ltd.,4405395,Traditional Investment Managers,0.07,United Kingdom
4149660,ClearBridge Investment Management Ltd.,110891,Traditional Investment Managers,0.06,United Kingdom
4149660,Vontobel Asset Management AG,4138727,Traditional Investment Managers,0.06,Switzerland
4149660,Jane Street Group LLC,4437851,Traditional Investment Managers,0.06,USA
4149660,ING Solutions Investment Management S.A.,5851393,Traditional Investment Managers,0.06,Luxembourg
4149660,SG Americas Securities LLC,4092965,Banks/Investment Banks,0.06,USA
4149660,Handelsbanken Asset Management,4140470,Traditional Investment Managers,0.06,Sweden
4149660,National Bank of the Republic of Kazakhstan,4233720,State Owned Shares,0.06,Kazakhstan
4149660,Public Sector Pension Investment Board,4150190,Government Pension Sponsors,0.06,Canada
4149660,LLB Asset Management AG,4760049,Traditional Investment Managers,0.06,Liechtenstein
4149660,Wilson Asset Management (International) P,4139656,Traditional Investment Managers,0.06,Australia
4149660,Renaissance Technologies LLC,4048646,Hedge Fund Managers (<5% stake),0.06,USA
4149660,First Trust Advisors LP,4033550,Traditional Investment Managers,0.06,USA
4149660,SEI Investments Co.,102729,Traditional Investment Managers,0.06,USA
4149660,California State Teachers' Retirement System,4047959,Government Pension Sponsors,0.06,USA
4149660,U.S. Bancorp Asset Management Inc.,4073155,Traditional Investment Managers,0.06,USA
4149660,RBC Dominion Securities Inc.,4056453,Banks/Investment Banks,0.06,Canada
4149660,Sumitomo Mitsui Financial Group Inc.,4086518,Banks/Investment Banks,0.06,Japan
4149660,Korea Investment Corp.,4213799,Sovereign Wealth Funds (<5% stake),0.06,South Korea
4149660,Managed Account Advisors LLC,4187561,Traditional Investment Managers,0.06,USA
4149660,Todd Asset Management LLC,110634,Traditional Investment Managers,0.05,USA
4149660,Raymond James Financial Inc.,102771,Traditional Investment Managers,0.05,USA
4149660,Envestnet Asset Management Inc.,4072215,Traditional Investment Managers,0.05,USA
4149660,SAMA Foreign Holdings,5807369,Sovereign Wealth Funds (<5% stake),0.05,Saudi Arabia
4149660,Trade Republic Bank GmbH,10879397,Banks/Investment Banks,0.05,Germany
4149660,Bank J. Safra Sarasin AG,4138267,Traditional Investment Managers,0.05,Switzerland
4149660,Amundi Luxembourg S.A.,4765178,Traditional Investment Managers,0.05,Luxembourg
4149660,Peter & Lyndy White Foundation Pty Ltd,8386766,Charitable Foundations,0.05,Australia
4149660,SEB Funds AB,4256960,Traditional Investment Managers,0.05,Latvia
4149660,Natixis SA,4077805,Banks/Investment Banks,0.05,France
4149660,Pacer Advisors Inc.,4539004,Traditional Investment Managers,0.05,USA
4149660,BNPP Asset Management Holding,13582910,Traditional Investment Managers,0.05,France
4149660,CM-CIC Asset Management SA,4139024,Traditional Investment Managers,0.05,France
4149660,Cullen Capital Management LLC,4099072,Traditional Investment Managers,0.05,USA
4149660,BNP Paribas Securities Corp.,109247,Banks/Investment Banks,0.05,USA
4149660,EFG Bank AG,4147586,Banks/Investment Banks,0.05,Switzerland
4149660,Milford Asset Management LTD,4211891,Traditional Investment Managers,0.05,New Zealand
4149660,Australian United Investment Co. Ltd.,4137842,Traditional Investment Managers,0.05,Australia
4149660,Wesleyan Unit Trust Managers Ltd.,4139637,Traditional Investment Managers,0.05,United Kingdom
4149660,RREEF America L.L.C.,4048674,Traditional Investment Managers,0.04,USA
4149660,KBC Asset Management NV,4111901,Traditional Investment Managers,0.04,Belgium
4149660,Universal Investment GmbH,4630169,Traditional Investment Managers,0.04,Germany
4149660,London Wealth Management Ltd,7643180,Traditional Investment Managers,0.04,United Kingdom
4149660,Sjunde AP-fonden,4140101,Government Pension Sponsors,0.04,Sweden
4149660,City of Edinburgh Council,4609080,State Owned Shares,0.04,United Kingdom
4149660,DBX Advisors LLC,4318598,Traditional Investment Managers,0.04,USA
4149660,BPER Banca SpA,4219855,Traditional Investment Managers,0.04,Italy
4149660,flatexDEGIRO Bank AG,4316135,Banks/Investment Banks,0.04,Germany
4149660,Union Bancaire Privee Asset Management LLC,4118992,Traditional Investment Managers,0.04,USA
4149660,Nomura Asset Management Co. Ltd.,4048507,Traditional Investment Managers,0.04,Japan
4149660,Cecabank SA,4405893,Banks/Investment Banks,0.04,Spain
4149660,Aviva Investors UK Fund Services Limited,5746445,Traditional Investment Managers,0.04,United Kingdom
4149660,GWL Investment Management Ltd.,4048184,Traditional Investment Managers,0.04,Canada
4149660,Banque de Luxembourg SA,4138309,Traditional Investment Managers,0.04,Luxembourg
4149660,High Ground Investment Management LLP,19070475,Hedge Fund Managers (<5% stake),0.04,United Kingdom
4149660,Joh. Berenberg Gossler & Co. KG,4138286,Traditional Investment Managers,0.04,Germany
4149660,Lightman Investment Management Ltd.,13420158,Traditional Investment Managers,0.04,United Kingdom
4149660,Ceská Národní Banka,4235357,State Owned Shares,0.04,Czechia
4149660,JOHCM (USA) Inc,4398826,Traditional Investment Managers,0.04,USA
4149660,Quilter Investors Ltd.,4388424,Traditional Investment Managers,0.04,United Kingdom
4149660,RWC Partners Ltd.,4135098,Traditional Investment Managers,0.04,United Kingdom
4149660,Bank of America Corp.,100369,Banks/Investment Banks,0.04,USA
4149660,IOOF Investment Services Ltd.,4216451,Traditional Investment Managers,0.04,Australia
4149660,Canada Pension Plan Investment Board,4153483,Government Pension Sponsors,0.03,Canada
4149660,Candriam Société En Commandite Par Actions,4578989,Traditional Investment Managers,0.03,Luxembourg
4149660,Teachers' Retirement System of the State of Kentucky,4324992,Government Pension Sponsors,0.03,USA
4149660,Teacher Retirement System of Texas,4139256,Government Pension Sponsors,0.03,USA
4149660,AllianceBernstein LP,109806,Traditional Investment Managers,0.03,USA
4149660,NatWest Markets PLC,3002056,Traditional Investment Managers,0.03,United Kingdom
4149660,Adage Capital Management LP,4081046,Hedge Fund Managers (<5% stake),0.03,USA
4149660,VP Fund Solutions (Liechtenstein) AG,4782245,Traditional Investment Managers,0.03,Liechtenstein
4149660,Capital Advisors Inc.,4055201,Traditional Investment Managers,0.03,USA
4149660,New Jersey Division of Investment,4138462,Government Pension Sponsors,0.03,USA
4149660,LPL Financial LLC,4026057,Traditional Investment Managers,0.03,USA
4149660,Creative Planning LLC,4117421,Traditional Investment Managers,0.03,USA
4149660,United Nations (UN ) Investment Management Division,6789688,Government Pension Sponsors,0.03,USA
4149660,National Bank Investments Inc.,4575993,Traditional Investment Managers,0.03,Canada
4149660,Russell Investment Management LLC,111359,Traditional Investment Managers,0.03,USA
4149660,Nomura Holdings Inc.,4085931,Traditional Investment Managers,0.03,Japan
4149660,Abu Dhabi Investment Authority,4137795,Sovereign Wealth Funds (<5% stake),0.03,United Arab Emirates
4149660,La Mondiale Gestion D'actifs,5758168,Traditional Investment Managers,0.03,France
4149660,Sarasin & Partners LLP,4141040,Traditional Investment Managers,0.03,United Kingdom
4149660,GAM Holding AG,4056821,Traditional Investment Managers,0.03,Switzerland
4149660,BCEE Asset Management SA,4323357,Traditional Investment Managers,0.03,Luxembourg
4149660,Hudson River Trading LLC,4383268,Banks/Investment Banks,0.03,USA
4149660,LUKB Expert Fondsleitung AG,4139662,Traditional Investment Managers,0.03,Switzerland
4149660,Internationale Kapitalanlagegesellschaft Mit Beschränkter Haftung,4213761,Traditional Investment Managers,0.03,Germany
4149660,Saxo Bank A/S,4233769,Traditional Investment Managers,0.03,Denmark
4149660,Rathbones Asset Management Ltd.,4140567,,0.03,United Kingdom
4149660,Scalable Capital GmbH,19504165,Banks/Investment Banks,0.03,Germany
4149660,Trading 212 UK Ltd.,9159561,Banks/Investment Banks,0.03,United Kingdom
4149660,KLP Pensjonsforsikring AS,5757861,Government Pension Sponsors,0.03,Norway
4149660,Warburg Invest Kapitalanlage GmbH,4139610,Traditional Investment Managers,0.03,Germany
4149660,Pacific Heights Asset Management LLC,4115842,Traditional Investment Managers,0.03,USA
4149660,InsingerGilissen Asset Management NV,14953692,Traditional Investment Managers,0.03,Netherlands
4149660,Tredje AP-fonden,4139758,Government Pension Sponsors,0.03,Sweden
4149660,St. Galler Kantonalbank AG,4182942,Traditional Investment Managers,0.03,Switzerland
4149660,Bayview Asset Management Co. Ltd,4547617,Hedge Fund Managers (<5% stake),0.03,Japan
4149660,ABC Arbitrage Asset Management SA,4545294,Traditional Investment Managers,0.02,France
4149660,Manulife Asset Management,5747632,Traditional Investment Managers,0.02,Canada
4149660,SIGNAL IDUNA Asset Management GmbH,4547746,Traditional Investment Managers,0.02,Germany
4149660,Vermeer Investment Management Limited,5876506,Traditional Investment Managers,0.02,United Kingdom
4149660,Ruth Asset Management,11963653,Traditional Investment Managers,0.02,USA
4149660,Thrivent Investment Management Inc.,4102247,Traditional Investment Managers,0.02,USA
4149660,BNP Paribas Asset Management Europe,4784107,Traditional Investment Managers,0.02,France
4149660,Vanguard Global Advisers LLC,4337989,Traditional Investment Managers,0.02,USA
4149660,Fourth Swedish National Pension Fund (AP4),4140538,Government Pension Sponsors,0.02,Sweden
4149660,Mercer Investments LLC,4119790,Traditional Investment Managers,0.02,USA
4149660,IG Investment Management Ltd.,4005523,Traditional Investment Managers,0.02,Canada
4149660,PGIM Inc.,4119440,Traditional Investment Managers,0.02,USA
4149660,McInroy & Wood Limited,5753470,Traditional Investment Managers,0.02,United Kingdom
4149660,Eurizon Capital SGR SpA,4324456,Traditional Investment Managers,0.02,Italy
4149660,TD Asset Management Inc.,4093616,Traditional Investment Managers,0.02,Canada
4149660,Quintet Asset Management SA,4138868,Traditional Investment Managers,0.02,Luxembourg
4149660,Bank Negara Malaysia,4109058,State Owned Shares,0.02,Malaysia
4149660,Oregon Public Employees Retirement Fund,4251507,Government Pension Sponsors,0.02,USA
4149660,Invesco Capital Management LLC,4117611,Traditional Investment Managers,0.02,USA
4149660,Polar Capital Holdings PLC,4195225,Traditional Investment Managers,0.02,United Kingdom
4149660,BHF Trust Management Gesellschaft fur Vermogensverwaltung mbH,4209510,Traditional Investment Managers,0.02,Germany
4149660,Teachers' Retirement System of the State of Illinois,4295708,Government Pension Sponsors,0.02,USA
4149660,Raiffeisenlandesbank Oberösterreich AG,4213238,Banks/Investment Banks,0.02,Austria
4149660,ODDO BHF ASSET MANAGEMENT GmbH,4422379,Traditional Investment Managers,0.02,Germany
4149660,Brown Shipley & Co. Ltd.,4138407,Traditional Investment Managers,0.02,United Kingdom
4149660,Bankinter Gestion de Activos S.A. S.G.I.I.C.,4323005,Traditional Investment Managers,0.02,Spain
4149660,Victory Capital Management Inc.,110674,Traditional Investment Managers,0.02,USA
4149660,Macquarie Group Ltd.,4049169,Banks/Investment Banks,0.02,Australia
4149660,Asset Management One Co. Ltd.,4120033,Traditional Investment Managers,0.02,Japan
4149660,MEAG MUNICH ERGO Kapitalanlagegesellschaft mbH,4137909,Traditional Investment Managers,0.02,Germany
4149660,Kornitzer Capital Management Inc.,111010,Traditional Investment Managers,0.02,USA
4149660,STRS Ohio,4138856,Government Pension Sponsors,0.02,USA
4149660,Nykredit Portefølje Administration A/S,4556895,Traditional Investment Managers,0.02,Denmark
4149660,GAMCO Investors Inc.,4018163,Traditional Investment Managers,0.02,USA
4149660,Fisher Funds Management Ltd.,4137705,Traditional Investment Managers,0.02,New Zealand
4149660,Putnam LLC,26566323,Traditional Investment Managers,0.02,USA
4149660,Arbejdsmarkedets Tillægspension (Atp),6185335,Traditional Investment Managers,0.02,Denmark
4149660,Keskinäinen Eläkevakuutusyhtiö Ilmarinen,4264488,Insurance Companies,0.02,Finland
4149660,LGT Wealth Management Ltd.,4337594,Traditional Investment Managers,0.02,United Kingdom
4149660,Society of Lloyd's,4409796,Insurance Companies,0.02,United Kingdom
4149660,Degroof Petercam Asset Management,4377155,Traditional Investment Managers,0.02,Belgium
4149660,Barclays Investment Solutions Ltd.,4140526,Traditional Investment Managers,0.02,United Kingdom
4149660,Bayerische Landesbank,4048275,Traditional Investment Managers,0.02,Germany
4149660,Goldman Sachs Wealth Services LP,4027098,Traditional Investment Managers,0.02,USA
4149660,ABN AMRO Bank NV,4000991,Banks/Investment Banks,0.02,Netherlands
4149660,Mutual of America Capital Management LLC,111168,Insurance Companies,0.02,USA
4149660,Brewin Dolphin Wealth Management Ltd.,15005586,Traditional Investment Managers,0.02,Ireland
4149660,Citadel Advisors LLC,4252195,Hedge Fund Managers (<5% stake),0.02,USA
4149660,Allan Gray Australia Pty Ltd.,4321813,Traditional Investment Managers,0.02,Australia
4149660,New York Life Investment Management LLC,4073190,Traditional Investment Managers,0.02,USA
4149660,Oldenburgische Landesbank AG,4182744,Traditional Investment Managers,0.02,Germany
4149660,Oddo BHF Trust GmbH,13033925,Traditional Investment Managers,0.02,Germany
4149660,Penserra Capital Management LLC,4566684,Traditional Investment Managers,0.02,USA
4149660,BNY Mellon Advisors Inc.,4118652,Traditional Investment Managers,0.02,USA
4149660,State of Wisconsin Investment Board,4022450,Government Pension Sponsors,0.02,USA
4149660,SIX Group Ltd.,4245829,Banks/Investment Banks,0.02,Switzerland
4149660,Kingdom Holding Company,4226415,VC/PE Firms (<5% stake),0.02,Saudi Arabia
4149660,Easternmed Asset Management Services Ltd.,7719437,Traditional Investment Managers,0.01,Cyprus
4149660,Cidel Asset Management Inc.,4139706,Traditional Investment Managers,0.01,Canada
4149660,E. Öhman J:or Wealth Management,5762164,Traditional Investment Managers,0.01,Sweden
4149660,La Banque Postale Asset Management,4139945,Traditional Investment Managers,0.01,France
4149660,Notz Stucki,4157643,Traditional Investment Managers,0.01,Switzerland
4149660,Anchor Capital Advisors LLC,110954,Traditional Investment Managers,0.01,USA
4149660,Stifel Asset Management Corp.,5774712,Traditional Investment Managers,0.01,USA
4149660,Djerriwarrh Investments Ltd.,4137624,Traditional Investment Managers,0.01,Australia
4149660,Clartan Associés,4304424,Traditional Investment Managers,0.01,France
4149660,DNB Asset Management AS,4343973,Traditional Investment Managers,0.01,Norway
4149660,Mirabaud Asset Management Ltd.,4870942,Traditional Investment Managers,0.01,United Kingdom
4149660,St. James Place Investment Management Ltd.,4138925,Traditional Investment Managers,0.01,United Kingdom
4149660,INTECH Investment Management LLC,111528,Traditional Investment Managers,0.01,USA
4149660,Jennison Associates LLC,109844,Traditional Investment Managers,0.01,USA
4149660,Integrated Financial Arrangements plc,4221781,Banks/Investment Banks,0.01,United Kingdom
4149660,OP Varainhoito Oy,5767199,Traditional Investment Managers,0.01,Finland
4149660,Debeka Asset Management GmbH,10351221,Traditional Investment Managers,0.01,Germany
4149660,IG Group Holdings PLC,4147349,Banks/Investment Banks,0.01,United Kingdom
4149660,Voya Investment Management LLC,4048215,Traditional Investment Managers,0.01,USA
4149660,Fukoku Mutual Life Insurance Co.,4137542,Insurance Companies,0.01,Japan
4149660,Lazard Asset Management LLC,110386,Traditional Investment Managers,0.01,USA
4149660,Cartesio Inversiones S.G.I.I.C. S.A.,4206137,Traditional Investment Managers,0.01,Spain
4149660,Ramsey Crookall & Co. Ltd,7509874,Banks/Investment Banks,0.01,Isle of Man
4149660,Quantinno Capital Management LP,11227495,Traditional Investment Managers,0.01,USA
4149660,Oak Harvest Investment Services LLC,15094269,Traditional Investment Managers,0.01,USA
4149660,Teachers Retirement Systems of Alabama,4141204,Government Pension Sponsors,0.01,USA
4149660,Banque Internationale à Luxembourg SA,4190012,Traditional Investment Managers,0.01,Luxembourg
4149660,Frost Investment Advisors LLC,4219074,Traditional Investment Managers,0.01,USA
4149660,Kapan pensioner,4138993,Government Pension Sponsors,0.01,Sweden
4149660,SteelPeak Wealth LLC,4337842,Traditional Investment Managers,0.01,USA
4149660,Green Arrow Capital SGR SpA,5745911,VC/PE Firms (<5% stake),0.01,Italy
4149660,Dolmen Fund Management,5760038,Traditional Investment Managers,0.01,Ireland
4149660,Hargreaves Lansdown Fund Managers Ltd.,4607361,Traditional Investment Managers,0.01,United Kingdom
4149660,Global X Management (Aus) Ltd.,8365031,Traditional Investment Managers,0.01,Australia
4149660,Robeco (Schweiz) AG,6551991,Traditional Investment Managers,0.01,Switzerland
4149660,O'Shaughnessy Asset Management LLC,4166919,Traditional Investment Managers,0.01,USA
4149660,Marshall Wace LLP,4135104,Hedge Fund Managers (<5% stake),0.01,United Kingdom
4149660,Cetera Investment Advisers LLC,4115973,Traditional Investment Managers,0.01,USA
4149660,Mackenzie Financial Corp.,106960,Traditional Investment Managers,0.01,Canada
4149660,Nissay Asset Management Corp.,4116134,Traditional Investment Managers,0.01,Japan
4149660,Allspring Global Investments LLC,110570,Traditional Investment Managers,0.01,USA
4149660,Catalyst Funds Management Pty. Ltd.,29586471,Hedge Fund Managers (<5% stake),0.01,Australia
4149660,Baring Asset Management Ltd.,111272,Traditional Investment Managers,0.01,United Kingdom
4149660,Oppenheimer Asset Management Inc.,110379,Traditional Investment Managers,0.01,USA
4149660,Scotiabank Global Banking and Markets Asset Management Division,5752951,Traditional Investment Managers,0.01,Canada
4149660,SCS Capital Management LLC,4119698,Traditional Investment Managers,0.01,USA
4149660,New York State Common Retirement Fund,4043174,Government Pension Sponsors,0.01,USA
4149660,MAPFRE Asset Management,5782831,Traditional Investment Managers,0.01,Spain
4149660,AQR Capital Management LLC,4119538,Hedge Fund Managers (<5% stake),0.01,USA
4149660,Carlton Investments Ltd.,4212885,Traditional Investment Managers,0.01,Australia
4149660,Capricorn Fund Managers (Pty) Ltd.,4320445,Hedge Fund Managers (<5% stake),0.01,South Africa
4149660,GuideStone Capital Management LLC,4115935,Traditional Investment Managers,0.01,USA
4149660,AFH Independent Financial Services Limited,7794310,Traditional Investment Managers,0.01,United Kingdom
4149660,Bell Bank,1015418,Banks/Investment Banks,0.01,USA
4149660,WCM Investment Management LLC,110332,Traditional Investment Managers,0.01,USA
4149660,Capital Wealth Planning LLC,4255790,Traditional Investment Managers,0.01,USA
4149660,Greenline Partners LLC,4338213,Traditional Investment Managers,0.01,USA
4149660,Tidal Investments LLC,4338202,Traditional Investment Managers,0.01,USA
4149660,Amova Asset Management Co. Ltd.,4107954,,0.01,Japan
4149660,Mainstream Fund Services Pty. Ltd..,7796161,Traditional Investment Managers,0.01,Australia
4149660,Cohen & Steers Capital Management Inc.,111434,Traditional Investment Managers,0.01,USA
4149660,Architas Multi-Manager Europe Ltd.,5813728,Traditional Investment Managers,0.01,Ireland
4149660,Foresight Global Investors Inc.,4642250,Traditional Investment Managers,0.01,USA
4149660,Daiwa Asset Management Co. Ltd.,4137704,Traditional Investment Managers,0.01,Japan
4149660,International Fund Management SA,4798092,Traditional Investment Managers,0.01,Luxembourg
4149660,Commonwealth Equity Services LLC,4026737,Traditional Investment Managers,0.01,USA
4149660,Kapitalo Investimentos Ltda.,5822125,Hedge Fund Managers (<5% stake),0.01,Brazil
4149660,Segment Wealth Management LLC,4337908,Traditional Investment Managers,0.01,USA
4149660,Sanctuary Advisors LLC,4621992,Traditional Investment Managers,0.01,USA
4149660,Danske Capital Denmark,4137587,Traditional Investment Managers,0.01,Denmark
4149660,ClariVest Asset Management LLC,4134083,Traditional Investment Managers,0.01,USA
4149660,Azimut Capital Management Sgr SpA,4547194,Traditional Investment Managers,0.01,Italy
4149660,Rockefeller & Co. LLC,4026892,Traditional Investment Managers,0.01,USA
4149660,Old West Investment Management LLC,4230918,Traditional Investment Managers,0.01,USA
4149660,Moran Wealth Management LLC,23890076,Traditional Investment Managers,0.01,USA
4149660,Schroder Investment Management (Hong Kong) Ltd.,4139954,Traditional Investment Managers,0.01,Hong Kong
4149660,Schroder Investment Management (Japan) Ltd.,4296648,Traditional Investment Managers,0.01,Japan
4149660,Sumitomo Mitsui Trust Asset Management Co. Ltd.,4318240,Traditional Investment Managers,0.01,Japan
4149660,Matthews International Capital Management LLC,110787,Traditional Investment Managers,0.01,USA
4149660,Cambridge Investment Research Advisors Inc.,4117795,Traditional Investment Managers,0.01,USA
4149660,Bridgewater Associates LP,111192,Hedge Fund Managers (<5% stake),0.01,USA
4149660,Crestline Investors Inc,4326048,Hedge Fund Managers (<5% stake),0.01,USA
4149660,Davidson Investment Advisors Inc.,110979,Traditional Investment Managers,0.01,USA
4149660,QRG Capital Management Inc.,19932756,Traditional Investment Managers,0.01,USA
4149660,Groupama Asset Management SA,4140466,Traditional Investment Managers,0.01,France
4149660,Principal Global Investors LLC,4089114,Traditional Investment Managers,0.01,USA
4149660,Orion Portfolio Solutions LLC,4029888,Traditional Investment Managers,0.01,USA
4149660,Thomson Horstmann & Bryant Inc.,4026908,Traditional Investment Managers,0.01,USA
4149660,Curi Capital LLC,4117543,Traditional Investment Managers,0.01,USA
4149660,XTX Markets Ltd.,4853822,Traditional Investment Managers,0.01,United Kingdom
4149660,Horizon Investments LLC,4118373,Traditional Investment Managers,0.01,USA
4149660,Saturna Capital Corp.,113782,Traditional Investment Managers,0.01,USA
4149660,Deltroit Asset Management (UK) LLP,114818640,Family Offices/Trusts,0.01,United Kingdom
4149660,Salem Investment Counselors Inc.,111088,Traditional Investment Managers,0.01,USA
4149660,Naples Global Advisors LLC,4320250,Traditional Investment Managers,0.01,USA
4149660,LMR Partners LLP,4288845,Hedge Fund Managers (<5% stake),0.01,United Kingdom
4149660,Desjardins Global Asset Management Inc.,4226520,Traditional Investment Managers,0.01,Canada
4149660,Mariner LLC,4145924,Traditional Investment Managers,0.01,USA
4149660,Santander Private Banking Gestion S.A. S.G.I.I.C.,4581412,Traditional Investment Managers,0.01,Spain
4149660,Bragg Financial Advisors Inc.,4036799,Traditional Investment Managers,0.01,USA
4149660,Bold Baatar,,Individuals/Insiders,0.01,China
4149660,Osaic Wealth Inc.,109232,Traditional Investment Managers,0.01,USA
4149660,MetLife Investment Management LLC,4187546,Traditional Investment Managers,0.01,USA
4149660,Banque Pictet & Cie SA,4096982,Traditional Investment Managers,0.01,Switzerland
4149660,Y-Intercept (Hong Kong) Ltd.,11146742,Traditional Investment Managers,0.01,Hong Kong
4149660,J.M. Forbes & Co. LLP,4027459,Traditional Investment Managers,0.01,USA
4149660,Van Lanschot Kempen Investment Management NV,4138882,Traditional Investment Managers,0.01,Netherlands
4149660,HighTower Advisors LLC,4222753,Traditional Investment Managers,0.01,USA
4149660,Soltis Investment Advisors LLC,4318601,Traditional Investment Managers,0.01,USA
4149660,Wealth Enhancement Advisory Services LLC,4117722,Traditional Investment Managers,0.01,USA
4149660,Tower Research Capital Europe Limited,5818434,Banks/Investment Banks,0.01,United Kingdom
4149660,ATB Investment Management Inc.,4286133,Traditional Investment Managers,0.01,Canada
4149660,Connor Clark & Lunn Investment Management Ltd.,4035990,Traditional Investment Managers,0.01,Canada
4149660,Squarepoint OPS LLC,4572787,Hedge Fund Managers (<5% stake),0.01,USA
4149660,Waystone Management (UK) Ltd.,5834515,Traditional Investment Managers,0.01,United Kingdom
4149660,Addenda Capital Inc.,4999544,Traditional Investment Managers,0.01,Canada
4149660,Rothschild Asset Management,8276401,Traditional Investment Managers,0.01,France
4149660,Pacific Life Fund Advisors LLC,4188958,Traditional Investment Managers,0.01,USA
4149660,R.I. Vermögensbetreuung Ag,4222570,Traditional Investment Managers,0.01,Germany
4149660,Carson Wealth Management Group,5750365,Traditional Investment Managers,0.01,USA
4149660,Crossmark Global Investments Inc.,110354,Traditional Investment Managers,0.01,USA
4149660,Barometer Capital Management Inc.,4305081,Traditional Investment Managers,0.01,Canada
4149660,AGF Management Ltd.,4156964,Traditional Investment Managers,0.01,Canada
4149660,Janney Montgomery Scott LLC,109355,Banks/Investment Banks,0.01,USA
4149660,Union Asset Management Holding AG,4224292,Traditional Investment Managers,0,Germany
4149660,Canal Insurance Co.,11880,Insurance Companies,0,USA
4149660,Peter Lloyd Cunningham,,Individuals/Insiders,0,China
4149660,Osaic Advisory Services LLC,4560824,Traditional Investment Managers,0,USA
4149660,Cerity Partners LLC,4255907,Traditional Investment Managers,0,USA
4149660,NewEdge Advisors LLC,4556217,Traditional Investment Managers,0,USA
4149660,Employees Retirement System of Texas,4097767,Government Pension Sponsors,0,USA
4149660,LSV Asset Management,4026996,Traditional Investment Managers,0,USA
4149660,MD Financial Management Inc,4399282,Traditional Investment Managers,0,Canada
4149660,BB&T Trust,5743773,Traditional Investment Managers,0,USA
4149660,Consistent Unit Trust Management Co. Ltd.,4139368,Traditional Investment Managers,0,United Kingdom
4149660,Fora Capital LLC,19547874,Hedge Fund Managers (<5% stake),0,USA
4149660,Smartshares Ltd.,4139976,Traditional Investment Managers,0,New Zealand
4149660,Mml Investors Services LLC Brokerage Investments,5858996,Insurance Companies,0,USA
4149660,TLS Advisors LLC,6902537,Hedge Fund Managers (<5% stake),0,USA
4149660,AssetMark Inc.,4115833,Traditional Investment Managers,0,USA
4149660,OneAscent Investment Solutions LLC,4975401,Traditional Investment Managers,0,USA
4149660,Oxbow Advisors LLC,4339274,Traditional Investment Managers,0,USA
4149660,Gilman Hill Asset Management LLC,4187061,Traditional Investment Managers,0,USA
4149660,Goelzer Investment Management Inc.,4027484,Traditional Investment Managers,0,USA
4149660,Canadian Imperial Bank of Commerce,100515,Banks/Investment Banks,0,Canada
4149660,Moors & Cabot Inc.,4045946,Traditional Investment Managers,0,USA
4149660,GLG Partners Inc.,4189276,Hedge Fund Managers (<5% stake),0,USA
4149660,Vanneck Ltd,6234438,VC/PE Firms (<5% stake),0,United Kingdom
4149660,Stephens Capital Management,111198,Traditional Investment Managers,0,USA
4149660,Atria Investments Inc.,4186534,Traditional Investment Managers,0,USA
4149660,Blume Capital Management Inc.,4116470,Traditional Investment Managers,0,USA
4149660,Boston Partners Global Investors Inc.,4158830,Traditional Investment Managers,0,USA
4149660,Tokio Marine Asset Management Co. Ltd.,4139886,Traditional Investment Managers,0,Japan
4149660,Premier Fund Managers Ltd.,4138723,Traditional Investment Managers,0,United Kingdom
4149660,Jordan Park Group LLC,4975164,Traditional Investment Managers,0,USA
4149660,Russell Investment Management Ltd.,4279122,Traditional Investment Managers,0,Australia
4149660,Empower Capital Management LLC,4048185,Traditional Investment Managers,0,USA
4149660,Advisors Asset Management Inc.,4093038,Traditional Investment Managers,0,USA
4149660,A. Montag & Associates Inc.,4055210,Traditional Investment Managers,0,USA
4149660,Gescooperativo S.A. SGIIC,4139074,Traditional Investment Managers,0,Spain
4149660,Societe Generale Investment Solutions (Europe),5804824,Traditional Investment Managers,0,Luxembourg
4149660,Resona Asset Management Co. Ltd.,4629378,Traditional Investment Managers,0,Japan
4149660,Capital Investment Advisors LLC,4118290,Traditional Investment Managers,0,USA
4149660,&Partners LLC,109413,Traditional Investment Managers,0,USA
4149660,Uncommon Cents Investing Inc.,9091776,Traditional Investment Managers,0,USA
4149660,TransMarket Holdings LLC,6951285,Traditional Investment Managers,0,USA
4149660,Morgan Dempsey Capital Management LLC,4048458,Traditional Investment Managers,0,USA
4149660,Himension Capital (Singapore) Pte Ltd.,19400125,Traditional Investment Managers,0,Singapore
4149660,Lombard Odier Asset Management (Switzerland) SA,7060057,Traditional Investment Managers,0,Switzerland
4149660,Universal-Investment-Luxembourg S.A. Niederlassung Frankfurt Am Main,16073228,Traditional Investment Managers,0,Germany
4149660,Purpose Investments Inc.,4773761,Traditional Investment Managers,0,Canada
4149660,Fiduciary Trust Co. International,1006058,Traditional Investment Managers,0,USA
4149660,Cambria Investment Management L.P.,4272541,Traditional Investment Managers,0,USA
4149660,LMCG Investments LLC,4097381,Traditional Investment Managers,0,USA
4149660,National-Bank AG,4150521,Traditional Investment Managers,0,Germany
4149660,Vident Asset Management,4556203,Traditional Investment Managers,0,USA
4149660,Fédération des caisses Desjardins du Québec,4169610,Traditional Investment Managers,0,Canada
4149660,Callan Family Office LLC,101548481,Family Offices/Trusts,0,USA
4149660,Modera Wealth Management LLC,4276679,Traditional Investment Managers,0,USA
4149660,Morningstar Investment Management LLC,4117563,Traditional Investment Managers,0,USA
4149660,Northwestern Mutual Wealth Management Co.,4054540,Traditional Investment Managers,0,USA
4149660,Northwest Bancshares Inc.,1137118,Banks/Investment Banks,0,USA
4149660,QSM Asset Management Ltd.,114967050,Traditional Investment Managers,0,United Kingdom
4149660,Farallon Capital Management L.L.C.,4054577,Hedge Fund Managers (<5% stake),0,USA
4149660,Ausbil Investment Management Ltd.,4565421,Traditional Investment Managers,0,Australia
4149660,D.E. Shaw & Co. LP,109290,Hedge Fund Managers (<5% stake),0,USA
4149660,TrueMark Investments LLC,19746194,Traditional Investment Managers,0,USA
4149660,LGPS Central Limited,7108293,VC/PE Firms (<5% stake),0,United Kingdom
4149660,Leuthold Weeden Capital Management LLC,13908841,Traditional Investment Managers,0,USA
4149660,Susquehanna International Group LLP,4112715,Traditional Investment Managers,0,USA
4149660,Quaestio Capital Management SGR S.p.A Unipersonale,5842097,Traditional Investment Managers,0,Italy
4149660,DRW Holdings LLC,4209260,Traditional Investment Managers,0,USA
4149660,Liontrust Asset Management PLC,4139864,Traditional Investment Managers,0,United Kingdom
4149660,Fideuram Asset Management (Ireland) DAC,4140503,Traditional Investment Managers,0,Ireland
4149660,Brasada Capital Management LP,4388635,Hedge Fund Managers (<5% stake),0,USA
4162612,Nomura Asset Management Co. Ltd.,4048507,Traditional Investment Managers,6.25,Japan
4162612,BlackRock Inc.,4048287,Traditional Investment Managers,5.18,USA
4162612,Amova Asset Management Co. Ltd.,4107954,,3.1,Japan
4162612,MUFG Bank Ltd.,113817,Banks/Investment Banks,2.59,Japan
4162612,Daiwa Asset Management Co. Ltd.,4137704,Traditional Investment Managers,2.53,Japan
4162612,Vanguard Capital Management LLC,137764443,Traditional Investment Managers,2.1,USA
4162612,Sumitomo Mitsui Trust Asset Management Co. Ltd.,4318240,Traditional Investment Managers,1.84,Japan
4162612,Mitsubishi UFJ Asset Management Co. Ltd.,4607441,Traditional Investment Managers,1.8,Japan
4162612,JPMorgan Chase & Co.,100201,Banks/Investment Banks,1.41,USA
4162612,Sumitomo Mitsui Financial Group Inc.,4086518,Banks/Investment Banks,1.36,Japan
4162612,Mitsubishi UFJ Trust and Banking Corp.,4016429,Banks/Investment Banks,1.28,Japan
4162612,Kochi Shinkin Bank,4307752,Banks/Investment Banks,1.21,Japan
4162612,Norges Bank Investment Management,4138467,Sovereign Wealth Funds (<5% stake),1.07,Norway
4162612,Sumitomo Mitsui DS Asset Management Co. Ltd.,4140078,Traditional Investment Managers,1.07,Japan
4162612,Toyota Motor Corp.,114521,Corporations (Public),1.03,Japan
4162612,Asset Management One Co. Ltd.,4120033,Traditional Investment Managers,0.71,Japan
4162612,Dimensional Fund Advisors LP,111289,Traditional Investment Managers,0.69,USA
4162612,Vanguard Fiduciary Trust Co.,5752504,Traditional Investment Managers,0.65,USA
4162612,Geode Capital Management LLC,4119759,Traditional Investment Managers,0.63,USA
4162612,FMR LLC,3000896,Traditional Investment Managers,0.48,USA
4162612,Columbia Management Investment Advisers LLC,109789,Traditional Investment Managers,0.4,USA
4162612,JP Morgan Asset Management,110092,Traditional Investment Managers,0.4,USA
4162612,Sumitomo Mitsui Trust Bank Ltd. Retirement Benefit Trust,5798517,Corporate Pension Sponsors,0.39,Japan
4162612,Charles Schwab Investment Management Inc.,4048695,Traditional Investment Managers,0.35,USA
4162612,Vanguard Asset Management Ltd.,4723508,Traditional Investment Managers,0.28,United Kingdom
4162612,Nissay Asset Management Corp.,4116134,Traditional Investment Managers,0.27,Japan
4162612,Deutsche Asset & Wealth Management,111219,Traditional Investment Managers,0.25,USA
4162612,State Street Global Advisors Inc.,110652,Traditional Investment Managers,0.24,USA
4162612,Amundi Asset Management SAS,4026948,Traditional Investment Managers,0.24,France
4162612,BNY Asset Management,4057506,Traditional Investment Managers,0.23,USA
4162612,Massachusetts Financial Services Company,109763,Traditional Investment Managers,0.23,USA
4162612,UBS Asset Management AG,4674815,Traditional Investment Managers,0.21,Switzerland
4162612,Wellington Management Group LLP,4579014,Traditional Investment Managers,0.2,USA
4162612,Nordea Investment Management AB,4026994,Traditional Investment Managers,0.17,Sweden
4162612,Grantham Mayo Van Otterloo & Co. LLC,110399,Traditional Investment Managers,0.14,USA
4162612,Canada Pension Plan Investment Board,4153483,Government Pension Sponsors,0.14,Canada
4162612,Bessemer Investment Management LLC,4118993,Traditional Investment Managers,0.14,USA
4162612,Teachers Insurance and Annuity Association-College Retirement Equities Fund,4270330,Traditional Investment Managers,0.14,USA
4162612,Sjunde AP-fonden,4140101,Government Pension Sponsors,0.13,Sweden
4162612,Nomura Holdings Inc.,4085931,Traditional Investment Managers,0.12,Japan
4162612,Magellan Investment Partners,4206857,Traditional Investment Managers,0.11,Australia
4162612,HSBC Global Asset Management (UK) Ltd.,4115698,Traditional Investment Managers,0.11,United Kingdom
4162612,Invesco Ltd.,103661,Traditional Investment Managers,0.1,USA
4162612,Legal & General Investment Management Ltd.,4139862,Traditional Investment Managers,0.1,United Kingdom
4162612,Invesco Capital Management LLC,4117611,Traditional Investment Managers,0.08,USA
4162612,CTBC Securities Investment Trust Co. Ltd.,4241120,Traditional Investment Managers,0.08,Taiwan
4162612,Mercer Global Investments Europe Limited,5759394,Traditional Investment Managers,0.07,Ireland
4162612,Norinchukin Zenkyoren Asset Management Co. Ltd.,4138513,Traditional Investment Managers,0.07,Japan
4162612,Franklin Resources Inc.,102719,Traditional Investment Managers,0.07,USA
4162612,Goldman Sachs Asset Management LP,110587,Traditional Investment Managers,0.07,USA
4162612,Vanguard Investments Australia Ltd.,4138917,Traditional Investment Managers,0.07,Australia
4162612,AQR Capital Management LLC,4119538,Hedge Fund Managers (<5% stake),0.06,USA
4162612,Northern Trust Global Investments,4272373,Traditional Investment Managers,0.06,United Kingdom
4162612,Alpha Japan Asset Advisors,5781074,Traditional Investment Managers,0.06,Japan
4162612,Lazard Asset Management LLC,110386,Traditional Investment Managers,0.06,USA
4162612,Aberdeen Group PLC,4145085,Traditional Investment Managers,0.05,United Kingdom
4162612,SEI Investments Co.,102729,Traditional Investment Managers,0.05,USA
4162612,Architas Multi-Manager Europe Ltd.,5813728,Traditional Investment Managers,0.05,Ireland
4162612,CIBC Asset Management Inc.,4048742,Traditional Investment Managers,0.05,Canada
4162612,BMO Asset Management Corp.,109988,Traditional Investment Managers,0.05,USA
4162612,AXA Investment Managers UK Ltd.,4405395,Traditional Investment Managers,0.05,United Kingdom
4162612,American Century Investment Management Inc,111074,Traditional Investment Managers,0.04,USA
4162612,CaixaBank Asset Management SGIIC S.A.U.,4138997,Traditional Investment Managers,0.04,Spain
4162612,Schroder Investment Management Ltd.,4249110,Traditional Investment Managers,0.04,United Kingdom
4162612,GWL Investment Management Ltd.,4048184,Traditional Investment Managers,0.04,Canada
4162612,DBX Advisors LLC,4318598,Traditional Investment Managers,0.04,USA
4162612,Tokio Marine Asset Management Co. Ltd.,4139886,Traditional Investment Managers,0.04,Japan
4162612,Phoenix Unit Trust Managers Limited,7834181,Traditional Investment Managers,0.04,United Kingdom
4162612,Fideuram Asset Management (Ireland) DAC,4140503,Traditional Investment Managers,0.04,Ireland
4162612,Fidelity International Ltd.,4020980,Traditional Investment Managers,0.03,Bermuda
4162612,Payden & Rygel,110956,Traditional Investment Managers,0.03,USA
4162612,Ofi Invest Asset Management,108500035,Traditional Investment Managers,0.03,France
4162612,Resona Asset Management Co. Ltd.,4629378,Traditional Investment Managers,0.03,Japan
4162612,Matthews International Capital Management LLC,110787,Traditional Investment Managers,0.03,USA
4162612,First Trust Advisors LP,4033550,Traditional Investment Managers,0.03,USA
4162612,TD Asset Management Inc.,4093616,Traditional Investment Managers,0.03,Canada
4162612,Danske Bank A/S,4080954,Traditional Investment Managers,0.03,Denmark
4162612,Schroder Investment Management North America Inc.,109872,Traditional Investment Managers,0.02,USA
4162612,AllianceBernstein LP,109806,Traditional Investment Managers,0.02,USA
4162612,Lincoln Financial Investments Corp.,4119651,Traditional Investment Managers,0.02,USA
4162612,Vanguard Global Advisers LLC,4337989,Traditional Investment Managers,0.02,USA
4162612,KBC Asset Management NV,4111901,Traditional Investment Managers,0.02,Belgium
4162612,Global X Japan Co. Ltd.,20326442,Traditional Investment Managers,0.02,#INVALID COMPANY ID
4162612,Nationwide Fund Advisors,4087052,Traditional Investment Managers,0.02,USA
4162612,Shinkin Asset Management Co. Ltd.,4140062,Traditional Investment Managers,0.02,Japan
4162612,PGIM Inc.,4119440,Traditional Investment Managers,0.02,USA
4162612,KLP Kapitalforvaltning AS,4138888,Traditional Investment Managers,0.02,Norway
4162612,SBI Okasan Asset Management Co. Ltd.,4212947,Traditional Investment Managers,0.02,Japan
4162612,Desjardins Global Asset Management Inc.,4226520,Traditional Investment Managers,0.02,Canada
4162612,Resona Bank Ltd.,4294034,Traditional Investment Managers,0.02,Japan
4162612,Manulife Asset Management,5747632,Traditional Investment Managers,0.02,Canada
4162612,CI Global Asset Management,4114882,Traditional Investment Managers,0.02,Canada
4162612,Deka Investment GmbH,4137912,Traditional Investment Managers,0.02,Germany
4162612,Australian Super Pty Ltd,4757367,Government Pension Sponsors,0.02,Australia
4162612,Danske Capital Denmark,4137587,Traditional Investment Managers,0.01,Denmark
4162612,LSV Asset Management,4026996,Traditional Investment Managers,0.01,USA
4162612,Osmosis Investment Management LLP,7060956,Traditional Investment Managers,0.01,United Kingdom
4162612,BBK Gestion SGIIC SA,4138307,Traditional Investment Managers,0.01,Spain
4162612,Harbor Capital Advisors Inc.,111486,Traditional Investment Managers,0.01,USA
4162612,Voya Investment Management LLC,4048215,Traditional Investment Managers,0.01,USA
4162612,Walter Scott & Partners Ltd.,111119,Traditional Investment Managers,0.01,United Kingdom
4162612,BBVA Asset Management S.A. S.G.I.I.C,4138393,Traditional Investment Managers,0.01,Spain
4162612,Ichiro Kashitani,,Individuals/Insiders,0.01,China
4162612,Neuberger Berman Taiwan (SITE) Ltd,10098308,Traditional Investment Managers,0.01,Taiwan
4162612,BNP Paribas Asset Management Europe,4784107,Traditional Investment Managers,0.01,France
4162612,Empowered Funds LLC,4556191,Traditional Investment Managers,0.01,USA
4162612,SEB Funds AB,4256960,Traditional Investment Managers,0.01,Latvia
4162612,Los Angeles Capital Management LLC,4093311,Traditional Investment Managers,0.01,USA
4162612,Aviva Investors Global Services Ltd.,4376121,Traditional Investment Managers,0.01,United Kingdom
4162612,T. Rowe Price Group Inc.,4055767,Traditional Investment Managers,0.01,USA
4162612,Eurizon Capital SGR SpA,4324456,Traditional Investment Managers,0.01,Italy
4162612,Victory Capital Management Inc.,110674,Traditional Investment Managers,0.01,USA
4162612,Liontrust Asset Management PLC,4139864,Traditional Investment Managers,0.01,United Kingdom
4162612,Neuberger Berman Investment Advisers LLC,109731,Traditional Investment Managers,0.01,USA
4162612,GuideStone Capital Management LLC,4115935,Traditional Investment Managers,0.01,USA
4162612,Russell Investment Management LLC,111359,Traditional Investment Managers,0.01,USA
4162612,Pictet Asset Management Ltd.,111267,Traditional Investment Managers,0.01,United Kingdom
4162612,BetaShares Capital Ltd.,4578944,Traditional Investment Managers,0.01,Australia
4162612,Chugin Asset Management Co. Ltd.,4341249,Traditional Investment Managers,0.01,Japan
4162612,Mackenzie Financial Corp.,106960,Traditional Investment Managers,0.01,Canada
4162612,Thrivent Investment Management Inc.,4102247,Traditional Investment Managers,0.01,USA
4162612,Chibagin Asset Management Co. Ltd.,4341817,Traditional Investment Managers,0.01,Japan
4162612,"Hitachi Investment Management, Ltd.",5652844,Traditional Investment Managers,0.01,Japan
4162612,Arcus Investment Ltd.,4240498,Traditional Investment Managers,0.01,United Kingdom
4162612,Royal London Asset Management Ltd.,4138770,Traditional Investment Managers,0.01,United Kingdom
4162612,Hideyuki Iwamoto,,Individuals/Insiders,0.01,China
4162612,Strategic Advisers LLC,4102073,Traditional Investment Managers,0.01,USA
4162612,LGPS Central Limited,7108293,VC/PE Firms (<5% stake),0.01,United Kingdom
4162612,Universal-Investment-Luxembourg S.A. Niederlassung Frankfurt Am Main,16073228,Traditional Investment Managers,0.01,Germany
4162612,Lombard Odier Asset Management (Switzerland) SA,7060057,Traditional Investment Managers,0.01,Switzerland
4162612,Zürcher Kantonalbank,4150758,Banks/Investment Banks,0.01,Switzerland
4162612,Hiroshi Tominaga,,Individuals/Insiders,0.01,China
4162612,New York Life Investment Management LLC,4073190,Traditional Investment Managers,0.01,USA
4162612,1832 Asset Management LP,4248288,Traditional Investment Managers,0.01,Canada
4162612,Russell Investment Group (Japan),4139851,Traditional Investment Managers,0,Japan
4162612,MetLife Investment Management LLC,4187546,Traditional Investment Managers,0,USA
4162612,Asahi Life Asset Management Co. Ltd.,4138124,Traditional Investment Managers,0,Japan
4162612,Eaton Vance Management,109754,Traditional Investment Managers,0,USA
4162612,Schroder Investment Management (Japan) Ltd.,4296648,Traditional Investment Managers,0,Japan
4162612,Toshimitsu Imai,,Individuals/Insiders,0,China
4162612,Van Eck Associates Corp.,109888,Traditional Investment Managers,0,USA
4162612,CSOP Asset Management Ltd.,4408592,Traditional Investment Managers,0,Hong Kong
4162612,Horizon Investments LLC,4118373,Traditional Investment Managers,0,USA
4162612,MD Financial Management Inc,4399282,Traditional Investment Managers,0,Canada
4162612,Tatsuya Watanuki,,Individuals/Insiders,0,China
4162612,Nobuhiko Murakami,,Individuals/Insiders,0,China
4162612,Lion Global Investors Ltd.,4139819,Traditional Investment Managers,0,Singapore
4162612,Pacific Investment Management Co. LLC,109687,Traditional Investment Managers,0,USA
4162612,BEA Union Investment Management Ltd.,4208762,Traditional Investment Managers,0,Hong Kong
4162612,Baillie Gifford & Co.,4026973,Traditional Investment Managers,0,United Kingdom
4162612,Lombard Odier Asset Management (Europe) Ltd.,4289501,Traditional Investment Managers,0,United Kingdom
4162612,Purpose Investments Inc.,4773761,Traditional Investment Managers,0,Canada
4162612,Janus Henderson Group Ltd.,4147331,Traditional Investment Managers,0,United Kingdom
4162612,Allspring Global Investments LLC,110570,Traditional Investment Managers,0,USA
4162612,Anima SGR SpA,4137693,Traditional Investment Managers,0,Italy
4162612,Empower Capital Management LLC,4048185,Traditional Investment Managers,0,USA
4162612,Degroof Petercam Asset Management,4377155,Traditional Investment Managers,0,Belgium
4162612,Artisan Partners LP,4244140,Traditional Investment Managers,0,USA
4162612,RBC Global Asset Management Inc.,4281265,Traditional Investment Managers,0,Canada
4162612,Pzena Investment Management Inc.,4162576,Traditional Investment Managers,0,USA
4162612,Yuanta Securities Investment Trust Co. Ltd.,4216438,Traditional Investment Managers,0,Taiwan
4162612,Martin Maurel Gestion SA,4137938,Traditional Investment Managers,0,France
4162612,T&D Asset Management Co. Ltd.,4139837,Traditional Investment Managers,0,Japan
4162612,Azimut Capital Management Sgr SpA,4547194,Traditional Investment Managers,0,Italy
4162612,Toyota Industries Corp.,4572202,Corporations (Public),0,Japan
4162612,Tangerine Investment Management Inc.,4432074,Traditional Investment Managers,0,Canada
4162612,BOCI-Prudential Asset Management Ltd.,4138118,Traditional Investment Managers,0,Hong Kong
4162612,Wilmington Funds Management Corp.,4026915,Traditional Investment Managers,0,USA
4162612,ABN AMRO Investment Solutions SA,4260136,Traditional Investment Managers,0,France
4162612,CGS International Securities Singapore Pte. Ltd.,4273041,Traditional Investment Managers,0,Singapore
4162612,Danske Capital AB,5779571,Traditional Investment Managers,0,Sweden
4162612,First Pvt. Investment Management KAGmbH,4139222,Traditional Investment Managers,0,Germany
4162612,Green Arrow Capital SGR SpA,5745911,VC/PE Firms (<5% stake),0,Italy
4162612,Yukari Inoue,,Individuals/Insiders,0,China
4162612,Kentaro Hayashi,,Individuals/Insiders,0,China
4162612,Wespath Institutional Investments LLC,5842545,Traditional Investment Managers,0,USA
4162612,Vident Asset Management,4556203,Traditional Investment Managers,0,USA
4162612,Richard Bernstein Advisors LLC,4272554,Traditional Investment Managers,0,USA
4162612,Meiji Yasuda Asset Management Co. Ltd.,4586390,Traditional Investment Managers,0,Japan
4162612,Kazumasa Miyazaki,,Individuals/Insiders,0,China
4162612,Dws (CH),106302708,Traditional Investment Managers,0,Switzerland
4162612,Acadian Asset Management LLC,110495,Traditional Investment Managers,0,USA
4162612,SunAmerica Asset Management LLC,111097,Traditional Investment Managers,0,USA
4162612,Causeway Capital Management LLC,4095848,Traditional Investment Managers,0,USA
4162612,Simplify Asset Management Inc.,22792340,Traditional Investment Managers,0,USA
4162612,EARNEST Partners LLC,4104362,Traditional Investment Managers,0,USA
4162612,Simplex Asset Management Co. Ltd.,6422826,Traditional Investment Managers,0,Japan
4162612,Pacer Advisors Inc.,4539004,Traditional Investment Managers,0,USA
4162612,Swedbank Investeerimisfondid AS,4325282,Traditional Investment Managers,0,Estonia
4162612,Swiss Rock Asset Management AG,4251516,Traditional Investment Managers,0,Switzerland
4162612,Sanlam Investment Management (Pty.) Ltd.,4672091,,0,South Africa
4162612,Jennison Associates LLC,109844,Traditional Investment Managers,0,USA
4162612,Global Systematic Investors LLP,5834897,Traditional Investment Managers,0,United Kingdom
4162612,Fulcrum Asset Management LLP,4135122,Hedge Fund Managers (<5% stake),0,United Kingdom
4162612,Swiss Life Asset Mgmt AG,4140617,Traditional Investment Managers,0,Switzerland
4162612,Cathay Securities Investment Trust Co. LTD,4240614,Traditional Investment Managers,0,Taiwan
4162612,Mirae Asset Global Investments Co. Ltd.,4256114,Traditional Investment Managers,0,South Korea
4162612,Arrowstreet Capital Ltd. Partnership,4049161,Traditional Investment Managers,0,USA
4162612,Capital Investment Trust Corp.,4225018,Traditional Investment Managers,0,Taiwan
4162612,Macquarie Investment Management Global Ltd.,4654230,Traditional Investment Managers,0,Australia
4162612,Mercer Investments LLC,4119790,Traditional Investment Managers,0,USA
4162612,Mawer Investment Management Ltd.,4141297,Traditional Investment Managers,0,Canada
4162612,National Bank Investments Inc.,4575993,Traditional Investment Managers,0,Canada
4162612,Penn Mutual Asset Management LLC,4037402,Traditional Investment Managers,0,USA
4162612,Pure Capital S.A.,7798701,Traditional Investment Managers,0,Luxembourg
4162612,Driehaus Capital Management LLC,111537,Traditional Investment Managers,0,USA
4162612,GAM Holding AG,4056821,Traditional Investment Managers,0,Switzerland
4162612,Brighthouse Investment Advisers LLC,4119728,Insurance Companies,0,USA
4162612,Hang Seng Investment Management Ltd.,4138797,Traditional Investment Managers,0,Hong Kong
4162612,Munich Re Investment Partners GmbH,27786385,Traditional Investment Managers,0,Germany
4162612,Russell Investments Ltd.,17501722,Banks/Investment Banks,0,United Kingdom
4162612,Kazuya Kawashima,,Individuals/Insiders,0,China
4162612,Morgan Stanley Investment Management Inc.,109721,Traditional Investment Managers,0,USA
4162612,Putnam LLC,26566323,Traditional Investment Managers,0,USA
4162612,Mondrian Investment Partners Ltd.,110427,Traditional Investment Managers,0,United Kingdom
4162612,Mediolanum International Funds Ltd.,4225041,Traditional Investment Managers,0,Ireland
4162612,European And Global Advisers LLP,10346719,Traditional Investment Managers,0,United Kingdom
4162612,HC Capital Solutions,5816131,Traditional Investment Managers,0,USA
4162612,Towarzystwo Funduszy Inwestycyjnych PZU SA,4378744,Traditional Investment Managers,0,Poland
4162612,Goro Yamaguchi,,Individuals/Insiders,0,China
4162612,Tidal Investments LLC,4338202,Traditional Investment Managers,0,USA
4162612,Innovator Capital Management LLC,4975908,Traditional Investment Managers,0,USA
4162612,ProShare Advisors LLC,4153606,Traditional Investment Managers,0,USA
4162612,Putnam Fiduciary Trust Co.,1015222,Traditional Investment Managers,0,USA
4162612,Legal & General Investment Management Limited,27267005,Traditional Investment Managers,0,Ireland
4162612,Assenagon Asset Management S.A.,5805166,Traditional Investment Managers,0,Luxembourg
4162612,Candriam Société En Commandite Par Actions,4578989,Traditional Investment Managers,0,Luxembourg
4162612,WisdomTree Asset Management Inc.,4145691,Traditional Investment Managers,0,USA
4162612,AXA Investment Managers SA,4144380,Traditional Investment Managers,0,France
4162612,E Fund Management Co. Ltd.,4137681,Traditional Investment Managers,0,China
4162612,Wilshire Advisors LLC,4048818,Traditional Investment Managers,0,USA
4162612,Baring Asset Management Ltd.,111272,Traditional Investment Managers,0,United Kingdom
4162612,Wasatch Advisors LP,111240,Traditional Investment Managers,0,USA
4162612,Segall Bryant & Hamill LLC,110793,Traditional Investment Managers,0,USA
4162612,Vanguard Group Inc.,109776,Traditional Investment Managers,0,USA
4162612,BNP Paribas Financial Markets SNC,4310789,Traditional Investment Managers,-0.33,France
4149660,Aluminum Corp. of China,4572195,Corporations (Private),11.23,China
4149660,BlackRock Inc.,4048287,Traditional Investment Managers,7.76,USA
4149660,State Street Global Advisors Inc.,110652,Traditional Investment Managers,4.18,USA
4149660,Australian Super Pty Ltd,4757367,Government Pension Sponsors,3.37,Australia
4149660,Vanguard Capital Management LLC,137764443,Traditional Investment Managers,2.65,USA
4149660,Norges Bank Investment Management,4138467,Sovereign Wealth Funds (<5% stake),1.77,Norway
4149660,UBS Asset Management AG,4674815,Traditional Investment Managers,1.67,Switzerland
4149660,FMR LLC,3000896,Traditional Investment Managers,1.57,USA
4149660,HSBC Global Asset Management (UK) Ltd.,4115698,Traditional Investment Managers,1.52,United Kingdom
4149660,JP Morgan Asset Management,110092,Traditional Investment Managers,1.45,USA
4149660,Fisher Asset Management LLC,111354,Traditional Investment Managers,1.39,USA
4149660,L&G - Asset Management Ltd.,4231356,Traditional Investment Managers,1.15,United Kingdom
4149660,JPMorgan Chase & Co.,100201,Banks/Investment Banks,1.12,USA
4149660,State Farm Mutual Automobile Insurance Co.,13959,Insurance Companies,1.05,USA
4149660,Vanguard Asset Management Ltd.,4723508,Traditional Investment Managers,0.96,United Kingdom
4149660,Amundi Asset Management SAS,4026948,Traditional Investment Managers,0.96,France
4149660,Geode Capital Management LLC,4119759,Traditional Investment Managers,0.91,USA
4149660,Schroder Investment Management Ltd.,4249110,Traditional Investment Managers,0.88,United Kingdom
4149660,Legal & General Investment Management Ltd.,4139862,Traditional Investment Managers,0.82,United Kingdom
4149660,Capital Research and Management Co.,111195,Traditional Investment Managers,0.81,USA
4149660,Aberdeen Group PLC,4145085,Traditional Investment Managers,0.79,United Kingdom
4149660,Vanguard Fiduciary Trust Co.,5752504,Traditional Investment Managers,0.76,USA
4149660,Rathbones Investment Management Ltd.,4115725,Traditional Investment Managers,0.69,United Kingdom
4149660,Vanguard Investments Australia Ltd.,4138917,Traditional Investment Managers,0.67,Australia
4149660,Mitsubishi UFJ Asset Management Co. Ltd.,4607441,Traditional Investment Managers,0.65,Japan
4149660,DZ Bank AG,4142663,Traditional Investment Managers,0.64,Germany
4149660,Dimensional Fund Advisors LP,111289,Traditional Investment Managers,0.62,USA
4149660,Commonwealth Bank Officers Superannuation Corp. Pty Ltd,5786329,Corporate Pension Sponsors,0.58,Australia
4149660,Massachusetts Financial Services Company,109763,Traditional Investment Managers,0.58,USA
4149660,Superannuation and Investments HoldCo Pty Ltd.,105695553,Traditional Investment Managers,0.57,Australia
4149660,Macquarie Investment Management Global Ltd.,4654230,Traditional Investment Managers,0.52,Australia
4149660,Perpetual Ltd.,4155715,Traditional Investment Managers,0.52,Australia
4149660,Barclays PLC,114508,Banks/Investment Banks,0.52,United Kingdom
4149660,Northern Trust Global Investments,4272373,Traditional Investment Managers,0.5,United Kingdom
4149660,IFM Investors Pty. Ltd.,4231404,Traditional Investment Managers,0.48,Australia
4149660,Hargreaves Lansdown Asset Management Ltd.,4219776,Traditional Investment Managers,0.46,United Kingdom
4149660,Rio Tinto Esop Trust,5775404,ESOP,0.44,United Kingdom
4149660,Charles Schwab Investment Management Inc.,4048695,Traditional Investment Managers,0.44,USA
4149660,Rabobank,4145124,Traditional Investment Managers,0.42,Netherlands
4149660,Janus Henderson Group Ltd.,4147331,Traditional Investment Managers,0.42,United Kingdom
4149660,Goldman Sachs Asset Management LP,110587,Traditional Investment Managers,0.41,USA
4149660,Silchester International Investors LLP,110834,Traditional Investment Managers,0.41,United Kingdom
4149660,Deutsche Asset & Wealth Management,111219,Traditional Investment Managers,0.4,USA
4149660,Strategic Advisers LLC,4102073,Traditional Investment Managers,0.4,USA
4149660,Commerzbank AG,113985,Banks/Investment Banks,0.38,Germany
4149660,Invesco Ltd.,103661,Traditional Investment Managers,0.37,USA
4149660,Harding Loevner LP,110879,Traditional Investment Managers,0.37,USA
4149660,Royal London Asset Management Ltd.,4138770,Traditional Investment Managers,0.36,United Kingdom
4149660,Franklin Resources Inc.,102719,Traditional Investment Managers,0.35,USA
4149660,UniSuper Ltd.,4480593,Corporate Pension Sponsors,0.33,Australia
4149660,SAFE Investment Co. Ltd.,4418711,Sovereign Wealth Funds (<5% stake),0.32,Hong Kong
4149660,Aviva Investors Global Services Ltd.,4376121,Traditional Investment Managers,0.32,United Kingdom
4149660,Bank Julius Bär & Co. AG,4056822,Traditional Investment Managers,0.31,Switzerland
4149660,Baillie Gifford & Co.,4026973,Traditional Investment Managers,0.29,United Kingdom
4149660,Deka Investment GmbH,4137912,Traditional Investment Managers,0.28,Germany
4149660,Swedbank Robur Fonder AB,4139866,Traditional Investment Managers,0.27,Sweden
4149660,Mirae Asset Global Investments Co. Ltd.,4256114,Traditional Investment Managers,0.26,South Korea
4149660,GIC Pte. Ltd.,4005446,Sovereign Wealth Funds (<5% stake),0.25,Singapore
4149660,Goldman Sachs Group Inc.,4039450,Traditional Investment Managers,0.24,USA
4149660,National Pension Service,4250467,Government Pension Sponsors,0.24,South Korea
4149660,RBC Europe Ltd.,4138204,Traditional Investment Managers,0.24,United Kingdom
4149660,Raymond James Wealth Management Ltd.,4235168,Traditional Investment Managers,0.23,United Kingdom
4149660,Fidelity International Ltd.,4020980,Traditional Investment Managers,0.23,Bermuda
4149660,Arrowstreet Capital Ltd. Partnership,4049161,Traditional Investment Managers,0.23,USA
4149660,CIBC Asset Management Inc.,4048742,Traditional Investment Managers,0.22,Canada
4149660,Man Group PLC,4040817,Hedge Fund Managers (<5% stake),0.22,United Kingdom
4149660,Palliser Capital (UK) Ltd.,28828715,Hedge Fund Managers (<5% stake),0.21,United Kingdom
4149660,Ninety One UK Ltd.,4138889,Traditional Investment Managers,0.21,United Kingdom
4149660,BMO Asset Management Corp.,109988,Traditional Investment Managers,0.2,USA
4149660,Morgan Stanley,103042,Banks/Investment Banks,0.2,USA
4149660,Schroder Investment Management North America Inc.,109872,Traditional Investment Managers,0.18,USA
4149660,Deutsche Bank AG,113830,Traditional Investment Managers,0.18,Germany
4149660,M&G Investment Management Ltd.,4048349,Traditional Investment Managers,0.18,United Kingdom
4149660,Netwealth Investments Ltd.,4212945,Traditional Investment Managers,0.18,Australia
4149660,Evelyn Partners Investment Management LLP,4570292,Traditional Investment Managers,0.18,United Kingdom
4149660,Citigroup Inc.,4041896,Banks/Investment Banks,0.18,USA
4149660,Grantham Mayo Van Otterloo & Co. LLC,110399,Traditional Investment Managers,0.18,USA
4149660,JM Finn & Co Ltd.,4648892,Traditional Investment Managers,0.17,United Kingdom
4149660,Columbia Management Investment Advisers LLC,109789,Traditional Investment Managers,0.17,USA
4149660,Van Eck Associates Corp.,109888,Traditional Investment Managers,0.17,USA
4149660,Allianz Asset Management GmbH,4208127,Traditional Investment Managers,0.17,Germany
4149660,Société Générale SA,113818,Banks/Investment Banks,0.16,France
4149660,ODDO BHF Asset Management SAS,4138488,,0.16,France
4149660,HBOS Investment Fund Managers Ltd.,7058800,Traditional Investment Managers,0.15,United Kingdom
4149660,T. Rowe Price Group Inc.,4055767,Traditional Investment Managers,0.15,USA
4149660,Neuberger Berman Investment Advisers LLC,109731,Traditional Investment Managers,0.15,USA
4149660,ClearBridge Investments LLC,4113062,Traditional Investment Managers,0.15,USA
4149660,Nordea Investment Management AB,4026994,Traditional Investment Managers,0.15,Sweden
4149660,Capfi Delen Asset Management NV,4439678,Traditional Investment Managers,0.15,Belgium
4149660,Canaccord Genuity Wealth (International) Ltd.,4857391,Traditional Investment Managers,0.15,Jersey
4149660,Quilter Cheviot Ltd.,4149461,Traditional Investment Managers,0.15,United Kingdom
4149660,Qube Research & Technologies Ltd.,9146348,Traditional Investment Managers,0.15,United Kingdom
4149660,N.F.U. Mutual Unit Managers Ltd.,4400207,Insurance Companies,0.15,United Kingdom
4149660,Argo Investments Ltd.,4137841,Traditional Investment Managers,0.14,Australia
4149660,Eaton Vance Management,109754,Traditional Investment Managers,0.14,USA
4149660,BetaShares Capital Ltd.,4578944,Traditional Investment Managers,0.14,Australia
4149660,Barclays Bank PLC,4041196,Traditional Investment Managers,0.14,United Kingdom
4149660,TrinityBridge Ltd.,4492849,Traditional Investment Managers,0.13,United Kingdom
4149660,Merrill Lynch Pierce Fenner & Smith Inc.,3006816,Banks/Investment Banks,0.13,USA
4149660,Australian Foundation Investment Co. Ltd.,4137838,Traditional Investment Managers,0.13,Australia
4149660,Magellan Investment Partners,4206857,Traditional Investment Managers,0.12,Australia
4149660,Eleva Capital LLP,4595466,Traditional Investment Managers,0.12,United Kingdom
4149660,Allan & Gill Gray Foundation,4658924,Charitable Foundations,0.12,South Africa
4149660,Pictet Asset Management Ltd.,111267,Traditional Investment Managers,0.12,United Kingdom
4149660,California Public Employees' Retirement System,4005175,Government Pension Sponsors,0.12,USA
4149660,BNP Paribas SA,3001689,Traditional Investment Managers,0.11,France
4149660,ING Groep NV,113837,Traditional Investment Managers,0.11,Netherlands
4149660,LGT Wealth Management UK LLP,4223012,Traditional Investment Managers,0.11,United Kingdom
4149660,Delen Investments,5757859,Traditional Investment Managers,0.11,Belgium
4149660,Lansdowne Partners Ltd.,4339647,Hedge Fund Managers (<5% stake),0.11,United Kingdom
4149660,Natixis Advisors LLC,4119727,Traditional Investment Managers,0.11,USA
4149660,Temasek Holdings (Pvt.) Ltd.,4138769,VC/PE Firms (<5% stake),0.11,Singapore
4149660,Edward Jones Trust Co.,1000525,Traditional Investment Managers,0.11,USA
4149660,Teachers Insurance and Annuity Association-College Retirement Equities Fund,4270330,Traditional Investment Managers,0.11,USA
4149660,RBC Global Asset Management Inc.,4281265,Traditional Investment Managers,0.1,Canada
4149660,Danske Bank A/S,4080954,Traditional Investment Managers,0.1,Denmark
4149660,LGT Capital Partners (FL) Ltd.,4139756,Traditional Investment Managers,0.1,Liechtenstein
4149660,West Yorkshire Pension Fund,4139641,Government Pension Sponsors,0.1,United Kingdom
4149660,Mutual Trust Pty. Ltd.,4393434,Family Offices/Trusts,0.1,Australia
4149660,ZKB Asset Management,5753419,Traditional Investment Managers,0.1,Switzerland
4149660,BNY Asset Management,4057506,Traditional Investment Managers,0.09,USA
4149660,Kuwait Investment Authority,4055370,Sovereign Wealth Funds (<5% stake),0.09,Kuwait
4149660,EARNEST Partners LLC,4104362,Traditional Investment Managers,0.09,USA
4149660,BNP Paribas Financial Markets SNC,4310789,Traditional Investment Managers,0.09,France
4149660,Wellington Management Group LLP,4579014,Traditional Investment Managers,0.09,USA
4149660,Lombard Odier Darier Hentsch & Cie Asset Management,5749063,Traditional Investment Managers,0.09,Switzerland
4149660,Aegon Asset Management UK Plc,4298314,Traditional Investment Managers,0.09,United Kingdom
4149660,Mercer Global Investments Europe Limited,5759394,Traditional Investment Managers,0.08,Ireland
4149660,Border To Coast Pensions Partnership Ltd.,10499632,Government Pension Sponsors,0.08,United Kingdom
4149660,ADG Verto Capital Management S.à.r.l.,100481170,Traditional Investment Managers,0.08,Luxembourg
4149660,Royal Bank of Canada,100522,Banks/Investment Banks,0.08,Canada
4149660,LBBW Asset Management Investment GmbH,4242466,Traditional Investment Managers,0.08,Germany
4149660,DJE Kapital AG,4212529,Traditional Investment Managers,0.08,Germany
4149660,Jupiter Fund Management PLC,4271664,Traditional Investment Managers,0.08,United Kingdom
4149660,Wells Fargo & Co.,100382,Banks/Investment Banks,0.08,USA
4149660,Interactive Brokers Group Inc.,4153870,Banks/Investment Banks,0.08,USA
4149660,Sumitomo Mitsui DS Asset Management Co. Ltd.,4140078,Traditional Investment Managers,0.08,Japan
4149660,Schroder Investment Mgmt (Singapore) Ltd.,4139955,Traditional Investment Managers,0.08,Singapore
4149660,American Century Investment Management Inc,111074,Traditional Investment Managers,0.07,USA
4149660,J O Hambro Capital Management Ltd.,4056595,Traditional Investment Managers,0.07,United Kingdom
4149660,Phoenix Group PLC,114675656,Corporations (Public),0.07,United Arab Emirates
4149660,The Toronto-Dominion Bank,100519,Traditional Investment Managers,0.07,Canada
4149660,Bank Pictet & Cie (Europe) AG,4138890,Traditional Investment Managers,0.07,Germany
4149660,Altshuler Shaham Ltd.,5755714,Traditional Investment Managers,0.07,Israel
4149660,Killik Asset Management,5763781,Traditional Investment Managers,0.07,United Kingdom
4149660,UniCredit SpA,4055762,Banks/Investment Banks,0.07,Italy
4149660,1832 Asset Management LP,4248288,Traditional Investment Managers,0.07,Canada
4149660,BBVA Asset Management S.A. S.G.I.I.C,4138393,Traditional Investment Managers,0.07,Spain
4149660,Artemis Investment Management LLP,5828077,Traditional Investment Managers,0.07,United Kingdom
4149660,IAG Asset Management Ltd.,4139108,Traditional Investment Managers,0.07,Australia
4149660,AXA Investment Managers UK Ltd.,4405395,Traditional Investment Managers,0.07,United Kingdom
4149660,ClearBridge Investment Management Ltd.,110891,Traditional Investment Managers,0.06,United Kingdom
4149660,Vontobel Asset Management AG,4138727,Traditional Investment Managers,0.06,Switzerland
4149660,Jane Street Group LLC,4437851,Traditional Investment Managers,0.06,USA
4149660,ING Solutions Investment Management S.A.,5851393,Traditional Investment Managers,0.06,Luxembourg
4149660,SG Americas Securities LLC,4092965,Banks/Investment Banks,0.06,USA
4149660,Handelsbanken Asset Management,4140470,Traditional Investment Managers,0.06,Sweden
4149660,National Bank of the Republic of Kazakhstan,4233720,State Owned Shares,0.06,Kazakhstan
4149660,Public Sector Pension Investment Board,4150190,Government Pension Sponsors,0.06,Canada
4149660,LLB Asset Management AG,4760049,Traditional Investment Managers,0.06,Liechtenstein
4149660,Wilson Asset Management (International) P,4139656,Traditional Investment Managers,0.06,Australia
4149660,Renaissance Technologies LLC,4048646,Hedge Fund Managers (<5% stake),0.06,USA
4149660,First Trust Advisors LP,4033550,Traditional Investment Managers,0.06,USA
4149660,SEI Investments Co.,102729,Traditional Investment Managers,0.06,USA
4149660,California State Teachers' Retirement System,4047959,Government Pension Sponsors,0.06,USA
4149660,U.S. Bancorp Asset Management Inc.,4073155,Traditional Investment Managers,0.06,USA
4149660,RBC Dominion Securities Inc.,4056453,Banks/Investment Banks,0.06,Canada
4149660,Sumitomo Mitsui Financial Group Inc.,4086518,Banks/Investment Banks,0.06,Japan
4149660,Korea Investment Corp.,4213799,Sovereign Wealth Funds (<5% stake),0.06,South Korea
4149660,Managed Account Advisors LLC,4187561,Traditional Investment Managers,0.06,USA
4149660,Todd Asset Management LLC,110634,Traditional Investment Managers,0.05,USA
4149660,Raymond James Financial Inc.,102771,Traditional Investment Managers,0.05,USA
4149660,Envestnet Asset Management Inc.,4072215,Traditional Investment Managers,0.05,USA
4149660,SAMA Foreign Holdings,5807369,Sovereign Wealth Funds (<5% stake),0.05,Saudi Arabia
4149660,Trade Republic Bank GmbH,10879397,Banks/Investment Banks,0.05,Germany
4149660,Bank J. Safra Sarasin AG,4138267,Traditional Investment Managers,0.05,Switzerland
4149660,Amundi Luxembourg S.A.,4765178,Traditional Investment Managers,0.05,Luxembourg
4149660,Peter & Lyndy White Foundation Pty Ltd,8386766,Charitable Foundations,0.05,Australia
4149660,SEB Funds AB,4256960,Traditional Investment Managers,0.05,Latvia
4149660,Natixis SA,4077805,Banks/Investment Banks,0.05,France
4149660,Pacer Advisors Inc.,4539004,Traditional Investment Managers,0.05,USA
4149660,BNPP Asset Management Holding,13582910,Traditional Investment Managers,0.05,France
4149660,CM-CIC Asset Management SA,4139024,Traditional Investment Managers,0.05,France
4149660,Cullen Capital Management LLC,4099072,Traditional Investment Managers,0.05,USA
4149660,BNP Paribas Securities Corp.,109247,Banks/Investment Banks,0.05,USA
4149660,EFG Bank AG,4147586,Banks/Investment Banks,0.05,Switzerland
4149660,Milford Asset Management LTD,4211891,Traditional Investment Managers,0.05,New Zealand
4149660,Australian United Investment Co. Ltd.,4137842,Traditional Investment Managers,0.05,Australia
4149660,Wesleyan Unit Trust Managers Ltd.,4139637,Traditional Investment Managers,0.05,United Kingdom
4149660,RREEF America L.L.C.,4048674,Traditional Investment Managers,0.04,USA
4149660,KBC Asset Management NV,4111901,Traditional Investment Managers,0.04,Belgium
4149660,Universal Investment GmbH,4630169,Traditional Investment Managers,0.04,Germany
4149660,London Wealth Management Ltd,7643180,Traditional Investment Managers,0.04,United Kingdom
4149660,Sjunde AP-fonden,4140101,Government Pension Sponsors,0.04,Sweden
4149660,City of Edinburgh Council,4609080,State Owned Shares,0.04,United Kingdom
4149660,DBX Advisors LLC,4318598,Traditional Investment Managers,0.04,USA
4149660,BPER Banca SpA,4219855,Traditional Investment Managers,0.04,Italy
4149660,flatexDEGIRO Bank AG,4316135,Banks/Investment Banks,0.04,Germany
4149660,Union Bancaire Privee Asset Management LLC,4118992,Traditional Investment Managers,0.04,USA
4149660,Nomura Asset Management Co. Ltd.,4048507,Traditional Investment Managers,0.04,Japan
4149660,Cecabank SA,4405893,Banks/Investment Banks,0.04,Spain
4149660,Aviva Investors UK Fund Services Limited,5746445,Traditional Investment Managers,0.04,United Kingdom
4149660,GWL Investment Management Ltd.,4048184,Traditional Investment Managers,0.04,Canada
4149660,Banque de Luxembourg SA,4138309,Traditional Investment Managers,0.04,Luxembourg
4149660,High Ground Investment Management LLP,19070475,Hedge Fund Managers (<5% stake),0.04,United Kingdom
4149660,Joh. Berenberg Gossler & Co. KG,4138286,Traditional Investment Managers,0.04,Germany
4149660,Lightman Investment Management Ltd.,13420158,Traditional Investment Managers,0.04,United Kingdom
4149660,Ceská Národní Banka,4235357,State Owned Shares,0.04,Czechia
4149660,JOHCM (USA) Inc,4398826,Traditional Investment Managers,0.04,USA
4149660,Quilter Investors Ltd.,4388424,Traditional Investment Managers,0.04,United Kingdom
4149660,RWC Partners Ltd.,4135098,Traditional Investment Managers,0.04,United Kingdom
4149660,Bank of America Corp.,100369,Banks/Investment Banks,0.04,USA
4149660,IOOF Investment Services Ltd.,4216451,Traditional Investment Managers,0.04,Australia
4149660,Canada Pension Plan Investment Board,4153483,Government Pension Sponsors,0.03,Canada
4149660,Candriam Société En Commandite Par Actions,4578989,Traditional Investment Managers,0.03,Luxembourg
4149660,Teachers' Retirement System of the State of Kentucky,4324992,Government Pension Sponsors,0.03,USA
4149660,Teacher Retirement System of Texas,4139256,Government Pension Sponsors,0.03,USA
4149660,AllianceBernstein LP,109806,Traditional Investment Managers,0.03,USA
4149660,NatWest Markets PLC,3002056,Traditional Investment Managers,0.03,United Kingdom
4149660,Adage Capital Management LP,4081046,Hedge Fund Managers (<5% stake),0.03,USA
4149660,VP Fund Solutions (Liechtenstein) AG,4782245,Traditional Investment Managers,0.03,Liechtenstein
4149660,Capital Advisors Inc.,4055201,Traditional Investment Managers,0.03,USA
4149660,New Jersey Division of Investment,4138462,Government Pension Sponsors,0.03,USA
4149660,LPL Financial LLC,4026057,Traditional Investment Managers,0.03,USA
4149660,Creative Planning LLC,4117421,Traditional Investment Managers,0.03,USA
4149660,United Nations (UN ) Investment Management Division,6789688,Government Pension Sponsors,0.03,USA
4149660,National Bank Investments Inc.,4575993,Traditional Investment Managers,0.03,Canada
4149660,Russell Investment Management LLC,111359,Traditional Investment Managers,0.03,USA
4149660,Nomura Holdings Inc.,4085931,Traditional Investment Managers,0.03,Japan
4149660,Abu Dhabi Investment Authority,4137795,Sovereign Wealth Funds (<5% stake),0.03,United Arab Emirates
4149660,La Mondiale Gestion D'actifs,5758168,Traditional Investment Managers,0.03,France
4149660,Sarasin & Partners LLP,4141040,Traditional Investment Managers,0.03,United Kingdom
4149660,GAM Holding AG,4056821,Traditional Investment Managers,0.03,Switzerland
4149660,BCEE Asset Management SA,4323357,Traditional Investment Managers,0.03,Luxembourg
4149660,Hudson River Trading LLC,4383268,Banks/Investment Banks,0.03,USA
4149660,LUKB Expert Fondsleitung AG,4139662,Traditional Investment Managers,0.03,Switzerland
4149660,Internationale Kapitalanlagegesellschaft Mit Beschränkter Haftung,4213761,Traditional Investment Managers,0.03,Germany
4149660,Saxo Bank A/S,4233769,Traditional Investment Managers,0.03,Denmark
4149660,Rathbones Asset Management Ltd.,4140567,,0.03,United Kingdom
4149660,Scalable Capital GmbH,19504165,Banks/Investment Banks,0.03,Germany
4149660,Trading 212 UK Ltd.,9159561,Banks/Investment Banks,0.03,United Kingdom
4149660,KLP Pensjonsforsikring AS,5757861,Government Pension Sponsors,0.03,Norway
4149660,Warburg Invest Kapitalanlage GmbH,4139610,Traditional Investment Managers,0.03,Germany
4149660,Pacific Heights Asset Management LLC,4115842,Traditional Investment Managers,0.03,USA
4149660,InsingerGilissen Asset Management NV,14953692,Traditional Investment Managers,0.03,Netherlands
4149660,Tredje AP-fonden,4139758,Government Pension Sponsors,0.03,Sweden
4149660,St. Galler Kantonalbank AG,4182942,Traditional Investment Managers,0.03,Switzerland
4149660,Bayview Asset Management Co. Ltd,4547617,Hedge Fund Managers (<5% stake),0.03,Japan
4149660,ABC Arbitrage Asset Management SA,4545294,Traditional Investment Managers,0.02,France
4149660,Manulife Asset Management,5747632,Traditional Investment Managers,0.02,Canada
4149660,SIGNAL IDUNA Asset Management GmbH,4547746,Traditional Investment Managers,0.02,Germany
4149660,Vermeer Investment Management Limited,5876506,Traditional Investment Managers,0.02,United Kingdom
4149660,Ruth Asset Management,11963653,Traditional Investment Managers,0.02,USA
4149660,Thrivent Investment Management Inc.,4102247,Traditional Investment Managers,0.02,USA
4149660,BNP Paribas Asset Management Europe,4784107,Traditional Investment Managers,0.02,France
4149660,Vanguard Global Advisers LLC,4337989,Traditional Investment Managers,0.02,USA
4149660,Fourth Swedish National Pension Fund (AP4),4140538,Government Pension Sponsors,0.02,Sweden
4149660,Mercer Investments LLC,4119790,Traditional Investment Managers,0.02,USA
4149660,IG Investment Management Ltd.,4005523,Traditional Investment Managers,0.02,Canada
4149660,PGIM Inc.,4119440,Traditional Investment Managers,0.02,USA
4149660,McInroy & Wood Limited,5753470,Traditional Investment Managers,0.02,United Kingdom
4149660,Eurizon Capital SGR SpA,4324456,Traditional Investment Managers,0.02,Italy
4149660,TD Asset Management Inc.,4093616,Traditional Investment Managers,0.02,Canada
4149660,Quintet Asset Management SA,4138868,Traditional Investment Managers,0.02,Luxembourg
4149660,Bank Negara Malaysia,4109058,State Owned Shares,0.02,Malaysia
4149660,Oregon Public Employees Retirement Fund,4251507,Government Pension Sponsors,0.02,USA
4149660,Invesco Capital Management LLC,4117611,Traditional Investment Managers,0.02,USA
4149660,Polar Capital Holdings PLC,4195225,Traditional Investment Managers,0.02,United Kingdom
4149660,BHF Trust Management Gesellschaft fur Vermogensverwaltung mbH,4209510,Traditional Investment Managers,0.02,Germany
4149660,Teachers' Retirement System of the State of Illinois,4295708,Government Pension Sponsors,0.02,USA
4149660,Raiffeisenlandesbank Oberösterreich AG,4213238,Banks/Investment Banks,0.02,Austria
4149660,ODDO BHF ASSET MANAGEMENT GmbH,4422379,Traditional Investment Managers,0.02,Germany
4149660,Brown Shipley & Co. Ltd.,4138407,Traditional Investment Managers,0.02,United Kingdom
4149660,Bankinter Gestion de Activos S.A. S.G.I.I.C.,4323005,Traditional Investment Managers,0.02,Spain
4149660,Victory Capital Management Inc.,110674,Traditional Investment Managers,0.02,USA
4149660,Macquarie Group Ltd.,4049169,Banks/Investment Banks,0.02,Australia
4149660,Asset Management One Co. Ltd.,4120033,Traditional Investment Managers,0.02,Japan
4149660,MEAG MUNICH ERGO Kapitalanlagegesellschaft mbH,4137909,Traditional Investment Managers,0.02,Germany
4149660,Kornitzer Capital Management Inc.,111010,Traditional Investment Managers,0.02,USA
4149660,STRS Ohio,4138856,Government Pension Sponsors,0.02,USA
4149660,Nykredit Portefølje Administration A/S,4556895,Traditional Investment Managers,0.02,Denmark
4149660,GAMCO Investors Inc.,4018163,Traditional Investment Managers,0.02,USA
4149660,Fisher Funds Management Ltd.,4137705,Traditional Investment Managers,0.02,New Zealand
4149660,Putnam LLC,26566323,Traditional Investment Managers,0.02,USA
4149660,Arbejdsmarkedets Tillægspension (Atp),6185335,Traditional Investment Managers,0.02,Denmark
4149660,Keskinäinen Eläkevakuutusyhtiö Ilmarinen,4264488,Insurance Companies,0.02,Finland
4149660,LGT Wealth Management Ltd.,4337594,Traditional Investment Managers,0.02,United Kingdom
4149660,Society of Lloyd's,4409796,Insurance Companies,0.02,United Kingdom
4149660,Degroof Petercam Asset Management,4377155,Traditional Investment Managers,0.02,Belgium
4149660,Barclays Investment Solutions Ltd.,4140526,Traditional Investment Managers,0.02,United Kingdom
4149660,Bayerische Landesbank,4048275,Traditional Investment Managers,0.02,Germany
4149660,Goldman Sachs Wealth Services LP,4027098,Traditional Investment Managers,0.02,USA
4149660,ABN AMRO Bank NV,4000991,Banks/Investment Banks,0.02,Netherlands
4149660,Mutual of America Capital Management LLC,111168,Insurance Companies,0.02,USA
4149660,Brewin Dolphin Wealth Management Ltd.,15005586,Traditional Investment Managers,0.02,Ireland
4149660,Citadel Advisors LLC,4252195,Hedge Fund Managers (<5% stake),0.02,USA
4149660,Allan Gray Australia Pty Ltd.,4321813,Traditional Investment Managers,0.02,Australia
4149660,New York Life Investment Management LLC,4073190,Traditional Investment Managers,0.02,USA
4149660,Oldenburgische Landesbank AG,4182744,Traditional Investment Managers,0.02,Germany
4149660,Oddo BHF Trust GmbH,13033925,Traditional Investment Managers,0.02,Germany
4149660,Penserra Capital Management LLC,4566684,Traditional Investment Managers,0.02,USA
4149660,BNY Mellon Advisors Inc.,4118652,Traditional Investment Managers,0.02,USA
4149660,State of Wisconsin Investment Board,4022450,Government Pension Sponsors,0.02,USA
4149660,SIX Group Ltd.,4245829,Banks/Investment Banks,0.02,Switzerland
4149660,Kingdom Holding Company,4226415,VC/PE Firms (<5% stake),0.02,Saudi Arabia
4149660,Easternmed Asset Management Services Ltd.,7719437,Traditional Investment Managers,0.01,Cyprus
4149660,Cidel Asset Management Inc.,4139706,Traditional Investment Managers,0.01,Canada
4149660,E. Öhman J:or Wealth Management,5762164,Traditional Investment Managers,0.01,Sweden
4149660,La Banque Postale Asset Management,4139945,Traditional Investment Managers,0.01,France
4149660,Notz Stucki,4157643,Traditional Investment Managers,0.01,Switzerland
4149660,Anchor Capital Advisors LLC,110954,Traditional Investment Managers,0.01,USA
4149660,Stifel Asset Management Corp.,5774712,Traditional Investment Managers,0.01,USA
4149660,Djerriwarrh Investments Ltd.,4137624,Traditional Investment Managers,0.01,Australia
4149660,Clartan Associés,4304424,Traditional Investment Managers,0.01,France
4149660,DNB Asset Management AS,4343973,Traditional Investment Managers,0.01,Norway
4149660,Mirabaud Asset Management Ltd.,4870942,Traditional Investment Managers,0.01,United Kingdom
4149660,St. James Place Investment Management Ltd.,4138925,Traditional Investment Managers,0.01,United Kingdom
4149660,INTECH Investment Management LLC,111528,Traditional Investment Managers,0.01,USA
4149660,Jennison Associates LLC,109844,Traditional Investment Managers,0.01,USA
4149660,Integrated Financial Arrangements plc,4221781,Banks/Investment Banks,0.01,United Kingdom
4149660,OP Varainhoito Oy,5767199,Traditional Investment Managers,0.01,Finland
4149660,Debeka Asset Management GmbH,10351221,Traditional Investment Managers,0.01,Germany
4149660,IG Group Holdings PLC,4147349,Banks/Investment Banks,0.01,United Kingdom
4149660,Voya Investment Management LLC,4048215,Traditional Investment Managers,0.01,USA
4149660,Fukoku Mutual Life Insurance Co.,4137542,Insurance Companies,0.01,Japan
4149660,Lazard Asset Management LLC,110386,Traditional Investment Managers,0.01,USA
4149660,Cartesio Inversiones S.G.I.I.C. S.A.,4206137,Traditional Investment Managers,0.01,Spain
4149660,Ramsey Crookall & Co. Ltd,7509874,Banks/Investment Banks,0.01,Isle of Man
4149660,Quantinno Capital Management LP,11227495,Traditional Investment Managers,0.01,USA
4149660,Oak Harvest Investment Services LLC,15094269,Traditional Investment Managers,0.01,USA
4149660,Teachers Retirement Systems of Alabama,4141204,Government Pension Sponsors,0.01,USA
4149660,Banque Internationale à Luxembourg SA,4190012,Traditional Investment Managers,0.01,Luxembourg
4149660,Frost Investment Advisors LLC,4219074,Traditional Investment Managers,0.01,USA
4149660,Kapan pensioner,4138993,Government Pension Sponsors,0.01,Sweden
4149660,SteelPeak Wealth LLC,4337842,Traditional Investment Managers,0.01,USA
4149660,Green Arrow Capital SGR SpA,5745911,VC/PE Firms (<5% stake),0.01,Italy
4149660,Dolmen Fund Management,5760038,Traditional Investment Managers,0.01,Ireland
4149660,Hargreaves Lansdown Fund Managers Ltd.,4607361,Traditional Investment Managers,0.01,United Kingdom
4149660,Global X Management (Aus) Ltd.,8365031,Traditional Investment Managers,0.01,Australia
4149660,Robeco (Schweiz) AG,6551991,Traditional Investment Managers,0.01,Switzerland
4149660,O'Shaughnessy Asset Management LLC,4166919,Traditional Investment Managers,0.01,USA
4149660,Marshall Wace LLP,4135104,Hedge Fund Managers (<5% stake),0.01,United Kingdom
4149660,Cetera Investment Advisers LLC,4115973,Traditional Investment Managers,0.01,USA
4149660,Mackenzie Financial Corp.,106960,Traditional Investment Managers,0.01,Canada
4149660,Nissay Asset Management Corp.,4116134,Traditional Investment Managers,0.01,Japan
4149660,Allspring Global Investments LLC,110570,Traditional Investment Managers,0.01,USA
4149660,Catalyst Funds Management Pty. Ltd.,29586471,Hedge Fund Managers (<5% stake),0.01,Australia
4149660,Baring Asset Management Ltd.,111272,Traditional Investment Managers,0.01,United Kingdom
4149660,Oppenheimer Asset Management Inc.,110379,Traditional Investment Managers,0.01,USA
4149660,Scotiabank Global Banking and Markets Asset Management Division,5752951,Traditional Investment Managers,0.01,Canada
4149660,SCS Capital Management LLC,4119698,Traditional Investment Managers,0.01,USA
4149660,New York State Common Retirement Fund,4043174,Government Pension Sponsors,0.01,USA
4149660,MAPFRE Asset Management,5782831,Traditional Investment Managers,0.01,Spain
4149660,AQR Capital Management LLC,4119538,Hedge Fund Managers (<5% stake),0.01,USA
4149660,Carlton Investments Ltd.,4212885,Traditional Investment Managers,0.01,Australia
4149660,Capricorn Fund Managers (Pty) Ltd.,4320445,Hedge Fund Managers (<5% stake),0.01,South Africa
4149660,GuideStone Capital Management LLC,4115935,Traditional Investment Managers,0.01,USA
4149660,AFH Independent Financial Services Limited,7794310,Traditional Investment Managers,0.01,United Kingdom
4149660,Bell Bank,1015418,Banks/Investment Banks,0.01,USA
4149660,WCM Investment Management LLC,110332,Traditional Investment Managers,0.01,USA
4149660,Capital Wealth Planning LLC,4255790,Traditional Investment Managers,0.01,USA
4149660,Greenline Partners LLC,4338213,Traditional Investment Managers,0.01,USA
4149660,Tidal Investments LLC,4338202,Traditional Investment Managers,0.01,USA
4149660,Amova Asset Management Co. Ltd.,4107954,,0.01,Japan
4149660,Mainstream Fund Services Pty. Ltd..,7796161,Traditional Investment Managers,0.01,Australia
4149660,Cohen & Steers Capital Management Inc.,111434,Traditional Investment Managers,0.01,USA
4149660,Architas Multi-Manager Europe Ltd.,5813728,Traditional Investment Managers,0.01,Ireland
4149660,Foresight Global Investors Inc.,4642250,Traditional Investment Managers,0.01,USA
4149660,Daiwa Asset Management Co. Ltd.,4137704,Traditional Investment Managers,0.01,Japan
4149660,International Fund Management SA,4798092,Traditional Investment Managers,0.01,Luxembourg
4149660,Commonwealth Equity Services LLC,4026737,Traditional Investment Managers,0.01,USA
4149660,Kapitalo Investimentos Ltda.,5822125,Hedge Fund Managers (<5% stake),0.01,Brazil
4149660,Segment Wealth Management LLC,4337908,Traditional Investment Managers,0.01,USA
4149660,Sanctuary Advisors LLC,4621992,Traditional Investment Managers,0.01,USA
4149660,Danske Capital Denmark,4137587,Traditional Investment Managers,0.01,Denmark
4149660,ClariVest Asset Management LLC,4134083,Traditional Investment Managers,0.01,USA
4149660,Azimut Capital Management Sgr SpA,4547194,Traditional Investment Managers,0.01,Italy
4149660,Rockefeller & Co. LLC,4026892,Traditional Investment Managers,0.01,USA
4149660,Old West Investment Management LLC,4230918,Traditional Investment Managers,0.01,USA
4149660,Moran Wealth Management LLC,23890076,Traditional Investment Managers,0.01,USA
4149660,Schroder Investment Management (Hong Kong) Ltd.,4139954,Traditional Investment Managers,0.01,Hong Kong
4149660,Schroder Investment Management (Japan) Ltd.,4296648,Traditional Investment Managers,0.01,Japan
4149660,Sumitomo Mitsui Trust Asset Management Co. Ltd.,4318240,Traditional Investment Managers,0.01,Japan
4149660,Matthews International Capital Management LLC,110787,Traditional Investment Managers,0.01,USA
4149660,Cambridge Investment Research Advisors Inc.,4117795,Traditional Investment Managers,0.01,USA
4149660,Bridgewater Associates LP,111192,Hedge Fund Managers (<5% stake),0.01,USA
4149660,Crestline Investors Inc,4326048,Hedge Fund Managers (<5% stake),0.01,USA
4149660,Davidson Investment Advisors Inc.,110979,Traditional Investment Managers,0.01,USA
4149660,QRG Capital Management Inc.,19932756,Traditional Investment Managers,0.01,USA
4149660,Groupama Asset Management SA,4140466,Traditional Investment Managers,0.01,France
4149660,Principal Global Investors LLC,4089114,Traditional Investment Managers,0.01,USA
4149660,Orion Portfolio Solutions LLC,4029888,Traditional Investment Managers,0.01,USA
4149660,Thomson Horstmann & Bryant Inc.,4026908,Traditional Investment Managers,0.01,USA
4149660,Curi Capital LLC,4117543,Traditional Investment Managers,0.01,USA
4149660,XTX Markets Ltd.,4853822,Traditional Investment Managers,0.01,United Kingdom
4149660,Horizon Investments LLC,4118373,Traditional Investment Managers,0.01,USA
4149660,Saturna Capital Corp.,113782,Traditional Investment Managers,0.01,USA
4149660,Deltroit Asset Management (UK) LLP,114818640,Family Offices/Trusts,0.01,United Kingdom
4149660,Salem Investment Counselors Inc.,111088,Traditional Investment Managers,0.01,USA
4149660,Naples Global Advisors LLC,4320250,Traditional Investment Managers,0.01,USA
4149660,LMR Partners LLP,4288845,Hedge Fund Managers (<5% stake),0.01,United Kingdom
4149660,Desjardins Global Asset Management Inc.,4226520,Traditional Investment Managers,0.01,Canada
4149660,Mariner LLC,4145924,Traditional Investment Managers,0.01,USA
4149660,Santander Private Banking Gestion S.A. S.G.I.I.C.,4581412,Traditional Investment Managers,0.01,Spain
4149660,Bragg Financial Advisors Inc.,4036799,Traditional Investment Managers,0.01,USA
4149660,Bold Baatar,,Individuals/Insiders,0.01,China
4149660,Osaic Wealth Inc.,109232,Traditional Investment Managers,0.01,USA
4149660,MetLife Investment Management LLC,4187546,Traditional Investment Managers,0.01,USA
4149660,Banque Pictet & Cie SA,4096982,Traditional Investment Managers,0.01,Switzerland
4149660,Y-Intercept (Hong Kong) Ltd.,11146742,Traditional Investment Managers,0.01,Hong Kong
4149660,J.M. Forbes & Co. LLP,4027459,Traditional Investment Managers,0.01,USA
4149660,Van Lanschot Kempen Investment Management NV,4138882,Traditional Investment Managers,0.01,Netherlands
4149660,HighTower Advisors LLC,4222753,Traditional Investment Managers,0.01,USA
4149660,Soltis Investment Advisors LLC,4318601,Traditional Investment Managers,0.01,USA
4149660,Wealth Enhancement Advisory Services LLC,4117722,Traditional Investment Managers,0.01,USA
4149660,Tower Research Capital Europe Limited,5818434,Banks/Investment Banks,0.01,United Kingdom
4149660,ATB Investment Management Inc.,4286133,Traditional Investment Managers,0.01,Canada
4149660,Connor Clark & Lunn Investment Management Ltd.,4035990,Traditional Investment Managers,0.01,Canada
4149660,Squarepoint OPS LLC,4572787,Hedge Fund Managers (<5% stake),0.01,USA
4149660,Waystone Management (UK) Ltd.,5834515,Traditional Investment Managers,0.01,United Kingdom
4149660,Addenda Capital Inc.,4999544,Traditional Investment Managers,0.01,Canada
4149660,Rothschild Asset Management,8276401,Traditional Investment Managers,0.01,France
4149660,Pacific Life Fund Advisors LLC,4188958,Traditional Investment Managers,0.01,USA
4149660,R.I. Vermögensbetreuung Ag,4222570,Traditional Investment Managers,0.01,Germany
4149660,Carson Wealth Management Group,5750365,Traditional Investment Managers,0.01,USA
4149660,Crossmark Global Investments Inc.,110354,Traditional Investment Managers,0.01,USA
4149660,Barometer Capital Management Inc.,4305081,Traditional Investment Managers,0.01,Canada
4149660,AGF Management Ltd.,4156964,Traditional Investment Managers,0.01,Canada
4149660,Janney Montgomery Scott LLC,109355,Banks/Investment Banks,0.01,USA
4149660,Union Asset Management Holding AG,4224292,Traditional Investment Managers,0,Germany
4149660,Canal Insurance Co.,11880,Insurance Companies,0,USA
4149660,Peter Lloyd Cunningham,,Individuals/Insiders,0,China
4149660,Osaic Advisory Services LLC,4560824,Traditional Investment Managers,0,USA
4149660,Cerity Partners LLC,4255907,Traditional Investment Managers,0,USA
4149660,NewEdge Advisors LLC,4556217,Traditional Investment Managers,0,USA
4149660,Employees Retirement System of Texas,4097767,Government Pension Sponsors,0,USA
4149660,LSV Asset Management,4026996,Traditional Investment Managers,0,USA
4149660,MD Financial Management Inc,4399282,Traditional Investment Managers,0,Canada
4149660,BB&T Trust,5743773,Traditional Investment Managers,0,USA
4149660,Consistent Unit Trust Management Co. Ltd.,4139368,Traditional Investment Managers,0,United Kingdom
4149660,Fora Capital LLC,19547874,Hedge Fund Managers (<5% stake),0,USA
4149660,Smartshares Ltd.,4139976,Traditional Investment Managers,0,New Zealand
4149660,Mml Investors Services LLC Brokerage Investments,5858996,Insurance Companies,0,USA
4149660,TLS Advisors LLC,6902537,Hedge Fund Managers (<5% stake),0,USA
4149660,AssetMark Inc.,4115833,Traditional Investment Managers,0,USA
4149660,OneAscent Investment Solutions LLC,4975401,Traditional Investment Managers,0,USA
4149660,Oxbow Advisors LLC,4339274,Traditional Investment Managers,0,USA
4149660,Gilman Hill Asset Management LLC,4187061,Traditional Investment Managers,0,USA
4149660,Goelzer Investment Management Inc.,4027484,Traditional Investment Managers,0,USA
4149660,Canadian Imperial Bank of Commerce,100515,Banks/Investment Banks,0,Canada
4149660,Moors & Cabot Inc.,4045946,Traditional Investment Managers,0,USA
4149660,GLG Partners Inc.,4189276,Hedge Fund Managers (<5% stake),0,USA
4149660,Vanneck Ltd,6234438,VC/PE Firms (<5% stake),0,United Kingdom
4149660,Stephens Capital Management,111198,Traditional Investment Managers,0,USA
4149660,Atria Investments Inc.,4186534,Traditional Investment Managers,0,USA
4149660,Blume Capital Management Inc.,4116470,Traditional Investment Managers,0,USA
4149660,Boston Partners Global Investors Inc.,4158830,Traditional Investment Managers,0,USA
4149660,Tokio Marine Asset Management Co. Ltd.,4139886,Traditional Investment Managers,0,Japan
4149660,Premier Fund Managers Ltd.,4138723,Traditional Investment Managers,0,United Kingdom
4149660,Jordan Park Group LLC,4975164,Traditional Investment Managers,0,USA
4149660,Russell Investment Management Ltd.,4279122,Traditional Investment Managers,0,Australia
4149660,Empower Capital Management LLC,4048185,Traditional Investment Managers,0,USA
4149660,Advisors Asset Management Inc.,4093038,Traditional Investment Managers,0,USA
4149660,A. Montag & Associates Inc.,4055210,Traditional Investment Managers,0,USA
4149660,Gescooperativo S.A. SGIIC,4139074,Traditional Investment Managers,0,Spain
4149660,Societe Generale Investment Solutions (Europe),5804824,Traditional Investment Managers,0,Luxembourg
4149660,Resona Asset Management Co. Ltd.,4629378,Traditional Investment Managers,0,Japan
4149660,Capital Investment Advisors LLC,4118290,Traditional Investment Managers,0,USA
4149660,&Partners LLC,109413,Traditional Investment Managers,0,USA
4149660,Uncommon Cents Investing Inc.,9091776,Traditional Investment Managers,0,USA
4149660,TransMarket Holdings LLC,6951285,Traditional Investment Managers,0,USA
4149660,Morgan Dempsey Capital Management LLC,4048458,Traditional Investment Managers,0,USA
4149660,Himension Capital (Singapore) Pte Ltd.,19400125,Traditional Investment Managers,0,Singapore
4149660,Lombard Odier Asset Management (Switzerland) SA,7060057,Traditional Investment Managers,0,Switzerland
4149660,Universal-Investment-Luxembourg S.A. Niederlassung Frankfurt Am Main,16073228,Traditional Investment Managers,0,Germany
4149660,Purpose Investments Inc.,4773761,Traditional Investment Managers,0,Canada
4149660,Fiduciary Trust Co. International,1006058,Traditional Investment Managers,0,USA
4149660,Cambria Investment Management L.P.,4272541,Traditional Investment Managers,0,USA
4149660,LMCG Investments LLC,4097381,Traditional Investment Managers,0,USA
4149660,National-Bank AG,4150521,Traditional Investment Managers,0,Germany
4149660,Vident Asset Management,4556203,Traditional Investment Managers,0,USA
4149660,Fédération des caisses Desjardins du Québec,4169610,Traditional Investment Managers,0,Canada
4149660,Callan Family Office LLC,101548481,Family Offices/Trusts,0,USA
4149660,Modera Wealth Management LLC,4276679,Traditional Investment Managers,0,USA
4149660,Morningstar Investment Management LLC,4117563,Traditional Investment Managers,0,USA
4149660,Northwestern Mutual Wealth Management Co.,4054540,Traditional Investment Managers,0,USA
4149660,Northwest Bancshares Inc.,1137118,Banks/Investment Banks,0,USA
4149660,QSM Asset Management Ltd.,114967050,Traditional Investment Managers,0,United Kingdom
4149660,Farallon Capital Management L.L.C.,4054577,Hedge Fund Managers (<5% stake),0,USA
4149660,Ausbil Investment Management Ltd.,4565421,Traditional Investment Managers,0,Australia
4149660,D.E. Shaw & Co. LP,109290,Hedge Fund Managers (<5% stake),0,USA
4149660,TrueMark Investments LLC,19746194,Traditional Investment Managers,0,USA
4149660,LGPS Central Limited,7108293,VC/PE Firms (<5% stake),0,United Kingdom
4149660,Leuthold Weeden Capital Management LLC,13908841,Traditional Investment Managers,0,USA
4149660,Susquehanna International Group LLP,4112715,Traditional Investment Managers,0,USA
4149660,Quaestio Capital Management SGR S.p.A Unipersonale,5842097,Traditional Investment Managers,0,Italy
4149660,DRW Holdings LLC,4209260,Traditional Investment Managers,0,USA
4149660,Liontrust Asset Management PLC,4139864,Traditional Investment Managers,0,United Kingdom
4149660,Fideuram Asset Management (Ireland) DAC,4140503,Traditional Investment Managers,0,Ireland
4149660,Brasada Capital Management LP,4388635,Hedge Fund Managers (<5% stake),0,USA
4149660,Aluminum Corp. of China,4572195,Corporations (Private),11.23,China
4149660,BlackRock Inc.,4048287,Traditional Investment Managers,7.76,USA
4149660,State Street Global Advisors Inc.,110652,Traditional Investment Managers,4.18,USA
4149660,Australian Super Pty Ltd,4757367,Government Pension Sponsors,3.37,Australia
4149660,Vanguard Capital Management LLC,137764443,Traditional Investment Managers,2.65,USA
4149660,Norges Bank Investment Management,4138467,Sovereign Wealth Funds (<5% stake),1.77,Norway
4149660,UBS Asset Management AG,4674815,Traditional Investment Managers,1.67,Switzerland
4149660,FMR LLC,3000896,Traditional Investment Managers,1.57,USA
4149660,HSBC Global Asset Management (UK) Ltd.,4115698,Traditional Investment Managers,1.52,United Kingdom
4149660,JP Morgan Asset Management,110092,Traditional Investment Managers,1.45,USA
4149660,Fisher Asset Management LLC,111354,Traditional Investment Managers,1.39,USA
4149660,L&G - Asset Management Ltd.,4231356,Traditional Investment Managers,1.15,United Kingdom
4149660,JPMorgan Chase & Co.,100201,Banks/Investment Banks,1.12,USA
4149660,State Farm Mutual Automobile Insurance Co.,13959,Insurance Companies,1.05,USA
4149660,Vanguard Asset Management Ltd.,4723508,Traditional Investment Managers,0.96,United Kingdom
4149660,Amundi Asset Management SAS,4026948,Traditional Investment Managers,0.96,France
4149660,Geode Capital Management LLC,4119759,Traditional Investment Managers,0.91,USA
4149660,Schroder Investment Management Ltd.,4249110,Traditional Investment Managers,0.88,United Kingdom
4149660,Legal & General Investment Management Ltd.,4139862,Traditional Investment Managers,0.82,United Kingdom
4149660,Capital Research and Management Co.,111195,Traditional Investment Managers,0.81,USA
4149660,Aberdeen Group PLC,4145085,Traditional Investment Managers,0.79,United Kingdom
4149660,Vanguard Fiduciary Trust Co.,5752504,Traditional Investment Managers,0.76,USA
4149660,Rathbones Investment Management Ltd.,4115725,Traditional Investment Managers,0.69,United Kingdom
4149660,Vanguard Investments Australia Ltd.,4138917,Traditional Investment Managers,0.67,Australia
4149660,Mitsubishi UFJ Asset Management Co. Ltd.,4607441,Traditional Investment Managers,0.65,Japan
4149660,DZ Bank AG,4142663,Traditional Investment Managers,0.64,Germany
4149660,Dimensional Fund Advisors LP,111289,Traditional Investment Managers,0.62,USA
4149660,Commonwealth Bank Officers Superannuation Corp. Pty Ltd,5786329,Corporate Pension Sponsors,0.58,Australia
4149660,Massachusetts Financial Services Company,109763,Traditional Investment Managers,0.58,USA
4149660,Superannuation and Investments HoldCo Pty Ltd.,105695553,Traditional Investment Managers,0.57,Australia
4149660,Macquarie Investment Management Global Ltd.,4654230,Traditional Investment Managers,0.52,Australia
4149660,Perpetual Ltd.,4155715,Traditional Investment Managers,0.52,Australia
4149660,Barclays PLC,114508,Banks/Investment Banks,0.52,United Kingdom
4149660,Northern Trust Global Investments,4272373,Traditional Investment Managers,0.5,United Kingdom
4149660,IFM Investors Pty. Ltd.,4231404,Traditional Investment Managers,0.48,Australia
4149660,Hargreaves Lansdown Asset Management Ltd.,4219776,Traditional Investment Managers,0.46,United Kingdom
4149660,Rio Tinto Esop Trust,5775404,ESOP,0.44,United Kingdom
4149660,Charles Schwab Investment Management Inc.,4048695,Traditional Investment Managers,0.44,USA
4149660,Rabobank,4145124,Traditional Investment Managers,0.42,Netherlands
4149660,Janus Henderson Group Ltd.,4147331,Traditional Investment Managers,0.42,United Kingdom
4149660,Goldman Sachs Asset Management LP,110587,Traditional Investment Managers,0.41,USA
4149660,Silchester International Investors LLP,110834,Traditional Investment Managers,0.41,United Kingdom
4149660,Deutsche Asset & Wealth Management,111219,Traditional Investment Managers,0.4,USA
4149660,Strategic Advisers LLC,4102073,Traditional Investment Managers,0.4,USA
4149660,Commerzbank AG,113985,Banks/Investment Banks,0.38,Germany
4149660,Invesco Ltd.,103661,Traditional Investment Managers,0.37,USA
4149660,Harding Loevner LP,110879,Traditional Investment Managers,0.37,USA
4149660,Royal London Asset Management Ltd.,4138770,Traditional Investment Managers,0.36,United Kingdom
4149660,Franklin Resources Inc.,102719,Traditional Investment Managers,0.35,USA
4149660,UniSuper Ltd.,4480593,Corporate Pension Sponsors,0.33,Australia
4149660,SAFE Investment Co. Ltd.,4418711,Sovereign Wealth Funds (<5% stake),0.32,Hong Kong
4149660,Aviva Investors Global Services Ltd.,4376121,Traditional Investment Managers,0.32,United Kingdom
4149660,Bank Julius Bär & Co. AG,4056822,Traditional Investment Managers,0.31,Switzerland
4149660,Baillie Gifford & Co.,4026973,Traditional Investment Managers,0.29,United Kingdom
4149660,Deka Investment GmbH,4137912,Traditional Investment Managers,0.28,Germany
4149660,Swedbank Robur Fonder AB,4139866,Traditional Investment Managers,0.27,Sweden
4149660,Mirae Asset Global Investments Co. Ltd.,4256114,Traditional Investment Managers,0.26,South Korea
4149660,GIC Pte. Ltd.,4005446,Sovereign Wealth Funds (<5% stake),0.25,Singapore
4149660,Goldman Sachs Group Inc.,4039450,Traditional Investment Managers,0.24,USA
4149660,National Pension Service,4250467,Government Pension Sponsors,0.24,South Korea
4149660,RBC Europe Ltd.,4138204,Traditional Investment Managers,0.24,United Kingdom
4149660,Raymond James Wealth Management Ltd.,4235168,Traditional Investment Managers,0.23,United Kingdom
4149660,Fidelity International Ltd.,4020980,Traditional Investment Managers,0.23,Bermuda
4149660,Arrowstreet Capital Ltd. Partnership,4049161,Traditional Investment Managers,0.23,USA
4149660,CIBC Asset Management Inc.,4048742,Traditional Investment Managers,0.22,Canada
4149660,Man Group PLC,4040817,Hedge Fund Managers (<5% stake),0.22,United Kingdom
4149660,Palliser Capital (UK) Ltd.,28828715,Hedge Fund Managers (<5% stake),0.21,United Kingdom
4149660,Ninety One UK Ltd.,4138889,Traditional Investment Managers,0.21,United Kingdom
4149660,BMO Asset Management Corp.,109988,Traditional Investment Managers,0.2,USA
4149660,Morgan Stanley,103042,Banks/Investment Banks,0.2,USA
4149660,Schroder Investment Management North America Inc.,109872,Traditional Investment Managers,0.18,USA
4149660,Deutsche Bank AG,113830,Traditional Investment Managers,0.18,Germany
4149660,M&G Investment Management Ltd.,4048349,Traditional Investment Managers,0.18,United Kingdom
4149660,Netwealth Investments Ltd.,4212945,Traditional Investment Managers,0.18,Australia
4149660,Evelyn Partners Investment Management LLP,4570292,Traditional Investment Managers,0.18,United Kingdom
4149660,Citigroup Inc.,4041896,Banks/Investment Banks,0.18,USA
4149660,Grantham Mayo Van Otterloo & Co. LLC,110399,Traditional Investment Managers,0.18,USA
4149660,JM Finn & Co Ltd.,4648892,Traditional Investment Managers,0.17,United Kingdom
4149660,Columbia Management Investment Advisers LLC,109789,Traditional Investment Managers,0.17,USA
4149660,Van Eck Associates Corp.,109888,Traditional Investment Managers,0.17,USA
4149660,Allianz Asset Management GmbH,4208127,Traditional Investment Managers,0.17,Germany
4149660,Société Générale SA,113818,Banks/Investment Banks,0.16,France
4149660,ODDO BHF Asset Management SAS,4138488,,0.16,France
4149660,HBOS Investment Fund Managers Ltd.,7058800,Traditional Investment Managers,0.15,United Kingdom
4149660,T. Rowe Price Group Inc.,4055767,Traditional Investment Managers,0.15,USA
4149660,Neuberger Berman Investment Advisers LLC,109731,Traditional Investment Managers,0.15,USA
4149660,ClearBridge Investments LLC,4113062,Traditional Investment Managers,0.15,USA
4149660,Nordea Investment Management AB,4026994,Traditional Investment Managers,0.15,Sweden
4149660,Capfi Delen Asset Management NV,4439678,Traditional Investment Managers,0.15,Belgium
4149660,Canaccord Genuity Wealth (International) Ltd.,4857391,Traditional Investment Managers,0.15,Jersey
4149660,Quilter Cheviot Ltd.,4149461,Traditional Investment Managers,0.15,United Kingdom
4149660,Qube Research & Technologies Ltd.,9146348,Traditional Investment Managers,0.15,United Kingdom
4149660,N.F.U. Mutual Unit Managers Ltd.,4400207,Insurance Companies,0.15,United Kingdom
4149660,Argo Investments Ltd.,4137841,Traditional Investment Managers,0.14,Australia
4149660,Eaton Vance Management,109754,Traditional Investment Managers,0.14,USA
4149660,BetaShares Capital Ltd.,4578944,Traditional Investment Managers,0.14,Australia
4149660,Barclays Bank PLC,4041196,Traditional Investment Managers,0.14,United Kingdom
4149660,TrinityBridge Ltd.,4492849,Traditional Investment Managers,0.13,United Kingdom
4149660,Merrill Lynch Pierce Fenner & Smith Inc.,3006816,Banks/Investment Banks,0.13,USA
4149660,Australian Foundation Investment Co. Ltd.,4137838,Traditional Investment Managers,0.13,Australia
4149660,Magellan Investment Partners,4206857,Traditional Investment Managers,0.12,Australia
4149660,Eleva Capital LLP,4595466,Traditional Investment Managers,0.12,United Kingdom
4149660,Allan & Gill Gray Foundation,4658924,Charitable Foundations,0.12,South Africa
4149660,Pictet Asset Management Ltd.,111267,Traditional Investment Managers,0.12,United Kingdom
4149660,California Public Employees' Retirement System,4005175,Government Pension Sponsors,0.12,USA
4149660,BNP Paribas SA,3001689,Traditional Investment Managers,0.11,France
4149660,ING Groep NV,113837,Traditional Investment Managers,0.11,Netherlands
4149660,LGT Wealth Management UK LLP,4223012,Traditional Investment Managers,0.11,United Kingdom
4149660,Delen Investments,5757859,Traditional Investment Managers,0.11,Belgium
4149660,Lansdowne Partners Ltd.,4339647,Hedge Fund Managers (<5% stake),0.11,United Kingdom
4149660,Natixis Advisors LLC,4119727,Traditional Investment Managers,0.11,USA
4149660,Temasek Holdings (Pvt.) Ltd.,4138769,VC/PE Firms (<5% stake),0.11,Singapore
4149660,Edward Jones Trust Co.,1000525,Traditional Investment Managers,0.11,USA
4149660,Teachers Insurance and Annuity Association-College Retirement Equities Fund,4270330,Traditional Investment Managers,0.11,USA
4149660,RBC Global Asset Management Inc.,4281265,Traditional Investment Managers,0.1,Canada
4149660,Danske Bank A/S,4080954,Traditional Investment Managers,0.1,Denmark
4149660,LGT Capital Partners (FL) Ltd.,4139756,Traditional Investment Managers,0.1,Liechtenstein
4149660,West Yorkshire Pension Fund,4139641,Government Pension Sponsors,0.1,United Kingdom
4149660,Mutual Trust Pty. Ltd.,4393434,Family Offices/Trusts,0.1,Australia
4149660,ZKB Asset Management,5753419,Traditional Investment Managers,0.1,Switzerland
4149660,BNY Asset Management,4057506,Traditional Investment Managers,0.09,USA
4149660,Kuwait Investment Authority,4055370,Sovereign Wealth Funds (<5% stake),0.09,Kuwait
4149660,EARNEST Partners LLC,4104362,Traditional Investment Managers,0.09,USA
4149660,BNP Paribas Financial Markets SNC,4310789,Traditional Investment Managers,0.09,France
4149660,Wellington Management Group LLP,4579014,Traditional Investment Managers,0.09,USA
4149660,Lombard Odier Darier Hentsch & Cie Asset Management,5749063,Traditional Investment Managers,0.09,Switzerland
4149660,Aegon Asset Management UK Plc,4298314,Traditional Investment Managers,0.09,United Kingdom
4149660,Mercer Global Investments Europe Limited,5759394,Traditional Investment Managers,0.08,Ireland
4149660,Border To Coast Pensions Partnership Ltd.,10499632,Government Pension Sponsors,0.08,United Kingdom
4149660,ADG Verto Capital Management S.à.r.l.,100481170,Traditional Investment Managers,0.08,Luxembourg
4149660,Royal Bank of Canada,100522,Banks/Investment Banks,0.08,Canada
4149660,LBBW Asset Management Investment GmbH,4242466,Traditional Investment Managers,0.08,Germany
4149660,DJE Kapital AG,4212529,Traditional Investment Managers,0.08,Germany
4149660,Jupiter Fund Management PLC,4271664,Traditional Investment Managers,0.08,United Kingdom
4149660,Wells Fargo & Co.,100382,Banks/Investment Banks,0.08,USA
4149660,Interactive Brokers Group Inc.,4153870,Banks/Investment Banks,0.08,USA
4149660,Sumitomo Mitsui DS Asset Management Co. Ltd.,4140078,Traditional Investment Managers,0.08,Japan
4149660,Schroder Investment Mgmt (Singapore) Ltd.,4139955,Traditional Investment Managers,0.08,Singapore
4149660,American Century Investment Management Inc,111074,Traditional Investment Managers,0.07,USA
4149660,J O Hambro Capital Management Ltd.,4056595,Traditional Investment Managers,0.07,United Kingdom
4149660,Phoenix Group PLC,114675656,Corporations (Public),0.07,United Arab Emirates
4149660,The Toronto-Dominion Bank,100519,Traditional Investment Managers,0.07,Canada
4149660,Bank Pictet & Cie (Europe) AG,4138890,Traditional Investment Managers,0.07,Germany
4149660,Altshuler Shaham Ltd.,5755714,Traditional Investment Managers,0.07,Israel
4149660,Killik Asset Management,5763781,Traditional Investment Managers,0.07,United Kingdom
4149660,UniCredit SpA,4055762,Banks/Investment Banks,0.07,Italy
4149660,1832 Asset Management LP,4248288,Traditional Investment Managers,0.07,Canada
4149660,BBVA Asset Management S.A. S.G.I.I.C,4138393,Traditional Investment Managers,0.07,Spain
4149660,Artemis Investment Management LLP,5828077,Traditional Investment Managers,0.07,United Kingdom
4149660,IAG Asset Management Ltd.,4139108,Traditional Investment Managers,0.07,Australia
4149660,AXA Investment Managers UK Ltd.,4405395,Traditional Investment Managers,0.07,United Kingdom
4149660,ClearBridge Investment Management Ltd.,110891,Traditional Investment Managers,0.06,United Kingdom
4149660,Vontobel Asset Management AG,4138727,Traditional Investment Managers,0.06,Switzerland
4149660,Jane Street Group LLC,4437851,Traditional Investment Managers,0.06,USA
4149660,ING Solutions Investment Management S.A.,5851393,Traditional Investment Managers,0.06,Luxembourg
4149660,SG Americas Securities LLC,4092965,Banks/Investment Banks,0.06,USA
4149660,Handelsbanken Asset Management,4140470,Traditional Investment Managers,0.06,Sweden
4149660,National Bank of the Republic of Kazakhstan,4233720,State Owned Shares,0.06,Kazakhstan
4149660,Public Sector Pension Investment Board,4150190,Government Pension Sponsors,0.06,Canada
4149660,LLB Asset Management AG,4760049,Traditional Investment Managers,0.06,Liechtenstein
4149660,Wilson Asset Management (International) P,4139656,Traditional Investment Managers,0.06,Australia
4149660,Renaissance Technologies LLC,4048646,Hedge Fund Managers (<5% stake),0.06,USA
4149660,First Trust Advisors LP,4033550,Traditional Investment Managers,0.06,USA
4149660,SEI Investments Co.,102729,Traditional Investment Managers,0.06,USA
4149660,California State Teachers' Retirement System,4047959,Government Pension Sponsors,0.06,USA
4149660,U.S. Bancorp Asset Management Inc.,4073155,Traditional Investment Managers,0.06,USA
4149660,RBC Dominion Securities Inc.,4056453,Banks/Investment Banks,0.06,Canada
4149660,Sumitomo Mitsui Financial Group Inc.,4086518,Banks/Investment Banks,0.06,Japan
4149660,Korea Investment Corp.,4213799,Sovereign Wealth Funds (<5% stake),0.06,South Korea
4149660,Managed Account Advisors LLC,4187561,Traditional Investment Managers,0.06,USA
4149660,Todd Asset Management LLC,110634,Traditional Investment Managers,0.05,USA
4149660,Raymond James Financial Inc.,102771,Traditional Investment Managers,0.05,USA
4149660,Envestnet Asset Management Inc.,4072215,Traditional Investment Managers,0.05,USA
4149660,SAMA Foreign Holdings,5807369,Sovereign Wealth Funds (<5% stake),0.05,Saudi Arabia
4149660,Trade Republic Bank GmbH,10879397,Banks/Investment Banks,0.05,Germany
4149660,Bank J. Safra Sarasin AG,4138267,Traditional Investment Managers,0.05,Switzerland
4149660,Amundi Luxembourg S.A.,4765178,Traditional Investment Managers,0.05,Luxembourg
4149660,Peter & Lyndy White Foundation Pty Ltd,8386766,Charitable Foundations,0.05,Australia
4149660,SEB Funds AB,4256960,Traditional Investment Managers,0.05,Latvia
4149660,Natixis SA,4077805,Banks/Investment Banks,0.05,France
4149660,Pacer Advisors Inc.,4539004,Traditional Investment Managers,0.05,USA
4149660,BNPP Asset Management Holding,13582910,Traditional Investment Managers,0.05,France
4149660,CM-CIC Asset Management SA,4139024,Traditional Investment Managers,0.05,France
4149660,Cullen Capital Management LLC,4099072,Traditional Investment Managers,0.05,USA
4149660,BNP Paribas Securities Corp.,109247,Banks/Investment Banks,0.05,USA
4149660,EFG Bank AG,4147586,Banks/Investment Banks,0.05,Switzerland
4149660,Milford Asset Management LTD,4211891,Traditional Investment Managers,0.05,New Zealand
4149660,Australian United Investment Co. Ltd.,4137842,Traditional Investment Managers,0.05,Australia
4149660,Wesleyan Unit Trust Managers Ltd.,4139637,Traditional Investment Managers,0.05,United Kingdom
4149660,RREEF America L.L.C.,4048674,Traditional Investment Managers,0.04,USA
4149660,KBC Asset Management NV,4111901,Traditional Investment Managers,0.04,Belgium
4149660,Universal Investment GmbH,4630169,Traditional Investment Managers,0.04,Germany
4149660,London Wealth Management Ltd,7643180,Traditional Investment Managers,0.04,United Kingdom
4149660,Sjunde AP-fonden,4140101,Government Pension Sponsors,0.04,Sweden
4149660,City of Edinburgh Council,4609080,State Owned Shares,0.04,United Kingdom
4149660,DBX Advisors LLC,4318598,Traditional Investment Managers,0.04,USA
4149660,BPER Banca SpA,4219855,Traditional Investment Managers,0.04,Italy
4149660,flatexDEGIRO Bank AG,4316135,Banks/Investment Banks,0.04,Germany
4149660,Union Bancaire Privee Asset Management LLC,4118992,Traditional Investment Managers,0.04,USA
4149660,Nomura Asset Management Co. Ltd.,4048507,Traditional Investment Managers,0.04,Japan
4149660,Cecabank SA,4405893,Banks/Investment Banks,0.04,Spain
4149660,Aviva Investors UK Fund Services Limited,5746445,Traditional Investment Managers,0.04,United Kingdom
4149660,GWL Investment Management Ltd.,4048184,Traditional Investment Managers,0.04,Canada
4149660,Banque de Luxembourg SA,4138309,Traditional Investment Managers,0.04,Luxembourg
4149660,High Ground Investment Management LLP,19070475,Hedge Fund Managers (<5% stake),0.04,United Kingdom
4149660,Joh. Berenberg Gossler & Co. KG,4138286,Traditional Investment Managers,0.04,Germany
4149660,Lightman Investment Management Ltd.,13420158,Traditional Investment Managers,0.04,United Kingdom
4149660,Ceská Národní Banka,4235357,State Owned Shares,0.04,Czechia
4149660,JOHCM (USA) Inc,4398826,Traditional Investment Managers,0.04,USA
4149660,Quilter Investors Ltd.,4388424,Traditional Investment Managers,0.04,United Kingdom
4149660,RWC Partners Ltd.,4135098,Traditional Investment Managers,0.04,United Kingdom
4149660,Bank of America Corp.,100369,Banks/Investment Banks,0.04,USA
4149660,IOOF Investment Services Ltd.,4216451,Traditional Investment Managers,0.04,Australia
4149660,Canada Pension Plan Investment Board,4153483,Government Pension Sponsors,0.03,Canada
4149660,Candriam Société En Commandite Par Actions,4578989,Traditional Investment Managers,0.03,Luxembourg
4149660,Teachers' Retirement System of the State of Kentucky,4324992,Government Pension Sponsors,0.03,USA
4149660,Teacher Retirement System of Texas,4139256,Government Pension Sponsors,0.03,USA
4149660,AllianceBernstein LP,109806,Traditional Investment Managers,0.03,USA
4149660,NatWest Markets PLC,3002056,Traditional Investment Managers,0.03,United Kingdom
4149660,Adage Capital Management LP,4081046,Hedge Fund Managers (<5% stake),0.03,USA
4149660,VP Fund Solutions (Liechtenstein) AG,4782245,Traditional Investment Managers,0.03,Liechtenstein
4149660,Capital Advisors Inc.,4055201,Traditional Investment Managers,0.03,USA
4149660,New Jersey Division of Investment,4138462,Government Pension Sponsors,0.03,USA
4149660,LPL Financial LLC,4026057,Traditional Investment Managers,0.03,USA
4149660,Creative Planning LLC,4117421,Traditional Investment Managers,0.03,USA
4149660,United Nations (UN ) Investment Management Division,6789688,Government Pension Sponsors,0.03,USA
4149660,National Bank Investments Inc.,4575993,Traditional Investment Managers,0.03,Canada
4149660,Russell Investment Management LLC,111359,Traditional Investment Managers,0.03,USA
4149660,Nomura Holdings Inc.,4085931,Traditional Investment Managers,0.03,Japan
4149660,Abu Dhabi Investment Authority,4137795,Sovereign Wealth Funds (<5% stake),0.03,United Arab Emirates
4149660,La Mondiale Gestion D'actifs,5758168,Traditional Investment Managers,0.03,France
4149660,Sarasin & Partners LLP,4141040,Traditional Investment Managers,0.03,United Kingdom
4149660,GAM Holding AG,4056821,Traditional Investment Managers,0.03,Switzerland
4149660,BCEE Asset Management SA,4323357,Traditional Investment Managers,0.03,Luxembourg
4149660,Hudson River Trading LLC,4383268,Banks/Investment Banks,0.03,USA
4149660,LUKB Expert Fondsleitung AG,4139662,Traditional Investment Managers,0.03,Switzerland
4149660,Internationale Kapitalanlagegesellschaft Mit Beschränkter Haftung,4213761,Traditional Investment Managers,0.03,Germany
4149660,Saxo Bank A/S,4233769,Traditional Investment Managers,0.03,Denmark
4149660,Rathbones Asset Management Ltd.,4140567,,0.03,United Kingdom
4149660,Scalable Capital GmbH,19504165,Banks/Investment Banks,0.03,Germany
4149660,Trading 212 UK Ltd.,9159561,Banks/Investment Banks,0.03,United Kingdom
4149660,KLP Pensjonsforsikring AS,5757861,Government Pension Sponsors,0.03,Norway
4149660,Warburg Invest Kapitalanlage GmbH,4139610,Traditional Investment Managers,0.03,Germany
4149660,Pacific Heights Asset Management LLC,4115842,Traditional Investment Managers,0.03,USA
4149660,InsingerGilissen Asset Management NV,14953692,Traditional Investment Managers,0.03,Netherlands
4149660,Tredje AP-fonden,4139758,Government Pension Sponsors,0.03,Sweden
4149660,St. Galler Kantonalbank AG,4182942,Traditional Investment Managers,0.03,Switzerland
4149660,Bayview Asset Management Co. Ltd,4547617,Hedge Fund Managers (<5% stake),0.03,Japan
4149660,ABC Arbitrage Asset Management SA,4545294,Traditional Investment Managers,0.02,France
4149660,Manulife Asset Management,5747632,Traditional Investment Managers,0.02,Canada
4149660,SIGNAL IDUNA Asset Management GmbH,4547746,Traditional Investment Managers,0.02,Germany
4149660,Vermeer Investment Management Limited,5876506,Traditional Investment Managers,0.02,United Kingdom
4149660,Ruth Asset Management,11963653,Traditional Investment Managers,0.02,USA
4149660,Thrivent Investment Management Inc.,4102247,Traditional Investment Managers,0.02,USA
4149660,BNP Paribas Asset Management Europe,4784107,Traditional Investment Managers,0.02,France
4149660,Vanguard Global Advisers LLC,4337989,Traditional Investment Managers,0.02,USA
4149660,Fourth Swedish National Pension Fund (AP4),4140538,Government Pension Sponsors,0.02,Sweden
4149660,Mercer Investments LLC,4119790,Traditional Investment Managers,0.02,USA
4149660,IG Investment Management Ltd.,4005523,Traditional Investment Managers,0.02,Canada
4149660,PGIM Inc.,4119440,Traditional Investment Managers,0.02,USA
4149660,McInroy & Wood Limited,5753470,Traditional Investment Managers,0.02,United Kingdom
4149660,Eurizon Capital SGR SpA,4324456,Traditional Investment Managers,0.02,Italy
4149660,TD Asset Management Inc.,4093616,Traditional Investment Managers,0.02,Canada
4149660,Quintet Asset Management SA,4138868,Traditional Investment Managers,0.02,Luxembourg
4149660,Bank Negara Malaysia,4109058,State Owned Shares,0.02,Malaysia
4149660,Oregon Public Employees Retirement Fund,4251507,Government Pension Sponsors,0.02,USA
4149660,Invesco Capital Management LLC,4117611,Traditional Investment Managers,0.02,USA
4149660,Polar Capital Holdings PLC,4195225,Traditional Investment Managers,0.02,United Kingdom
4149660,BHF Trust Management Gesellschaft fur Vermogensverwaltung mbH,4209510,Traditional Investment Managers,0.02,Germany
4149660,Teachers' Retirement System of the State of Illinois,4295708,Government Pension Sponsors,0.02,USA
4149660,Raiffeisenlandesbank Oberösterreich AG,4213238,Banks/Investment Banks,0.02,Austria
4149660,ODDO BHF ASSET MANAGEMENT GmbH,4422379,Traditional Investment Managers,0.02,Germany
4149660,Brown Shipley & Co. Ltd.,4138407,Traditional Investment Managers,0.02,United Kingdom
4149660,Bankinter Gestion de Activos S.A. S.G.I.I.C.,4323005,Traditional Investment Managers,0.02,Spain
4149660,Victory Capital Management Inc.,110674,Traditional Investment Managers,0.02,USA
4149660,Macquarie Group Ltd.,4049169,Banks/Investment Banks,0.02,Australia
4149660,Asset Management One Co. Ltd.,4120033,Traditional Investment Managers,0.02,Japan
4149660,MEAG MUNICH ERGO Kapitalanlagegesellschaft mbH,4137909,Traditional Investment Managers,0.02,Germany
4149660,Kornitzer Capital Management Inc.,111010,Traditional Investment Managers,0.02,USA
4149660,STRS Ohio,4138856,Government Pension Sponsors,0.02,USA
4149660,Nykredit Portefølje Administration A/S,4556895,Traditional Investment Managers,0.02,Denmark
4149660,GAMCO Investors Inc.,4018163,Traditional Investment Managers,0.02,USA
4149660,Fisher Funds Management Ltd.,4137705,Traditional Investment Managers,0.02,New Zealand
4149660,Putnam LLC,26566323,Traditional Investment Managers,0.02,USA
4149660,Arbejdsmarkedets Tillægspension (Atp),6185335,Traditional Investment Managers,0.02,Denmark
4149660,Keskinäinen Eläkevakuutusyhtiö Ilmarinen,4264488,Insurance Companies,0.02,Finland
4149660,LGT Wealth Management Ltd.,4337594,Traditional Investment Managers,0.02,United Kingdom
4149660,Society of Lloyd's,4409796,Insurance Companies,0.02,United Kingdom
4149660,Degroof Petercam Asset Management,4377155,Traditional Investment Managers,0.02,Belgium
4149660,Barclays Investment Solutions Ltd.,4140526,Traditional Investment Managers,0.02,United Kingdom
4149660,Bayerische Landesbank,4048275,Traditional Investment Managers,0.02,Germany
4149660,Goldman Sachs Wealth Services LP,4027098,Traditional Investment Managers,0.02,USA
4149660,ABN AMRO Bank NV,4000991,Banks/Investment Banks,0.02,Netherlands
4149660,Mutual of America Capital Management LLC,111168,Insurance Companies,0.02,USA
4149660,Brewin Dolphin Wealth Management Ltd.,15005586,Traditional Investment Managers,0.02,Ireland
4149660,Citadel Advisors LLC,4252195,Hedge Fund Managers (<5% stake),0.02,USA
4149660,Allan Gray Australia Pty Ltd.,4321813,Traditional Investment Managers,0.02,Australia
4149660,New York Life Investment Management LLC,4073190,Traditional Investment Managers,0.02,USA
4149660,Oldenburgische Landesbank AG,4182744,Traditional Investment Managers,0.02,Germany
4149660,Oddo BHF Trust GmbH,13033925,Traditional Investment Managers,0.02,Germany
4149660,Penserra Capital Management LLC,4566684,Traditional Investment Managers,0.02,USA
4149660,BNY Mellon Advisors Inc.,4118652,Traditional Investment Managers,0.02,USA
4149660,State of Wisconsin Investment Board,4022450,Government Pension Sponsors,0.02,USA
4149660,SIX Group Ltd.,4245829,Banks/Investment Banks,0.02,Switzerland
4149660,Kingdom Holding Company,4226415,VC/PE Firms (<5% stake),0.02,Saudi Arabia
4149660,Easternmed Asset Management Services Ltd.,7719437,Traditional Investment Managers,0.01,Cyprus
4149660,Cidel Asset Management Inc.,4139706,Traditional Investment Managers,0.01,Canada
4149660,E. Öhman J:or Wealth Management,5762164,Traditional Investment Managers,0.01,Sweden
4149660,La Banque Postale Asset Management,4139945,Traditional Investment Managers,0.01,France
4149660,Notz Stucki,4157643,Traditional Investment Managers,0.01,Switzerland
4149660,Anchor Capital Advisors LLC,110954,Traditional Investment Managers,0.01,USA
4149660,Stifel Asset Management Corp.,5774712,Traditional Investment Managers,0.01,USA
4149660,Djerriwarrh Investments Ltd.,4137624,Traditional Investment Managers,0.01,Australia
4149660,Clartan Associés,4304424,Traditional Investment Managers,0.01,France
4149660,DNB Asset Management AS,4343973,Traditional Investment Managers,0.01,Norway
4149660,Mirabaud Asset Management Ltd.,4870942,Traditional Investment Managers,0.01,United Kingdom
4149660,St. James Place Investment Management Ltd.,4138925,Traditional Investment Managers,0.01,United Kingdom
4149660,INTECH Investment Management LLC,111528,Traditional Investment Managers,0.01,USA
4149660,Jennison Associates LLC,109844,Traditional Investment Managers,0.01,USA
4149660,Integrated Financial Arrangements plc,4221781,Banks/Investment Banks,0.01,United Kingdom
4149660,OP Varainhoito Oy,5767199,Traditional Investment Managers,0.01,Finland
4149660,Debeka Asset Management GmbH,10351221,Traditional Investment Managers,0.01,Germany
4149660,IG Group Holdings PLC,4147349,Banks/Investment Banks,0.01,United Kingdom
4149660,Voya Investment Management LLC,4048215,Traditional Investment Managers,0.01,USA
4149660,Fukoku Mutual Life Insurance Co.,4137542,Insurance Companies,0.01,Japan
4149660,Lazard Asset Management LLC,110386,Traditional Investment Managers,0.01,USA
4149660,Cartesio Inversiones S.G.I.I.C. S.A.,4206137,Traditional Investment Managers,0.01,Spain
4149660,Ramsey Crookall & Co. Ltd,7509874,Banks/Investment Banks,0.01,Isle of Man
4149660,Quantinno Capital Management LP,11227495,Traditional Investment Managers,0.01,USA
4149660,Oak Harvest Investment Services LLC,15094269,Traditional Investment Managers,0.01,USA
4149660,Teachers Retirement Systems of Alabama,4141204,Government Pension Sponsors,0.01,USA
4149660,Banque Internationale à Luxembourg SA,4190012,Traditional Investment Managers,0.01,Luxembourg
4149660,Frost Investment Advisors LLC,4219074,Traditional Investment Managers,0.01,USA
4149660,Kapan pensioner,4138993,Government Pension Sponsors,0.01,Sweden
4149660,SteelPeak Wealth LLC,4337842,Traditional Investment Managers,0.01,USA
4149660,Green Arrow Capital SGR SpA,5745911,VC/PE Firms (<5% stake),0.01,Italy
4149660,Dolmen Fund Management,5760038,Traditional Investment Managers,0.01,Ireland
4149660,Hargreaves Lansdown Fund Managers Ltd.,4607361,Traditional Investment Managers,0.01,United Kingdom
4149660,Global X Management (Aus) Ltd.,8365031,Traditional Investment Managers,0.01,Australia
4149660,Robeco (Schweiz) AG,6551991,Traditional Investment Managers,0.01,Switzerland
4149660,O'Shaughnessy Asset Management LLC,4166919,Traditional Investment Managers,0.01,USA
4149660,Marshall Wace LLP,4135104,Hedge Fund Managers (<5% stake),0.01,United Kingdom
4149660,Cetera Investment Advisers LLC,4115973,Traditional Investment Managers,0.01,USA
4149660,Mackenzie Financial Corp.,106960,Traditional Investment Managers,0.01,Canada
4149660,Nissay Asset Management Corp.,4116134,Traditional Investment Managers,0.01,Japan
4149660,Allspring Global Investments LLC,110570,Traditional Investment Managers,0.01,USA
4149660,Catalyst Funds Management Pty. Ltd.,29586471,Hedge Fund Managers (<5% stake),0.01,Australia
4149660,Baring Asset Management Ltd.,111272,Traditional Investment Managers,0.01,United Kingdom
4149660,Oppenheimer Asset Management Inc.,110379,Traditional Investment Managers,0.01,USA
4149660,Scotiabank Global Banking and Markets Asset Management Division,5752951,Traditional Investment Managers,0.01,Canada
4149660,SCS Capital Management LLC,4119698,Traditional Investment Managers,0.01,USA
4149660,New York State Common Retirement Fund,4043174,Government Pension Sponsors,0.01,USA
4149660,MAPFRE Asset Management,5782831,Traditional Investment Managers,0.01,Spain
4149660,AQR Capital Management LLC,4119538,Hedge Fund Managers (<5% stake),0.01,USA
4149660,Carlton Investments Ltd.,4212885,Traditional Investment Managers,0.01,Australia
4149660,Capricorn Fund Managers (Pty) Ltd.,4320445,Hedge Fund Managers (<5% stake),0.01,South Africa
4149660,GuideStone Capital Management LLC,4115935,Traditional Investment Managers,0.01,USA
4149660,AFH Independent Financial Services Limited,7794310,Traditional Investment Managers,0.01,United Kingdom
4149660,Bell Bank,1015418,Banks/Investment Banks,0.01,USA
4149660,WCM Investment Management LLC,110332,Traditional Investment Managers,0.01,USA
4149660,Capital Wealth Planning LLC,4255790,Traditional Investment Managers,0.01,USA
4149660,Greenline Partners LLC,4338213,Traditional Investment Managers,0.01,USA
4149660,Tidal Investments LLC,4338202,Traditional Investment Managers,0.01,USA
4149660,Amova Asset Management Co. Ltd.,4107954,,0.01,Japan
4149660,Mainstream Fund Services Pty. Ltd..,7796161,Traditional Investment Managers,0.01,Australia
4149660,Cohen & Steers Capital Management Inc.,111434,Traditional Investment Managers,0.01,USA
4149660,Architas Multi-Manager Europe Ltd.,5813728,Traditional Investment Managers,0.01,Ireland
4149660,Foresight Global Investors Inc.,4642250,Traditional Investment Managers,0.01,USA
4149660,Daiwa Asset Management Co. Ltd.,4137704,Traditional Investment Managers,0.01,Japan
4149660,International Fund Management SA,4798092,Traditional Investment Managers,0.01,Luxembourg
4149660,Commonwealth Equity Services LLC,4026737,Traditional Investment Managers,0.01,USA
4149660,Kapitalo Investimentos Ltda.,5822125,Hedge Fund Managers (<5% stake),0.01,Brazil
4149660,Segment Wealth Management LLC,4337908,Traditional Investment Managers,0.01,USA
4149660,Sanctuary Advisors LLC,4621992,Traditional Investment Managers,0.01,USA
4149660,Danske Capital Denmark,4137587,Traditional Investment Managers,0.01,Denmark
4149660,ClariVest Asset Management LLC,4134083,Traditional Investment Managers,0.01,USA
4149660,Azimut Capital Management Sgr SpA,4547194,Traditional Investment Managers,0.01,Italy
4149660,Rockefeller & Co. LLC,4026892,Traditional Investment Managers,0.01,USA
4149660,Old West Investment Management LLC,4230918,Traditional Investment Managers,0.01,USA
4149660,Moran Wealth Management LLC,23890076,Traditional Investment Managers,0.01,USA
4149660,Schroder Investment Management (Hong Kong) Ltd.,4139954,Traditional Investment Managers,0.01,Hong Kong
4149660,Schroder Investment Management (Japan) Ltd.,4296648,Traditional Investment Managers,0.01,Japan
4149660,Sumitomo Mitsui Trust Asset Management Co. Ltd.,4318240,Traditional Investment Managers,0.01,Japan
4149660,Matthews International Capital Management LLC,110787,Traditional Investment Managers,0.01,USA
4149660,Cambridge Investment Research Advisors Inc.,4117795,Traditional Investment Managers,0.01,USA
4149660,Bridgewater Associates LP,111192,Hedge Fund Managers (<5% stake),0.01,USA
4149660,Crestline Investors Inc,4326048,Hedge Fund Managers (<5% stake),0.01,USA
4149660,Davidson Investment Advisors Inc.,110979,Traditional Investment Managers,0.01,USA
4149660,QRG Capital Management Inc.,19932756,Traditional Investment Managers,0.01,USA
4149660,Groupama Asset Management SA,4140466,Traditional Investment Managers,0.01,France
4149660,Principal Global Investors LLC,4089114,Traditional Investment Managers,0.01,USA
4149660,Orion Portfolio Solutions LLC,4029888,Traditional Investment Managers,0.01,USA
4149660,Thomson Horstmann & Bryant Inc.,4026908,Traditional Investment Managers,0.01,USA
4149660,Curi Capital LLC,4117543,Traditional Investment Managers,0.01,USA
4149660,XTX Markets Ltd.,4853822,Traditional Investment Managers,0.01,United Kingdom
4149660,Horizon Investments LLC,4118373,Traditional Investment Managers,0.01,USA
4149660,Saturna Capital Corp.,113782,Traditional Investment Managers,0.01,USA
4149660,Deltroit Asset Management (UK) LLP,114818640,Family Offices/Trusts,0.01,United Kingdom
4149660,Salem Investment Counselors Inc.,111088,Traditional Investment Managers,0.01,USA
4149660,Naples Global Advisors LLC,4320250,Traditional Investment Managers,0.01,USA
4149660,LMR Partners LLP,4288845,Hedge Fund Managers (<5% stake),0.01,United Kingdom
4149660,Desjardins Global Asset Management Inc.,4226520,Traditional Investment Managers,0.01,Canada
4149660,Mariner LLC,4145924,Traditional Investment Managers,0.01,USA
4149660,Santander Private Banking Gestion S.A. S.G.I.I.C.,4581412,Traditional Investment Managers,0.01,Spain
4149660,Bragg Financial Advisors Inc.,4036799,Traditional Investment Managers,0.01,USA
4149660,Bold Baatar,,Individuals/Insiders,0.01,China
4149660,Osaic Wealth Inc.,109232,Traditional Investment Managers,0.01,USA
4149660,MetLife Investment Management LLC,4187546,Traditional Investment Managers,0.01,USA
4149660,Banque Pictet & Cie SA,4096982,Traditional Investment Managers,0.01,Switzerland
4149660,Y-Intercept (Hong Kong) Ltd.,11146742,Traditional Investment Managers,0.01,Hong Kong
4149660,J.M. Forbes & Co. LLP,4027459,Traditional Investment Managers,0.01,USA
4149660,Van Lanschot Kempen Investment Management NV,4138882,Traditional Investment Managers,0.01,Netherlands
4149660,HighTower Advisors LLC,4222753,Traditional Investment Managers,0.01,USA
4149660,Soltis Investment Advisors LLC,4318601,Traditional Investment Managers,0.01,USA
4149660,Wealth Enhancement Advisory Services LLC,4117722,Traditional Investment Managers,0.01,USA
4149660,Tower Research Capital Europe Limited,5818434,Banks/Investment Banks,0.01,United Kingdom
4149660,ATB Investment Management Inc.,4286133,Traditional Investment Managers,0.01,Canada
4149660,Connor Clark & Lunn Investment Management Ltd.,4035990,Traditional Investment Managers,0.01,Canada
4149660,Squarepoint OPS LLC,4572787,Hedge Fund Managers (<5% stake),0.01,USA
4149660,Waystone Management (UK) Ltd.,5834515,Traditional Investment Managers,0.01,United Kingdom
4149660,Addenda Capital Inc.,4999544,Traditional Investment Managers,0.01,Canada
4149660,Rothschild Asset Management,8276401,Traditional Investment Managers,0.01,France
4149660,Pacific Life Fund Advisors LLC,4188958,Traditional Investment Managers,0.01,USA
4149660,R.I. Vermögensbetreuung Ag,4222570,Traditional Investment Managers,0.01,Germany
4149660,Carson Wealth Management Group,5750365,Traditional Investment Managers,0.01,USA
4149660,Crossmark Global Investments Inc.,110354,Traditional Investment Managers,0.01,USA
4149660,Barometer Capital Management Inc.,4305081,Traditional Investment Managers,0.01,Canada
4149660,AGF Management Ltd.,4156964,Traditional Investment Managers,0.01,Canada
4149660,Janney Montgomery Scott LLC,109355,Banks/Investment Banks,0.01,USA
4149660,Union Asset Management Holding AG,4224292,Traditional Investment Managers,0,Germany
4149660,Canal Insurance Co.,11880,Insurance Companies,0,USA
4149660,Peter Lloyd Cunningham,,Individuals/Insiders,0,China
4149660,Osaic Advisory Services LLC,4560824,Traditional Investment Managers,0,USA
4149660,Cerity Partners LLC,4255907,Traditional Investment Managers,0,USA
4149660,NewEdge Advisors LLC,4556217,Traditional Investment Managers,0,USA
4149660,Employees Retirement System of Texas,4097767,Government Pension Sponsors,0,USA
4149660,LSV Asset Management,4026996,Traditional Investment Managers,0,USA
4149660,MD Financial Management Inc,4399282,Traditional Investment Managers,0,Canada
4149660,BB&T Trust,5743773,Traditional Investment Managers,0,USA
4149660,Consistent Unit Trust Management Co. Ltd.,4139368,Traditional Investment Managers,0,United Kingdom
4149660,Fora Capital LLC,19547874,Hedge Fund Managers (<5% stake),0,USA
4149660,Smartshares Ltd.,4139976,Traditional Investment Managers,0,New Zealand
4149660,Mml Investors Services LLC Brokerage Investments,5858996,Insurance Companies,0,USA
4149660,TLS Advisors LLC,6902537,Hedge Fund Managers (<5% stake),0,USA
4149660,AssetMark Inc.,4115833,Traditional Investment Managers,0,USA
4149660,OneAscent Investment Solutions LLC,4975401,Traditional Investment Managers,0,USA
4149660,Oxbow Advisors LLC,4339274,Traditional Investment Managers,0,USA
4149660,Gilman Hill Asset Management LLC,4187061,Traditional Investment Managers,0,USA
4149660,Goelzer Investment Management Inc.,4027484,Traditional Investment Managers,0,USA
4149660,Canadian Imperial Bank of Commerce,100515,Banks/Investment Banks,0,Canada
4149660,Moors & Cabot Inc.,4045946,Traditional Investment Managers,0,USA
4149660,GLG Partners Inc.,4189276,Hedge Fund Managers (<5% stake),0,USA
4149660,Vanneck Ltd,6234438,VC/PE Firms (<5% stake),0,United Kingdom
4149660,Stephens Capital Management,111198,Traditional Investment Managers,0,USA
4149660,Atria Investments Inc.,4186534,Traditional Investment Managers,0,USA
4149660,Blume Capital Management Inc.,4116470,Traditional Investment Managers,0,USA
4149660,Boston Partners Global Investors Inc.,4158830,Traditional Investment Managers,0,USA
4149660,Tokio Marine Asset Management Co. Ltd.,4139886,Traditional Investment Managers,0,Japan
4149660,Premier Fund Managers Ltd.,4138723,Traditional Investment Managers,0,United Kingdom
4149660,Jordan Park Group LLC,4975164,Traditional Investment Managers,0,USA
4149660,Russell Investment Management Ltd.,4279122,Traditional Investment Managers,0,Australia
4149660,Empower Capital Management LLC,4048185,Traditional Investment Managers,0,USA
4149660,Advisors Asset Management Inc.,4093038,Traditional Investment Managers,0,USA
4149660,A. Montag & Associates Inc.,4055210,Traditional Investment Managers,0,USA
4149660,Gescooperativo S.A. SGIIC,4139074,Traditional Investment Managers,0,Spain
4149660,Societe Generale Investment Solutions (Europe),5804824,Traditional Investment Managers,0,Luxembourg
4149660,Resona Asset Management Co. Ltd.,4629378,Traditional Investment Managers,0,Japan
4149660,Capital Investment Advisors LLC,4118290,Traditional Investment Managers,0,USA
4149660,&Partners LLC,109413,Traditional Investment Managers,0,USA
4149660,Uncommon Cents Investing Inc.,9091776,Traditional Investment Managers,0,USA
4149660,TransMarket Holdings LLC,6951285,Traditional Investment Managers,0,USA
4149660,Morgan Dempsey Capital Management LLC,4048458,Traditional Investment Managers,0,USA
4149660,Himension Capital (Singapore) Pte Ltd.,19400125,Traditional Investment Managers,0,Singapore
4149660,Lombard Odier Asset Management (Switzerland) SA,7060057,Traditional Investment Managers,0,Switzerland
4149660,Universal-Investment-Luxembourg S.A. Niederlassung Frankfurt Am Main,16073228,Traditional Investment Managers,0,Germany
4149660,Purpose Investments Inc.,4773761,Traditional Investment Managers,0,Canada
4149660,Fiduciary Trust Co. International,1006058,Traditional Investment Managers,0,USA
4149660,Cambria Investment Management L.P.,4272541,Traditional Investment Managers,0,USA
4149660,LMCG Investments LLC,4097381,Traditional Investment Managers,0,USA
4149660,National-Bank AG,4150521,Traditional Investment Managers,0,Germany
4149660,Vident Asset Management,4556203,Traditional Investment Managers,0,USA
4149660,Fédération des caisses Desjardins du Québec,4169610,Traditional Investment Managers,0,Canada
4149660,Callan Family Office LLC,101548481,Family Offices/Trusts,0,USA
4149660,Modera Wealth Management LLC,4276679,Traditional Investment Managers,0,USA
4149660,Morningstar Investment Management LLC,4117563,Traditional Investment Managers,0,USA
4149660,Northwestern Mutual Wealth Management Co.,4054540,Traditional Investment Managers,0,USA
4149660,Northwest Bancshares Inc.,1137118,Banks/Investment Banks,0,USA
4149660,QSM Asset Management Ltd.,114967050,Traditional Investment Managers,0,United Kingdom
4149660,Farallon Capital Management L.L.C.,4054577,Hedge Fund Managers (<5% stake),0,USA
4149660,Ausbil Investment Management Ltd.,4565421,Traditional Investment Managers,0,Australia
4149660,D.E. Shaw & Co. LP,109290,Hedge Fund Managers (<5% stake),0,USA
4149660,TrueMark Investments LLC,19746194,Traditional Investment Managers,0,USA
4149660,LGPS Central Limited,7108293,VC/PE Firms (<5% stake),0,United Kingdom
4149660,Leuthold Weeden Capital Management LLC,13908841,Traditional Investment Managers,0,USA
4149660,Susquehanna International Group LLP,4112715,Traditional Investment Managers,0,USA
4149660,Quaestio Capital Management SGR S.p.A Unipersonale,5842097,Traditional Investment Managers,0,Italy
4149660,DRW Holdings LLC,4209260,Traditional Investment Managers,0,USA
4149660,Liontrust Asset Management PLC,4139864,Traditional Investment Managers,0,United Kingdom
4149660,Fideuram Asset Management (Ireland) DAC,4140503,Traditional Investment Managers,0,Ireland
4149660,Brasada Capital Management LP,4388635,Hedge Fund Managers (<5% stake),0,USA
4121019,Capital Research and Management Co.,111195,Traditional Investment Managers,8.35,USA
4121019,BlackRock Inc.,4048287,Traditional Investment Managers,7.41,USA
4121019,Vanguard Capital Management LLC,137764443,Traditional Investment Managers,6.5,USA
4121019,Vanguard Portfolio Management LLC,137765036,Traditional Investment Managers,5.35,USA
4121019,State Street Global Advisors Inc.,110652,Traditional Investment Managers,4.43,USA
4121019,Geode Capital Management LLC,4119759,Traditional Investment Managers,2.91,USA
4121019,PRIMECAP Management Co.,110962,Traditional Investment Managers,2.26,USA
4121019,Two Sigma Investments LP,4110297,Hedge Fund Managers (<5% stake),1.97,USA
4121019,Van Eck Associates Corp.,109888,Traditional Investment Managers,1.71,USA
4121019,Bank of America Corp.,100369,Banks/Investment Banks,1.68,USA
4121019,The Toronto-Dominion Bank,100519,Traditional Investment Managers,1.46,Canada
4121019,EARNEST Partners LLC,4104362,Traditional Investment Managers,1.36,USA
4121019,Eaton Vance Management,109754,Traditional Investment Managers,1.26,USA
4121019,Invesco Capital Management LLC,4117611,Traditional Investment Managers,1.21,USA
4121019,UBS Asset Management AG,4674815,Traditional Investment Managers,1.15,Switzerland
4121019,D.E. Shaw & Co. LP,109290,Hedge Fund Managers (<5% stake),1.14,USA
4121019,JP Morgan Asset Management,110092,Traditional Investment Managers,1.07,USA
4121019,Northern Trust Global Investments,4272373,Traditional Investment Managers,1.03,United Kingdom
4121019,AQR Capital Management LLC,4119538,Hedge Fund Managers (<5% stake),1.02,USA
4121019,Norges Bank Investment Management,4138467,Sovereign Wealth Funds (<5% stake),0.99,Norway
4121019,Charles Schwab Investment Management Inc.,4048695,Traditional Investment Managers,0.98,USA
4121019,Dimensional Fund Advisors LP,111289,Traditional Investment Managers,0.91,USA
4121019,Mirae Asset Global Investments Co. Ltd.,4256114,Traditional Investment Managers,0.83,South Korea
4121019,Goldman Sachs Asset Management LP,110587,Traditional Investment Managers,0.8,USA
4121019,ProShare Advisors LLC,4153606,Traditional Investment Managers,0.8,USA
4121019,PGGM,4623978,Traditional Investment Managers,0.77,Netherlands
4121019,Grantham Mayo Van Otterloo & Co. LLC,110399,Traditional Investment Managers,0.77,USA
4121019,BNY Asset Management,4057506,Traditional Investment Managers,0.68,USA
4121019,Qube Research & Technologies Ltd.,9146348,Traditional Investment Managers,0.66,United Kingdom
4121019,Managed Account Advisors LLC,4187561,Traditional Investment Managers,0.65,USA
4121019,Barclays PLC,114508,Banks/Investment Banks,0.64,United Kingdom
4121019,Morgan Stanley,103042,Banks/Investment Banks,0.63,USA
4121019,JPMorgan Chase & Co.,100201,Banks/Investment Banks,0.63,USA
4121019,Renaissance Technologies LLC,4048646,Hedge Fund Managers (<5% stake),0.62,USA
4121019,Goldman Sachs Group Inc.,4039450,Traditional Investment Managers,0.59,USA
4121019,Vanguard Fiduciary Trust Co.,5752504,Traditional Investment Managers,0.56,USA
4121019,SEI Investments Co.,102729,Traditional Investment Managers,0.55,USA
4121019,Amundi Asset Management SAS,4026948,Traditional Investment Managers,0.53,France
4121019,Millennium Management LLC,4135463,Hedge Fund Managers (<5% stake),0.51,USA
4121019,Handelsbanken Asset Management,4140470,Traditional Investment Managers,0.51,Sweden
4121019,Empower Advisory Group LLC,4117125,Traditional Investment Managers,0.51,USA
4121019,Jacobs Levy Equity Management Inc,111247,Traditional Investment Managers,0.48,USA
4121019,Connor Clark & Lunn Investment Management Ltd.,4035990,Traditional Investment Managers,0.47,Canada
4121019,Deutsche Asset & Wealth Management,111219,Traditional Investment Managers,0.47,USA
4121019,Altshuler Shaham Ltd.,5755714,Traditional Investment Managers,0.45,Israel
4121019,LPL Financial LLC,4026057,Traditional Investment Managers,0.44,USA
4121019,Barclays Bank PLC,4041196,Banks/Investment Banks,0.41,United Kingdom
4121019,Franklin Resources Inc.,102719,Traditional Investment Managers,0.41,USA
4121019,AllianceBernstein LP,109806,Traditional Investment Managers,0.37,USA
4121019,Wells Fargo & Co.,100382,Banks/Investment Banks,0.37,USA
4121019,Citigroup Inc.,4041896,Banks/Investment Banks,0.35,USA
4121019,HB Wealth Management LLC,4029686,Traditional Investment Managers,0.34,USA
4121019,Voloridge Investment Management LLC,4256115,Hedge Fund Managers (<5% stake),0.32,USA
4121019,Capital Fund Management S.A.,4117333,Hedge Fund Managers (<5% stake),0.32,France
4121019,Russell Investment Management LLC,111359,Traditional Investment Managers,0.3,USA
4121019,HSBC Global Asset Management (UK) Ltd.,4115698,Traditional Investment Managers,0.28,United Kingdom
4121019,Legal & General Investment Management Ltd.,4139862,Traditional Investment Managers,0.28,United Kingdom
4121019,Baillie Gifford & Co.,4026973,Traditional Investment Managers,0.27,United Kingdom
4121019,Thrivent Investment Management Inc.,4102247,Traditional Investment Managers,0.26,USA
4121019,Allianz Asset Management GmbH,4208127,Traditional Investment Managers,0.25,Germany
4121019,BNP Paribas Financial Markets SNC,4310789,Traditional Investment Managers,0.25,France
4121019,BMO Asset Management Corp.,109988,Traditional Investment Managers,0.25,USA
4121019,DWS Investment Management Americas Inc.,4089578,Traditional Investment Managers,0.25,USA
4121019,Teachers Insurance and Annuity Association-College Retirement Equities Fund,4270330,Traditional Investment Managers,0.24,USA
4121019,Royal Bank of Canada,100522,Banks/Investment Banks,0.24,Canada
4121019,Susquehanna International Group LLP,4112715,Traditional Investment Managers,0.24,USA
4121019,Envestnet Asset Management Inc.,4072215,Traditional Investment Managers,0.23,USA
4121019,California Public Employees' Retirement System,4005175,Government Pension Sponsors,0.23,USA
4121019,T. Rowe Price Group Inc.,4055767,Traditional Investment Managers,0.23,USA
4121019,Tudor Investment Corp.,4022690,Hedge Fund Managers (<5% stake),0.23,USA
4121019,Pictet Asset Management Ltd.,111267,Traditional Investment Managers,0.22,United Kingdom
4121019,Natixis Advisors LLC,4119727,Traditional Investment Managers,0.21,USA
4121019,"ID-Sparinvest, Filial af Sparinvest S.A., Luxembourg",5776820,Traditional Investment Managers,0.21,Denmark
4121019,Vanguard Global Advisers LLC,4337989,Traditional Investment Managers,0.21,USA
4121019,Nordea Investment Management AB,4026994,Traditional Investment Managers,0.21,Sweden
4121019,Vest Financial LLC,4377128,Traditional Investment Managers,0.21,USA
4121019,Grandfield & Dodd LLC,4119339,Traditional Investment Managers,0.2,USA
4121019,RREEF America L.L.C.,4048674,Traditional Investment Managers,0.2,USA
4121019,Schweizerische Nationalbank,4218551,Banks/Investment Banks,0.2,Switzerland
4121019,Invesco Ltd.,103661,Traditional Investment Managers,0.2,USA
4121019,ALPS Advisors Inc.,4143440,Traditional Investment Managers,0.19,USA
4121019,Electron Capital Partners LLC,4425363,Hedge Fund Managers (<5% stake),0.19,USA
4121019,Merrill Lynch Pierce Fenner & Smith Inc.,3006816,Banks/Investment Banks,0.19,USA
4121019,Nomura Asset Management Co. Ltd.,4048507,Traditional Investment Managers,0.18,Japan
4121019,Himension Capital (Singapore) Pte Ltd.,19400125,Traditional Investment Managers,0.18,Singapore
4121019,Edward Jones Trust Co.,1000525,Traditional Investment Managers,0.17,USA
4121019,Assenagon Asset Management S.A.,5805166,Traditional Investment Managers,0.17,Luxembourg
4121019,Raymond James Financial Inc.,102771,Traditional Investment Managers,0.17,USA
4121019,Rhumbline Advisers Ltd Partnership,109968,Traditional Investment Managers,0.17,USA
4121019,SAMA Foreign Holdings,5807369,Sovereign Wealth Funds (<5% stake),0.17,Saudi Arabia
4121019,Pacific Heights Asset Management LLC,4115842,Traditional Investment Managers,0.17,USA
4121019,GWL Investment Management Ltd.,4048184,Traditional Investment Managers,0.17,Canada
4121019,FMR LLC,3000896,Traditional Investment Managers,0.17,USA
4121019,Carson Wealth Management Group,5750365,Traditional Investment Managers,0.17,USA
4121019,RobecoSAM AG,4233855,Traditional Investment Managers,0.17,Switzerland
4121019,First Trust Advisors LP,4033550,Traditional Investment Managers,0.16,USA
4121019,Holocene Advisors LP,4975443,Hedge Fund Managers (<5% stake),0.16,USA
4121019,Citadel Advisors LLC,4252195,Hedge Fund Managers (<5% stake),0.15,USA
4121019,Lord Abbett & Co. LLC,109849,Traditional Investment Managers,0.15,USA
4121019,SG Americas Securities LLC,4092965,Banks/Investment Banks,0.15,USA
4121019,National Bank Investments Inc.,4575993,Traditional Investment Managers,0.14,Canada
4121019,Algert Global LLC,4116616,Hedge Fund Managers (<5% stake),0.14,USA
4121019,Mitsubishi UFJ Asset Management Co. Ltd.,4607441,Traditional Investment Managers,0.14,Japan
4121019,AGF Management Ltd.,4156964,Traditional Investment Managers,0.14,Canada
4121019,Massachusetts Financial Services Company,109763,Traditional Investment Managers,0.14,USA
4121019,NFJ Investment Group LLC,26632854,Traditional Investment Managers,0.13,USA
4121019,Stifel Asset Management Corp.,5774712,Traditional Investment Managers,0.13,USA
4121019,Castle Hook Partners LP,4850159,Hedge Fund Managers (<5% stake),0.12,USA
4121019,BNP Paribas Asset Management Europe,4784107,Traditional Investment Managers,0.12,France
4121019,Gotham Asset Management LLC,4255620,Hedge Fund Managers (<5% stake),0.12,USA
4121019,California State Teachers' Retirement System,4047959,Government Pension Sponsors,0.12,USA
4121019,Amanah Holdings Trust,138320353,Traditional Investment Managers,0.11,#INVALID COMPANY ID
4121019,Squarepoint OPS LLC,4572787,Hedge Fund Managers (<5% stake),0.11,USA
4121019,Sparinvest SA (Luxembourg),4232927,Traditional Investment Managers,0.11,Luxembourg
4121019,Principal Global Investors LLC,4089114,Traditional Investment Managers,0.11,USA
4121019,Quantinno Capital Management LP,11227495,Traditional Investment Managers,0.11,USA
4121019,Davenport & Co LLC,109376,Traditional Investment Managers,0.11,USA
4121019,Hardman Johnston Global Advisors LLC,4028144,Traditional Investment Managers,0.1,USA
4121019,Janus Henderson Group Ltd.,4147331,Traditional Investment Managers,0.1,United Kingdom
4121019,Canada Pension Plan Investment Board,4153483,Government Pension Sponsors,0.1,Canada
4121019,Clifford Swan Investment Counsel LLC,110930,Family Offices/Trusts,0.1,USA
4121019,Schroder Investment Management Ltd.,4249110,Traditional Investment Managers,0.1,United Kingdom
4121019,U.S. Bancorp Asset Management Inc.,4073155,Traditional Investment Managers,0.1,USA
4121019,Aquatic Capital Management LLC,16894363,Hedge Fund Managers (<5% stake),0.09,USA
4121019,Adage Capital Management LP,4081046,Hedge Fund Managers (<5% stake),0.09,USA
4121019,Old National Bancorp,100391,Banks/Investment Banks,0.09,USA
4121019,State Board of Administration of Florida,4046428,Government Pension Sponsors,0.09,USA
4121019,Driehaus Capital Management LLC,111537,Traditional Investment Managers,0.08,USA
4121019,BIT Capital GmbH,20357377,Traditional Investment Managers,0.08,Germany
4121019,Vanguard Asset Management Ltd.,4723508,Traditional Investment Managers,0.08,United Kingdom
4121019,New York State Common Retirement Fund,4043174,Government Pension Sponsors,0.08,USA
4121019,New York State Teachers' Retirement System,4024165,Government Pension Sponsors,0.08,USA
4121019,Old West Investment Management LLC,4230918,Traditional Investment Managers,0.07,USA
4121019,Jerry Kent Masters Jr.,,Individuals/Insiders,0.07,China
4121019,Universal Investment GmbH,4630169,Traditional Investment Managers,0.07,Germany
4121019,Tidal Investments LLC,4338202,Traditional Investment Managers,0.07,USA
4121019,Voya Investment Management LLC,4048215,Traditional Investment Managers,0.07,USA
4121019,Brandywine Global Investment Management LLC,110295,Traditional Investment Managers,0.07,USA
4121019,PDT Partners LLC,4338363,Hedge Fund Managers (<5% stake),0.07,USA
4121019,Wealth High Governance Asset Management Ltda,109480890,Traditional Investment Managers,0.07,Brazil
4121019,State of Wisconsin Investment Board,4022450,Government Pension Sponsors,0.07,USA
4121019,Mariner LLC,4145924,Traditional Investment Managers,0.06,USA
4121019,Victory Capital Management Inc.,110674,Traditional Investment Managers,0.06,USA
4121019,Columbia Management Investment Advisers LLC,109789,Traditional Investment Managers,0.06,USA
4121019,Manulife Asset Management,5747632,Traditional Investment Managers,0.06,Canada
4121019,Global X Management (Aus) Ltd.,8365031,Traditional Investment Managers,0.06,Australia
4121019,STRS Ohio,4138856,Government Pension Sponsors,0.06,USA
4121019,Focus Partners Wealth LLC,4048984,Traditional Investment Managers,0.06,USA
4121019,Dorsey Wright & Associates LLC,4028811,Traditional Investment Managers,0.06,USA
4121019,ZKB Asset Management,5753419,Traditional Investment Managers,0.06,Switzerland
4121019,Allianz Global Investors U.S. LLC,4262519,Traditional Investment Managers,0.05,USA
4121019,Janney Montgomery Scott LLC,109355,Banks/Investment Banks,0.05,USA
4121019,Bank J. Safra Sarasin AG,4138267,Traditional Investment Managers,0.05,Switzerland
4121019,Walleye Capital LLC,5837967,Hedge Fund Managers (<5% stake),0.05,USA
4121019,IEQ Capital LLC,15092837,Traditional Investment Managers,0.05,USA
4121019,Quadrature Capital Limited,5866138,Hedge Fund Managers (<5% stake),0.05,United Kingdom
4121019,Greenline Partners LLC,4338213,Traditional Investment Managers,0.05,USA
4121019,Vontobel Asset Management Inc.,110470,Traditional Investment Managers,0.05,USA
4121019,TD Asset Management Inc.,4093616,Traditional Investment Managers,0.05,Canada
4121019,CTBC Securities Investment Trust Co. Ltd.,4241120,Traditional Investment Managers,0.05,Taiwan
4121019,Chevy Chase Trust Co.,4072617,Traditional Investment Managers,0.05,USA
4121019,PGIM Inc.,4119440,Traditional Investment Managers,0.05,USA
4121019,Brevan Howard Capital Management LP,4338027,Traditional Investment Managers,0.05,Jersey
4121019,Yousif Capital Management LLC,27861143,Traditional Investment Managers,0.05,USA
4121019,Amova Asset Management Co. Ltd.,4107954,,0.05,Japan
4121019,Counterpoint Mutual Funds LLC,4562830,Traditional Investment Managers,0.05,USA
4121019,State Of New Jersey Police And Firemen's Retirement System,15145549,Government Pension Sponsors,0.05,USA
4121019,&Partners LLC,109413,Traditional Investment Managers,0.05,USA
4121019,Argenta Bank- en Verzekeringsgroep nv,4242091,Traditional Investment Managers,0.04,Belgium
4121019,Kadensa Capital Ltd,7830442,Hedge Fund Managers (<5% stake),0.04,Hong Kong
4121019,Frontier Capital Management Co LLC,111287,Traditional Investment Managers,0.04,USA
4121019,Edgestream Partners L.P.,4320624,Hedge Fund Managers (<5% stake),0.04,USA
4121019,North Carolina Department of State Treasurer,7102056,State Owned Shares,0.04,USA
4121019,W. H. Reaves & Co. Inc.,109166,Traditional Investment Managers,0.04,USA
4121019,Cambridge Investment Research Advisors Inc.,4117795,Traditional Investment Managers,0.04,USA
4121019,Morgan Stanley Asia Ltd.,4222061,Traditional Investment Managers,0.04,Hong Kong
4121019,LBBW Asset Management Investment GmbH,4242466,Traditional Investment Managers,0.04,Germany
4121019,ClearArc Capital Inc.,4073490,Traditional Investment Managers,0.04,USA
4121019,NISA Investment Advisors LLC,110752,Traditional Investment Managers,0.04,USA
4121019,Sicart Associates LLC,4830350,Traditional Investment Managers,0.04,USA
4121019,Schonfeld Strategic Advisors LLC,4663442,Hedge Fund Managers (<5% stake),0.04,USA
4121019,BBVA Asset Management S.A. S.G.I.I.C,4138393,Traditional Investment Managers,0.04,Spain
4121019,American Century Investment Management Inc,111074,Traditional Investment Managers,0.04,USA
4121019,Commonwealth Equity Services LLC,4026737,Traditional Investment Managers,0.04,USA
4121019,SAVA INFOND druzba za upravljanje d.o.o.,4139244,Traditional Investment Managers,0.04,Slovenia
4121019,The Bank of Nova Scotia,100521,Traditional Investment Managers,0.04,Canada
4121019,Cetera Investment Advisers LLC,4115973,Traditional Investment Managers,0.04,USA
4121019,Fourth Swedish National Pension Fund (AP4),4140538,Government Pension Sponsors,0.04,Sweden
4121019,Marshall Wace LLP,4135104,Hedge Fund Managers (<5% stake),0.04,United Kingdom
4121019,Hotchkis & Wiley Capital Management LLC,111254,Traditional Investment Managers,0.04,USA
4121019,Cerity Partners LLC,4255907,Traditional Investment Managers,0.04,USA
4121019,RBC Dominion Securities Inc.,4056453,Banks/Investment Banks,0.04,Canada
4121019,BW Gestao de Investimentos Ltda.,4548258,Family Offices/Trusts,0.04,Brazil
4121019,Great Lakes Advisors LLC,111481,Traditional Investment Managers,0.04,USA
4121019,Merchbanc S.A. S.G.I.I.C,5758410,Traditional Investment Managers,0.04,Spain
4121019,Wealth High Governance Capital Ltda.,28702408,Traditional Investment Managers,0.04,Brazil
4121019,Jennison Associates LLC,109844,Traditional Investment Managers,0.04,USA
4121019,Tennessee Department of Treasury,8321131,State Owned Shares,0.04,USA
4121019,Sarasin & Partners LLP,4141040,Traditional Investment Managers,0.04,United Kingdom
4121019,BNY Mellon Advisors Inc.,4118652,Traditional Investment Managers,0.04,USA
4121019,New Jersey Division of Investment,4138462,Government Pension Sponsors,0.03,USA
4121019,Osaic Wealth Inc.,109232,Traditional Investment Managers,0.03,USA
4121019,SCS Capital Management LLC,4119698,Traditional Investment Managers,0.03,USA
4121019,CIBC World Markets Corp.,109323,Banks/Investment Banks,0.03,USA
4121019,Leonteq AG,4773635,Traditional Investment Managers,0.03,Switzerland
4121019,Bedell Frazier Investment Counselling LLC.,4027116,Traditional Investment Managers,0.03,USA
4121019,AXA Investment Managers UK Ltd.,4405395,Traditional Investment Managers,0.03,United Kingdom
4121019,Pinnacle Associates Ltd.,110322,Traditional Investment Managers,0.03,USA
4121019,Acadian Asset Management LLC,110495,Traditional Investment Managers,0.03,USA
4121019,Rockefeller & Co. LLC,4026892,Traditional Investment Managers,0.03,USA
4121019,Eric W. Norris,,Individuals/Insiders,0.03,China
4121019,Strategic Advisers LLC,4102073,Traditional Investment Managers,0.03,USA
4121019,"Federated Hermes, Inc.",110641,Traditional Investment Managers,0.03,USA
4121019,Netha N. Johnson Jr.,,Individuals/Insiders,0.03,China
4121019,PNC Financial Services Group Inc.,100406,Banks/Investment Banks,0.03,USA
4121019,WealthPLAN Partners LLC,4320477,Traditional Investment Managers,0.03,USA
4121019,Cathay Securities Investment Trust Co. LTD,4240614,Traditional Investment Managers,0.03,Taiwan
4121019,Ohio Public Employees Retirement System,4005755,Government Pension Sponsors,0.03,USA
4121019,Niche Asset Management Limited,13969643,Traditional Investment Managers,0.03,United Kingdom
4121019,Engineers Gate Manager LP,4562926,Hedge Fund Managers (<5% stake),0.03,USA
4121019,Moneta Group Investment Advisors LLC,3005846,Family Offices/Trusts,0.03,USA
4121019,Ceská Národní Banka,4235357,State Owned Shares,0.03,Czechia
4121019,Public Sector Pension Investment Board,4150190,Government Pension Sponsors,0.03,Canada
4121019,DJE Kapital AG,4212529,Traditional Investment Managers,0.03,Germany
4121019,Union Investment Management Group,14361979,Traditional Investment Managers,0.03,USA
4121019,Sir Capital Management L.P.,4226407,Hedge Fund Managers (<5% stake),0.03,USA
4121019,Bridgewater Associates LP,111192,Hedge Fund Managers (<5% stake),0.03,USA
4121019,Occidental Asset Management LLC,4413790,Traditional Investment Managers,0.03,USA
4121019,Arizona State Retirement System,4341361,Government Pension Sponsors,0.03,USA
4121019,DNB Asset Management AS,4343973,Traditional Investment Managers,0.03,Norway
4121019,Stanley-Laman Group Ltd.,4118668,Traditional Investment Managers,0.03,USA
4121019,Waratah Capital Advisors Ltd.,4555673,Hedge Fund Managers (<5% stake),0.03,Canada
4121019,New York Life Investment Management LLC,4073190,Traditional Investment Managers,0.03,USA
4121019,The State of Michigan Retirement Systems,5746518,Government Pension Sponsors,0.03,USA
4121019,Fideuram Asset Management Sgr,101449874,Traditional Investment Managers,0.03,Italy
4121019,Old North State Wealth Management LLC,4230756,Traditional Investment Managers,0.03,USA
4121019,Vanguard Investments Australia Ltd.,4138917,Traditional Investment Managers,0.03,Australia
4121019,Sumitomo Mitsui Trust Asset Management Co. Ltd.,4318240,Traditional Investment Managers,0.03,Japan
4121019,Creative Planning LLC,4117421,Traditional Investment Managers,0.02,USA
4121019,Goldman Sachs Towarzystwo Funduszy Inwestycyjnych SA,7786445,Traditional Investment Managers,0.02,Poland
4121019,"Wilmington Trust Company, Banking & Trust Investments",5781500,Banks/Investment Banks,0.02,USA
4121019,Lincoln Financial Investments Corp.,4119651,Traditional Investment Managers,0.02,USA
4121019,Wealth Enhancement Advisory Services LLC,4117722,Traditional Investment Managers,0.02,USA
4121019,Nationwide Fund Advisors,4087052,Traditional Investment Managers,0.02,USA
4121019,Neuberger Berman Investment Advisers LLC,109731,Traditional Investment Managers,0.02,USA
4121019,MetLife Investment Management LLC,4187546,Traditional Investment Managers,0.02,USA
4121019,HANSAINVEST Hanseatische Investment-GmbH,4425813,Traditional Investment Managers,0.02,Germany
4121019,J.P. Morgan Mansart Management Limited,5856158,Traditional Investment Managers,0.02,United Kingdom
4121019,CIBC Asset Management Inc.,4048742,Traditional Investment Managers,0.02,Canada
4121019,KLP Kapitalforvaltning AS,4138888,Traditional Investment Managers,0.02,Norway
4121019,Pennsylvania Public School Employees' Retirement System,4047402,Government Pension Sponsors,0.02,USA
4121019,Legacy Trust,11893276,Family Offices/Trusts,0.02,USA
4121019,BB&T Trust,5743773,Traditional Investment Managers,0.02,USA
4121019,Putnam LLC,26566323,Traditional Investment Managers,0.02,USA
4121019,Mercer Global Advisors Inc.,111511,Traditional Investment Managers,0.02,USA
4121019,Retirement Systems Of Alabama,4138194,Government Pension Sponsors,0.02,USA
4121019,Blue Edge Capital LLC,4388645,Traditional Investment Managers,0.02,USA
4121019,Goldman Sachs Wealth Services LP,4027098,Traditional Investment Managers,0.02,USA
4121019,Jane Street Group LLC,4437851,Traditional Investment Managers,0.02,USA
4121019,HighTower Advisors LLC,4222753,Traditional Investment Managers,0.02,USA
4121019,Corient Private Wealth LP,101288928,Traditional Investment Managers,0.02,USA
4121019,Boston Partners Global Investors Inc.,4158830,Traditional Investment Managers,0.02,USA
4121019,Mml Investors Services LLC Brokerage Investments,5858996,Insurance Companies,0.02,USA
4121019,Independent Advisor Alliance LLC,4421918,Traditional Investment Managers,0.02,USA
4121019,Waverly Advisors LLC,4118104,Traditional Investment Managers,0.02,USA
4121019,Deka Investment GmbH,4137912,Traditional Investment Managers,0.02,Germany
4121019,Portman Square Capital LLP,5813249,Hedge Fund Managers (<5% stake),0.02,United Kingdom
4121019,Quantbot Technologies LP,4280559,Hedge Fund Managers (<5% stake),0.02,USA
4121019,Pinkerton Wealth LLC,4037111,Traditional Investment Managers,0.02,USA
4121019,Scotiabank Global Banking and Markets Asset Management Division,5752951,Traditional Investment Managers,0.02,Canada
4121019,EPIQ Partners LLC,6676879,Traditional Investment Managers,0.02,USA
4121019,Regions Investment Management Inc.,4048459,Traditional Investment Managers,0.02,USA
4121019,Canadian Imperial Bank of Commerce,100515,Banks/Investment Banks,0.02,Canada
4121019,McMillan Office Inc.,4305229,Family Offices/Trusts,0.02,USA
4121019,Neo Ivy Capital Management LLC,7511087,Hedge Fund Managers (<5% stake),0.02,USA
4121019,Knuff & Co. LLC,11227331,Family Offices/Trusts,0.02,USA
4121019,CWA Asset Management Group LLC,4550962,Traditional Investment Managers,0.02,USA
4121019,Ethic Inc.,4669066,Traditional Investment Managers,0.02,USA
4121019,Comerica Bank,1004911,Traditional Investment Managers,0.02,USA
4121019,Amalgamated Bank's Trust & Investment Services Group,5751335,Traditional Investment Managers,0.02,USA
4121019,AHL Partners LLP,4539092,Hedge Fund Managers (<5% stake),0.02,United Kingdom
4121019,Parkway Wealth Management Group LLC,133113002,Traditional Investment Managers,0.02,USA
4121019,Sprott Inc.,4271661,Traditional Investment Managers,0.02,Canada
4121019,Howard Capital Management Inc.,109842,Family Offices/Trusts,0.02,USA
4121019,Howard Capital Management LLC,4049060,Traditional Investment Managers,0.02,USA
4121019,Utah Retirement Systems,4284141,Government Pension Sponsors,0.02,USA
4121019,Donald J. LaBauve Jr.,,Individuals/Insiders,0.02,China
4121019,Equitile Investments Ltd,8307279,Traditional Investment Managers,0.02,United Kingdom
4121019,XTX Markets Ltd.,4853822,Traditional Investment Managers,0.02,United Kingdom
4121019,Wellington Management Group LLP,4579014,Traditional Investment Managers,0.02,USA
4121019,Vanguard Personalized Indexing Management,13980941,Traditional Investment Managers,0.02,USA
4121019,Northwestern Mutual Wealth Management Co.,4054540,Traditional Investment Managers,0.02,USA
4121019,Y-Intercept (Hong Kong) Ltd.,11146742,Traditional Investment Managers,0.02,Hong Kong
4121019,Krane Funds Advisors LLC,4383779,Traditional Investment Managers,0.02,USA
4121019,Woodline Partners LP,13652109,Hedge Fund Managers (<5% stake),0.02,USA
4121019,Intermede Investment Partners Ltd.,5849830,Traditional Investment Managers,0.02,United Kingdom
4121019,Cavalier Investments LLC,4627242,Traditional Investment Managers,0.02,USA
4121019,Blue Capital Inc.,29232093,Family Offices/Trusts,0.02,USA
4121019,O'Shaughnessy Asset Management LLC,4166919,Traditional Investment Managers,0.02,USA
4121019,Wilmington Trust Investment Advisors Inc.,4026952,Traditional Investment Managers,0.02,USA
4121019,Brown Brothers Harriman & Co.,109183,Traditional Investment Managers,0.01,USA
4121019,Impax Asset Management Group Plc,4144879,Traditional Investment Managers,0.01,United Kingdom
4121019,Empowered Funds LLC,4556191,Traditional Investment Managers,0.01,USA
4121019,Voleon Capital Management LP,4251523,Hedge Fund Managers (<5% stake),0.01,USA
4121019,Daiwa Asset Management Co. Ltd.,4137704,Traditional Investment Managers,0.01,Japan
4121019,Kennondale Capital Management LLC,132981299,Traditional Investment Managers,0.01,#INVALID COMPANY ID
4121019,Erste Towarzystwo Funduszy Inwestycyjnych SA,4138111,Traditional Investment Managers,0.01,Poland
4121019,10X Investments (Pty) Ltd,5842278,Traditional Investment Managers,0.01,South Africa
4121019,NEOS Investment Management LLC,106567697,Traditional Investment Managers,0.01,USA
4121019,Sagefield Capital,14945846,Hedge Fund Managers (<5% stake),0.01,USA
4121019,INTECH Investment Management LLC,111528,Traditional Investment Managers,0.01,USA
4121019,La Banque Postale Asset Management,4139945,Traditional Investment Managers,0.01,France
4121019,Cornerstone Planning LLC,23232760,Traditional Investment Managers,0.01,USA
4121019,Eagle Bluffs Wealth Management LLC,19545927,Traditional Investment Managers,0.01,USA
4121019,BNPP Asset Management Holding,13582910,Traditional Investment Managers,0.01,France
4121019,Blackstone Inc.,4157397,VC/PE Firms (<5% stake),0.01,USA
4121019,Nuveen Investments Inc.,102757,Traditional Investment Managers,0.01,USA
4121019,Atria Investments Inc.,4186534,Traditional Investment Managers,0.01,USA
4121019,Entropy Technologies LP,106602149,Traditional Investment Managers,0.01,USA
4121019,Soltis Investment Advisors LLC,4318601,Traditional Investment Managers,0.01,USA
4121019,IHT Wealth Management LLC,4550921,Traditional Investment Managers,0.01,USA
4121019,Meiji Yasuda Life Insurance Co.,4005681,Corporate Pension Sponsors,0.01,Japan
4121019,Mason Street Advisors LLC,4111157,Insurance Companies,0.01,USA
4121019,Three Seasons Wealth,111449096,Family Offices/Trusts,0.01,USA
4121019,DEVK Asset Management GmbH,4420792,Traditional Investment Managers,0.01,Germany
4121019,"Medivalor, A.V. Agencia de Valores, S.A.",7609147,Traditional Investment Managers,0.01,Spain
4121019,JT Stratford LLC,4621949,Traditional Investment Managers,0.01,USA
4121019,Pathstone Family Office LLC,4255945,Family Offices/Trusts,0.01,USA
4121019,ING Bank NV,4092030,Structured Finance Pool Managers,0.01,Netherlands
4121019,Catalyst Funds Management Pty. Ltd.,29586471,Hedge Fund Managers (<5% stake),0.01,Australia
4121019,Healthcare of Ontario Pension Plan Trust Fund,9877883,Government Pension Sponsors,0.01,Canada
4121019,Numeric Investors LLC,110153,Hedge Fund Managers (<5% stake),0.01,USA
4121019,Manning & Napier Advisors LLC,110939,Traditional Investment Managers,0.01,USA
4121019,Caption Management LLC,7384223,Hedge Fund Managers (<5% stake),0.01,USA
4121019,Xponance Inc.,4034531,Traditional Investment Managers,0.01,USA
4121019,Naples Global Advisors LLC,4320250,Traditional Investment Managers,0.01,USA
4121019,Mackenzie Financial Corp.,106960,Traditional Investment Managers,0.01,Canada
4121019,U.S. Capital Wealth Advisors LLC,6516031,Traditional Investment Managers,0.01,USA
4121019,Oregon Public Employees Retirement Fund,4251507,Government Pension Sponsors,0.01,USA
4121019,Cove Private Wealth LLC,101296674,Traditional Investment Managers,0.01,USA
4121019,Smart Money Group LLC,4765418,Traditional Investment Managers,0.01,USA
4121019,Alejandro Daniel Wolff,,Individuals/Insiders,0.01,China
4121019,BNY Mellon ETF Investment Adviser LLC,19342220,Traditional Investment Managers,0.01,USA
4121019,Mary Lauren Brlas,,Individuals/Insiders,0.01,China
4121019,Allstate Investments LLC,6336348,Insurance Companies,0.01,USA
4121019,Caitong International Asset Management Co. Ltd,9337684,Traditional Investment Managers,0.01,Hong Kong
4121019,Resona Asset Management Co. Ltd.,4629378,Traditional Investment Managers,0.01,Japan
4121019,Landscape Capital Management LLC,4538918,Hedge Fund Managers (<5% stake),0.01,USA
4121019,Mutual of America Capital Management LLC,111168,Insurance Companies,0.01,USA
4121019,Creutz & Partners,4138332,Traditional Investment Managers,0.01,Luxembourg
4121019,PERA Colorado,4047991,Government Pension Sponsors,0.01,USA
4121019,Prelude Capital Management LLC,4134726,Hedge Fund Managers (<5% stake),0.01,USA
4121019,Kestra Advisory Services LLC,4679925,Traditional Investment Managers,0.01,USA
4121019,AMJ Financial Wealth Management LLC,11226113,Traditional Investment Managers,0.01,USA
4121019,UniSuper Management Pty. Ltd.,4214610,Traditional Investment Managers,0.01,Australia
4121019,Jacobi Capital Management LLC,4231303,Traditional Investment Managers,0.01,USA
4121019,Summit Trail Advisors LLC,4617168,Traditional Investment Managers,0.01,USA
4121019,Realta Investment Advisors Inc,4186456,Traditional Investment Managers,0.01,USA
4121019,Hershey Financial Advisers LLC,111741106,Traditional Investment Managers,0.01,USA
4121019,Taylor Hoffman Capital Management LLC,20875413,Traditional Investment Managers,0.01,USA
4121019,Great Wall Fund Management Co. Ltd.,4138760,Traditional Investment Managers,0.01,China
4121019,Monetta Financial Services Inc.,111401,Traditional Investment Managers,0.01,USA
4121019,Gerald A. Steiner,,Individuals/Insiders,0.01,China
4121019,First Sentier Investors (Australia) IM Ltd,4135241,Traditional Investment Managers,0.01,Australia
4121019,Teacher Retirement System of Texas,4139256,Government Pension Sponsors,0.01,USA
4121019,Allspring Global Investments LLC,110570,Traditional Investment Managers,0.01,USA
4121019,Alaska Retirement Management Board,4142680,Government Pension Sponsors,0.01,USA
4121019,GuideStone Capital Management LLC,4115935,Traditional Investment Managers,0.01,USA
4121019,Morgan Stanley Investment Management Inc.,109721,Traditional Investment Managers,0.01,USA
4121019,Arkadios Wealth Advisors LLC,7357690,Traditional Investment Managers,0.01,USA
4121019,Koss-Olinger Consulting LLC,4028162,Traditional Investment Managers,0.01,USA
4121019,Regatta Capital Group LLC,4218931,Traditional Investment Managers,0.01,USA
4121019,Peninsula Asset Management Inc,110345,Traditional Investment Managers,0.01,USA
4121019,Money Concepts International Inc.,4216148,Banks/Investment Banks,0.01,USA
4121019,Patton Fund Management Inc.,4117916,Hedge Fund Managers (<5% stake),0.01,USA
4121019,DBX Advisors LLC,4318598,Traditional Investment Managers,0.01,USA
4121019,SunAmerica Asset Management LLC,111097,Traditional Investment Managers,0.01,USA
4121019,Tower Research Capital Europe Limited,5818434,Banks/Investment Banks,0.01,United Kingdom
4121019,Point Windward Advisors Inc.,4119137,Traditional Investment Managers,0.01,USA
4121019,CapFinancial Partners LLC,4585255,Traditional Investment Managers,0.01,USA
4121019,Virginia Retirement System,4020850,Government Pension Sponsors,0.01,USA
4121019,Omega Global Investors Pty Ltd.,4318315,Traditional Investment Managers,0.01,Australia
4121019,Independent Financial Group LLC,4065531,Traditional Investment Managers,0.01,#INVALID COMPANY ID
4121019,Mitsubishi UFJ Asset Management (UK) Ltd.,4164925,Traditional Investment Managers,0.01,United Kingdom
4121019,Symphonia Società di Gestione del Risparmio SpA,5848328,Traditional Investment Managers,0.01,Italy
4121019,Readystate Asset Management LP,101276038,Hedge Fund Managers (<5% stake),0.01,USA
4121019,Level Wealth Management LLC,107552928,Traditional Investment Managers,0.01,USA
4121019,Parrish Capital LLC,120044509,Traditional Investment Managers,0.01,USA
4121019,United Capital Financial Advisors,4146337,Traditional Investment Managers,0.01,USA
4121019,Storebrand Asset Management AS,4336776,Traditional Investment Managers,0.01,Norway
4121019,A Priori Investment Management Llc,10066781,VC/PE Firms (<5% stake),0.01,USA
4121019,Merewether Investment Management LP,10223830,Hedge Fund Managers (<5% stake),0.01,USA
4121019,Eurizon Capital SGR SpA,4324456,Traditional Investment Managers,0.01,Italy
4121019,AIA Investment Management Private Limited,6594844,Traditional Investment Managers,0.01,Singapore
4121019,Triagen Wealth Management LLC,20282675,Traditional Investment Managers,0.01,USA
4121019,Rothschild Investment LLC,109478,Traditional Investment Managers,0.01,USA
4121019,Williamson Legacy Group LLC,105764139,Traditional Investment Managers,0.01,USA
4121019,Natixis SA,4077805,Banks/Investment Banks,0.01,France
4121019,Venerable Investment Advisers LLC,117285549,Hedge Fund Managers (<5% stake),0.01,USA
4121019,Prudent Man Advisors LLC,4037129,Traditional Investment Managers,0.01,USA
4121019,Dean L. Seavers,,Individuals/Insiders,0.01,China
4121019,Teachers' Retirement System of the State of Kentucky,4324992,Government Pension Sponsors,0.01,USA
4121019,Vontobel Asset Management SA,4825704,Traditional Investment Managers,0.01,Luxembourg
4121019,K.J. Harrison & Partners Inc.,4139212,Traditional Investment Managers,0.01,Canada
4121019,Rafferty Asset Management LLC,4037235,Traditional Investment Managers,0.01,USA
4121019,Cpc Advisors LLC,4027228,Traditional Investment Managers,0.01,USA
4121019,Swiss Life Asset Mgmt AG,4140617,Traditional Investment Managers,0.01,Switzerland
4121019,Norway Savings Asset Management Group,5801829,Family Offices/Trusts,0.01,Norway
4121019,Uncommon Cents Investing Inc.,9091776,Traditional Investment Managers,0.01,USA
4121019,NewEdge Advisors LLC,4556217,Traditional Investment Managers,0.01,USA
4121019,Integrated Wealth Concepts LLC,4785392,Traditional Investment Managers,0.01,USA
4121019,Jackson Creek Investment Advisors LLC,20284388,Traditional Investment Managers,0.01,USA
4121019,Northcrest Asset Management LLC,29155540,Traditional Investment Managers,0.01,USA
4121019,Argenta Asset Management NV Luxembourg Branch,4260241,Traditional Investment Managers,0.01,Luxembourg
4121019,Miller Global Investments LLC,10854337,Family Offices/Trusts,0.01,USA
4121019,GAMMA Investing LLC,26480935,Traditional Investment Managers,0.01,USA
4121019,Jones Kertz & Associates Inc.,4027966,Family Offices/Trusts,0.01,USA
4121019,Clear Street LLC,15038624,Banks/Investment Banks,0.01,USA
4121019,Leibman Financial Servces Inc.,108629926,Traditional Investment Managers,0.01,USA
4121019,Advisors Asset Management Inc.,4093038,Traditional Investment Managers,0.01,USA
4121019,SlateStone Wealth LLC,4937201,Traditional Investment Managers,0.01,USA
4121019,Cloverfields Capital Group LP,19863545,Traditional Investment Managers,0.01,USA
4121019,Charter Research & Investment Group Inc.,4119571,Traditional Investment Managers,0.01,USA
4121019,Oppenheimer Asset Management Inc.,110379,Traditional Investment Managers,0.01,USA
4121019,Arax Advisory Partners LLC,4145387,Traditional Investment Managers,0.01,USA
4121019,Universal-Investment-Luxembourg S.A. Niederlassung Frankfurt Am Main,16073228,Traditional Investment Managers,0.01,Germany
4121019,Twin Tree Management LP,4318557,Hedge Fund Managers (<5% stake),0.01,USA
4121019,Convergence Investment Partners LLC,4224273,Traditional Investment Managers,0.01,USA
4121019,Vinva Investment Management Ltd.,4397028,Hedge Fund Managers (<5% stake),0.01,Australia
4121019,Lazard Asset Management LLC,110386,Traditional Investment Managers,0.01,USA
4121019,The Retirement Planning Company of New England Inc.,4036107,Traditional Investment Managers,0.01,USA
4121019,Kovack Advisors Inc.,4118203,Traditional Investment Managers,0.01,USA
4121019,AXQ Capital LP,105908838,Hedge Fund Managers (<5% stake),0.01,USA
4121019,Norinchukin Zenkyoren Asset Management Co. Ltd.,4138513,Traditional Investment Managers,0.01,Japan
4121019,Clare Market Investments LLC,14335977,Traditional Investment Managers,0.01,USA
4121019,Keystone Financial Group LLC,4434810,Traditional Investment Managers,0.01,USA
4121019,Arrow Capital Management Inc.,4612971,Traditional Investment Managers,0.01,Canada
4121019,Aberdeen Group PLC,4145085,Traditional Investment Managers,0.01,United Kingdom
4121019,William Blair Investment Management LLC,4578628,Traditional Investment Managers,0.01,USA
4121019,Cresset Asset Management LLC,7324562,Traditional Investment Managers,0.01,USA
4121019,Diarmuid B. O'Connell,,Individuals/Insiders,0.01,China
4121019,The Glenmede Trust Company NA,4072625,Traditional Investment Managers,0.01,USA
4121019,Roffman Milller Associates Inc,4030178,Traditional Investment Managers,0.01,USA
4121019,The Ameriflex Group Inc.,19727203,Traditional Investment Managers,0.01,USA
4121019,Machina Capital SAS,5884686,Traditional Investment Managers,0.01,France
4121019,Pacer Advisors Inc.,4539004,Traditional Investment Managers,0.01,USA
4121019,Adams Natural Resources Fund Inc.,4783704,Traditional Investment Managers,0.01,USA
4121019,Greenleaf Trust NA,4032621,Traditional Investment Managers,0.01,USA
4121019,Mizuho Financial Group Inc.,4087990,Traditional Investment Managers,0.01,Japan
4121019,Desjardins Global Asset Management Inc.,4226520,Traditional Investment Managers,0.01,Canada
4121019,Inspire Investing LLC,4904663,Traditional Investment Managers,0.01,USA
4121019,Forty Three Eighteen Advisors LLC,117301104,Traditional Investment Managers,0.01,USA
4121019,Wells Fargo Investment Institute Inc.,4118400,Traditional Investment Managers,0.01,USA
4121019,Infrastructure Capital Advisors LLC,4556202,Traditional Investment Managers,0.01,USA
4121019,Compagnie de Gestion Privée du Patrimoine,4245888,Traditional Investment Managers,0.01,France
4121019,Anchor Capital (Pty) Ltd.,5852503,Traditional Investment Managers,0.01,South Africa
4121019,Jordan Park Group LLC,4975164,Traditional Investment Managers,0.01,USA
4121019,Merit Financial Group LLC,4205871,Traditional Investment Managers,0.01,USA
4121019,Meiji Yasuda Asset Management Co. Ltd.,4586390,Traditional Investment Managers,0.01,Japan
4121019,Two Sigma Securities LLC,4254077,Banks/Investment Banks,0.01,USA
4121019,Quent Capital LLC,20114757,Traditional Investment Managers,0.01,USA
4121019,Wilmington Trust NA,1024488,Banks/Investment Banks,0.01,USA
4121019,Fora Capital LLC,19547874,Hedge Fund Managers (<5% stake),0.01,USA
4121019,Leap Investments LP,19110619,Traditional Investment Managers,0.01,USA
4121019,Hartford Investment Management Co.,110221,Traditional Investment Managers,0.01,USA
4121019,Ensign Peak Advisors Inc.,4108901,Traditional Investment Managers,0.01,USA
4121019,La Caisse de dépôt et placement du Québec,110573,Government Pension Sponsors,0.01,Canada
4121019,Drh VermÖGensverwaltung GmbH,6989270,Traditional Investment Managers,0.01,Germany
4121019,Mystic Asset Management Inc.,4537714,Traditional Investment Managers,0.01,USA
4121019,Marex Group Ltd.,4853792,Banks/Investment Banks,0.01,United Kingdom
4121019,Recurrent Investment Advisors LLC,7357269,Traditional Investment Managers,0.01,USA
4121019,AIGEN Investment Management LP,11041042,Hedge Fund Managers (<5% stake),0.01,USA
4121019,Brown Advisory Inc.,4142541,Traditional Investment Managers,0.01,USA
4121019,Davidson Investment Advisors Inc.,110979,Traditional Investment Managers,0.01,USA
4121019,Bosera Asset Management Co. Ltd.,4329445,Traditional Investment Managers,0.01,China
4121019,CoreCommodity Management LLC,4134208,Traditional Investment Managers,0.01,USA
4121019,DZ Bank AG,4142663,Traditional Investment Managers,0.01,Germany
4121019,Laird Norton Tyee Trust Co.,4048290,Family Offices/Trusts,0.01,USA
4121019,BCV Asset Management,4138167,Traditional Investment Managers,0.01,Switzerland
4121019,Boothbay Fund Management LLC,4560909,Hedge Fund Managers (<5% stake),0.01,USA
4121019,amandea Vermögensverwaltung AG,6729479,Traditional Investment Managers,0.01,Germany
4121019,Bovay & Partenaires SA,5848043,Traditional Investment Managers,0.01,Switzerland
4121019,Louisiana State Employees' Retirement System,4142455,Government Pension Sponsors,0.01,USA
4121019,Thematica SA,9313998,Traditional Investment Managers,0.01,Switzerland
4121019,Park Avenue Securities LLC,4057426,Traditional Investment Managers,0.01,USA
4121019,Glenda J. Minor,,Individuals/Insiders,0.01,China
4121019,Maryland State Retirement and Pension System,4646668,Government Pension Sponsors,0,USA
4121019,Kristin Buchholz Coleman,,Individuals/Insiders,0,China
4121019,Focus Partners Advisor Solutions LLC,4134418,Traditional Investment Managers,0,USA
4121019,Wealthfront Corp.,13486437,Traditional Investment Managers,0,USA
4121019,Mark R. Mummert,,Individuals/Insiders,0,China
4121019,Benjamin Edwards Inc.,4247410,Traditional Investment Managers,0,USA
4121019,Concurrent Investment Advisors LLC,20208578,Traditional Investment Managers,0,USA
4121019,KeyBank NA,1007545,Banks/Investment Banks,0,USA
4121019,AMF Capital AG,4546465,Traditional Investment Managers,0,Germany
4121019,Sierra Summit Advisors LLC,113607650,Family Offices/Trusts,0,USA
4121019,KCM Investment Advisors LLC,4035145,Traditional Investment Managers,0,USA
4121019,WESPAC Advisors LLC,4034609,Traditional Investment Managers,0,USA
4121019,New Mexico Educational Retirement Board,4048488,Government Pension Sponsors,0,USA
4121019,James J. O’Brien,,Individuals/Insiders,0,China
4355642,Minxi Xinghang State-owned Assets Investment Operation Co.Ltd.,4403255,Corporations (Private),23.04,China
4355642,BlackRock Inc.,4048287,Traditional Investment Managers,2.15,USA
4355642,China Securities Finance Corporation Ltd.,4416934,Banks/Investment Banks,1.66,China
4355642,UBS Asset Management AG,4674815,Traditional Investment Managers,1.34,Switzerland
4355642,GIC Pte. Ltd.,4005446,Sovereign Wealth Funds (<5% stake),1.11,Singapore
4355642,Van Eck Associates Corp.,109888,Traditional Investment Managers,1.1,USA
4355642,JP Morgan Asset Management,110092,Traditional Investment Managers,1.03,USA
4355642,Guoxin Investment Co. Ltd.,4843554,Corporations (Private),0.96,China
4355642,Harvest Fund Management Co. Ltd.,4140486,Traditional Investment Managers,0.94,China
4355642,FMR LLC,3000896,Traditional Investment Managers,0.94,USA
4355642,Vanguard Capital Management LLC,137764443,Traditional Investment Managers,0.93,USA
4355642,China Life AMP Asset Management Co. Ltd.,4559567,Traditional Investment Managers,0.76,China
4355642,China Life Asset Management Company Ltd.,4236979,Traditional Investment Managers,0.76,China
4355642,E Fund Management Co. Ltd.,4137681,Traditional Investment Managers,0.74,China
4355642,Perseverance Asset Management LLP,5884796,Traditional Investment Managers,0.68,China
4355642,China Universal Asset Management Co. Ltd.,9020942,Traditional Investment Managers,0.67,China
4355642,Invesco Great Wall Fund Management Co. Ltd,5762318,Traditional Investment Managers,0.65,China
4355642,BNP Paribas SA,3001689,Traditional Investment Managers,0.63,France
4355642,"Zhong Ou Fund Management Co., Ltd",5860959,Traditional Investment Managers,0.6,China
4355642,China Asset Management (Hong Kong) Ltd.,4388745,Traditional Investment Managers,0.59,Hong Kong
4355642,Abu Dhabi Investment Authority,4137795,Sovereign Wealth Funds (<5% stake),0.52,United Arab Emirates
4355642,BNP Paribas Financial Markets SNC,4310789,Traditional Investment Managers,0.51,France
4355642,HSBC Global Asset Management (UK) Ltd.,4115698,Traditional Investment Managers,0.51,United Kingdom
4355642,China Asset Management Co. Ltd.,4139271,Traditional Investment Managers,0.51,China
4355642,Huatai-PineBridge Fund Management Co. Ltd.,4345275,Traditional Investment Managers,0.5,China
4355642,Ping An Asset Management Co. Ltd.,10875409,Traditional Investment Managers,0.48,China
4355642,ICBC Credit Suisse Fund Management Co. Ltd.,4139311,Traditional Investment Managers,0.48,China
4355642,Schroder Investment Management Ltd.,4249110,Traditional Investment Managers,0.44,United Kingdom
4355642,Fullgoal Fund Management Co. Ltd.,4137668,Traditional Investment Managers,0.4,China
4355642,Mirae Asset Global Investments Co. Ltd.,4256114,Traditional Investment Managers,0.4,South Korea
4355642,Schroder Investment Management (Hong Kong) Ltd.,4139954,Traditional Investment Managers,0.38,Hong Kong
4355642,Morgan Stanley,103042,Banks/Investment Banks,0.36,USA
4355642,JPMorgan Chase & Co.,100201,Banks/Investment Banks,0.35,USA
4355642,GF Fund Management Co. Ltd.,4138625,Traditional Investment Managers,0.35,China
4355642,China Southern Asset Management Co. Ltd.,4435100,Traditional Investment Managers,0.31,China
4355642,AEGON-Industrial Fund Mgmt Co.,4139225,Traditional Investment Managers,0.3,China
4355642,Schroder Investment Management North America Inc.,109872,Traditional Investment Managers,0.29,USA
4355642,Bosera Asset Management Co. Ltd.,4329445,Traditional Investment Managers,0.27,China
4355642,Strategic Advisers LLC,4102073,Traditional Investment Managers,0.26,USA
4355642,Shanghai Orient Securities Asset Management Co. Ltd.,5812793,Traditional Investment Managers,0.25,China
4355642,Vanguard Fiduciary Trust Co.,5752504,Traditional Investment Managers,0.24,USA
4355642,Guotai Asset Mgmt Co. Ltd.,4138799,Traditional Investment Managers,0.23,China
4355642,Fidelity International Ltd.,4020980,Traditional Investment Managers,0.22,Bermuda
4355642,Baillie Gifford & Co.,4026973,Traditional Investment Managers,0.22,United Kingdom
4355642,Huashang Fund Management Co. Ltd.,7059915,Traditional Investment Managers,0.19,China
4355642,HuaAn Fund Management Company Ltd.,4138661,Traditional Investment Managers,0.19,China
4355642,Allianz Asset Management GmbH,4208127,Traditional Investment Managers,0.19,Germany
4355642,Maxwealth Fund Management Co. Ltd.,4536183,Traditional Investment Managers,0.18,China
4355642,Zijin Mining Group Company Limited ESOP,19309699,ESOP,0.16,China
4355642,Capital Research and Management Co.,111195,Traditional Investment Managers,0.16,USA
4355642,Dimensional Fund Advisors LP,111289,Traditional Investment Managers,0.16,USA
4355642,Geode Capital Management LLC,4119759,Traditional Investment Managers,0.14,USA
4355642,Yinhua Fund Management Co. Ltd.,4139415,Traditional Investment Managers,0.13,China
4355642,Wellington Management Group LLP,4579014,Traditional Investment Managers,0.12,USA
4355642,American Century Investment Management Inc,111074,Traditional Investment Managers,0.12,USA
4355642,Essence Fund Management Co. Ltd,5837129,Traditional Investment Managers,0.12,China
4355642,Bank of Communications Schroder Fund Management Co. Ltd.,4137941,Traditional Investment Managers,0.12,China
4355642,State Street Global Advisors Inc.,110652,Traditional Investment Managers,0.12,USA
4355642,Invesco Ltd.,103661,Traditional Investment Managers,0.11,USA
4355642,Wanjia Asset Management Co. Ltd.,4606392,Traditional Investment Managers,0.1,China
4355642,Ruiyuan Fund Management Company LTD,15508432,Traditional Investment Managers,0.09,China
4355642,Ping An UOB Fund Management Co. Ltd.,4556995,Traditional Investment Managers,0.09,China
4355642,Teachers Insurance and Annuity Association-College Retirement Equities Fund,4270330,Traditional Investment Managers,0.08,USA
4355642,AllianceBernstein LP,109806,Traditional Investment Managers,0.08,USA
4355642,Penghua Fund Management Co. Ltd.,4345260,Traditional Investment Managers,0.07,China
4355642,Dacheng Fund Management Co. Ltd.,4137754,Traditional Investment Managers,0.07,China
4355642,Pictet Asset Management Ltd.,111267,Traditional Investment Managers,0.06,United Kingdom
4355642,T. Rowe Price Group Inc.,4055767,Traditional Investment Managers,0.06,USA
4355642,ABC-CA Fund Management Co. Ltd.,4316929,Traditional Investment Managers,0.06,China
4355642,Tianhong Asset Management Co. Ltd.,4345965,Traditional Investment Managers,0.06,China
4355642,Charles Schwab Investment Management Inc.,4048695,Traditional Investment Managers,0.06,USA
4355642,Broad Asset Management Co. Ltd.,15012201,Traditional Investment Managers,0.06,China
4355642,Value Partners Hong Kong Ltd.,4304908,Traditional Investment Managers,0.06,Hong Kong
4355642,Minsheng Royal Fund Management Co. Ltd.,4316799,Traditional Investment Managers,0.06,China
4355642,Rongtong Fund Management Co. Ltd.,4139739,Traditional Investment Managers,0.06,China
4355642,HFT Investment Management Co. Ltd. (Group,4784142,Traditional Investment Managers,0.06,China
4355642,HSBC Global Asset Management (Hong Kong) Ltd.,4100281,Traditional Investment Managers,0.05,Hong Kong
4355642,Deutsche Asset & Wealth Management,111219,Traditional Investment Managers,0.05,USA
4355642,RBC Global Asset Management Inc.,4281265,Traditional Investment Managers,0.05,Canada
4355642,Taikang Asset Management Co. Ltd.,4436408,Traditional Investment Managers,0.05,China
4355642,UBS SDIC Fund Management Co. Ltd.,4417406,Traditional Investment Managers,0.05,China
4355642,Vanguard Asset Management Ltd.,4723508,Traditional Investment Managers,0.05,United Kingdom
4355642,Lion Fund Management Co. Ltd.,4139789,Traditional Investment Managers,0.05,China
4355642,"First Seafront Fund Management Co., Ltd",5851125,Traditional Investment Managers,0.04,China
4355642,Northern Trust Global Investments,4272373,Traditional Investment Managers,0.04,United Kingdom
4355642,Goldman Sachs Asset Management LP,110587,Traditional Investment Managers,0.04,USA
4355642,China Post & Capital Fund Management Co. Ltd.,4322244,Traditional Investment Managers,0.04,China
4355642,Taikang Fund Management Co. Ltd.,109523595,Traditional Investment Managers,0.04,China
4355642,Hwabao WP Fund Management Co. Ltd.,4137720,Traditional Investment Managers,0.04,China
4355642,CITIC-Prudential Fund Management Company Ltd.,4345966,Traditional Investment Managers,0.04,China
4355642,Schroder Investment Mgmt (Singapore) Ltd.,4139955,Traditional Investment Managers,0.04,Singapore
4355642,Morgan Stanley Investment Management Inc.,109721,Traditional Investment Managers,0.04,USA
4355642,China Merchants Fund Management Co. Ltd.,4325258,Traditional Investment Managers,0.04,China
4355642,Invesco Hong Kong Ltd.,4120029,Traditional Investment Managers,0.04,Hong Kong
4355642,Pinebridge Investments Asia Ltd.,4138005,VC/PE Firms (<5% stake),0.04,Hong Kong
4355642,Principal Global Investors LLC,4089114,Traditional Investment Managers,0.04,USA
4355642,Changsheng Fund Management Co. Ltd.,4311270,Traditional Investment Managers,0.04,China
4355642,CCB Principal Asset Management Co. Ltd.,4138221,Traditional Investment Managers,0.04,China
4355642,Jupiter Fund Management PLC,4271664,Traditional Investment Managers,0.04,United Kingdom
4355642,Victory Capital Management Inc.,110674,Traditional Investment Managers,0.04,USA
4355642,Global X Management (Aus) Ltd.,8365031,Traditional Investment Managers,0.04,Australia
4355642,CIB Fund Management Co. Ltd,4404664,Traditional Investment Managers,0.04,China
4355642,Fullerton Fund Management Co. Ltd.,4209761,Traditional Investment Managers,0.03,Singapore
4355642,Russell Investment Management LLC,111359,Traditional Investment Managers,0.03,USA
4355642,Bank of China Investment Management Co. Ltd.,4137999,Traditional Investment Managers,0.03,China
4355642,Cullen Capital Management LLC,4099072,Traditional Investment Managers,0.03,USA
4355642,Mitsubishi UFJ Asset Management Co. Ltd.,4607441,Traditional Investment Managers,0.03,Japan
4355642,"Truvalue Asset Management Co.,Ltd.",5866754,Traditional Investment Managers,0.03,China
4355642,Amundi Asset Management SAS,4026948,Traditional Investment Managers,0.03,France
4355642,CSOP Asset Management Ltd.,4408592,Traditional Investment Managers,0.03,Hong Kong
4355642,Aviva Investors Global Services Ltd.,4376121,Traditional Investment Managers,0.03,United Kingdom
4355642,Matthews International Capital Management LLC,110787,Traditional Investment Managers,0.03,USA
4355642,DBX Advisors LLC,4318598,Traditional Investment Managers,0.03,USA
4355642,Value Partners Ltd.,4120036,Hedge Fund Managers (<5% stake),0.03,Hong Kong
4355642,AXA SPDB Investment Managers Co. Ltd.,4332537,Traditional Investment Managers,0.02,China
4355642,Legal & General Investment Management Ltd.,4139862,Traditional Investment Managers,0.02,United Kingdom
4355642,CPIC Fund Management Co. Ltd.,4379197,Traditional Investment Managers,0.02,China
4355642,Lazard Asset Management LLC,110386,Traditional Investment Managers,0.02,USA
4355642,Chang Xin Asset Management Corp. Ltd.,4345964,Traditional Investment Managers,0.02,China
4355642,Franklin Resources Inc.,102719,Traditional Investment Managers,0.02,USA
4355642,Eurizon Capital SGR SpA,4324456,Traditional Investment Managers,0.02,Italy
4355642,Manulife Asset Management,5747632,Traditional Investment Managers,0.02,Canada
4355642,Baoying Fund Management Co. Ltd.,4138088,Traditional Investment Managers,0.02,China
4355642,BEA Union Investment Management Ltd.,4208762,Traditional Investment Managers,0.02,Hong Kong
4355642,Putnam LLC,26566323,Traditional Investment Managers,0.02,USA
4355642,Great Wall Fund Management Co. Ltd.,4138760,Traditional Investment Managers,0.02,China
4355642,Nomura Investment Management Business Trust,109913,Traditional Investment Managers,0.02,USA
4355642,Golden Eagle Asset Management Co. Ltd.,4138496,Traditional Investment Managers,0.02,China
4355642,National Bank Trust Inc.,4099895,Banks/Investment Banks,0.02,Canada
4355642,Royal London Asset Management Ltd.,4138770,Traditional Investment Managers,0.02,United Kingdom
4355642,Golden Trust SinoPac Fund Management Co. Ltd.,4574748,Traditional Investment Managers,0.02,China
4355642,Columbia Management Investment Advisers LLC,109789,Traditional Investment Managers,0.02,USA
4355642,Baring Asset Management Ltd.,111272,Traditional Investment Managers,0.02,United Kingdom
4355642,Border To Coast Pensions Partnership Ltd.,10499632,Government Pension Sponsors,0.02,United Kingdom
4355642,Causeway Capital Management LLC,4095848,Traditional Investment Managers,0.02,USA
4355642,BOCI-Prudential Asset Management Ltd.,4138118,Traditional Investment Managers,0.02,Hong Kong
4355642,Peng Yang Fund Management Co. Ltd.,11183019,Traditional Investment Managers,0.02,China
4355642,SEI Investments Co.,102729,Traditional Investment Managers,0.02,USA
4355642,Franklin Templeton Sealand Fund Management Co. Ltd.,4550448,Traditional Investment Managers,0.02,China
4355642,Laichang Zou,,Individuals/Insiders,0.02,China
4355642,Hongde Fund Management Co. Ltd.,5877799,Traditional Investment Managers,0.02,China
4355642,TT International Asset Management Ltd,4026891,Traditional Investment Managers,0.02,United Kingdom
4355642,Eaton Vance Management,109754,Traditional Investment Managers,0.02,USA
4355642,AZ Investment Management Singapore Ltd.,5804546,Hedge Fund Managers (<5% stake),0.01,Singapore
4355642,Western Leadbank Fund Management Co. Ltd.,4890277,Traditional Investment Managers,0.01,China
4355642,"Da Cheng International Asset Management Co., Ltd.",4549477,Traditional Investment Managers,0.01,Hong Kong
4355642,CICC Fund Management Co. Ltd.,4677331,Traditional Investment Managers,0.01,China
4355642,Mercer Global Investments Europe Limited,5759394,Traditional Investment Managers,0.01,Ireland
4355642,Focusbridge Investments Ltd.,15102002,Traditional Investment Managers,0.01,China
4355642,Fullgoal Asset Management (HK) Ltd,5854382,Traditional Investment Managers,0.01,Hong Kong
4355642,Numeric Investors LLC,110153,Hedge Fund Managers (<5% stake),0.01,USA
4355642,Aberdeen Group PLC,4145085,Traditional Investment Managers,0.01,United Kingdom
4355642,Jpmorgan Asset Management (China) Company Ltd.,5879252,Traditional Investment Managers,0.01,China
4355642,RWC Partners Ltd.,4135098,Traditional Investment Managers,0.01,United Kingdom
4355642,Huatai Baoxing Fund Management Co. Ltd.,10181318,Traditional Investment Managers,0.01,China
4355642,Morgan Stanley Fund Management (China) Co. Ltd.,4138826,Traditional Investment Managers,0.01,China
4355642,Janus Henderson Group Ltd.,4147331,Traditional Investment Managers,0.01,United Kingdom
4355642,Rothschild & Cie Gestion,4139846,Traditional Investment Managers,0.01,France
4355642,Allspring Global Investments LLC,110570,Traditional Investment Managers,0.01,USA
4355642,Nationwide Fund Advisors,4087052,Traditional Investment Managers,0.01,USA
4355642,Hongfu Lin,,Individuals/Insiders,0.01,China
4355642,Belgrave Capital Management Ltd.,4332718,Traditional Investment Managers,0.01,United Kingdom
4355642,First State Cinda Fund Management Co. Ltd.,4368709,Traditional Investment Managers,0.01,China
4355642,Phoenix Unit Trust Managers Limited,7834181,Traditional Investment Managers,0.01,United Kingdom
4355642,Shaoyang Shen,,Individuals/Insiders,0.01,China
4355642,Pzena Investment Management Inc.,4162576,Traditional Investment Managers,0.01,USA
4355642,Boston Partners Global Investors Inc.,4158830,Traditional Investment Managers,0.01,USA
4355642,Krane Funds Advisors LLC,4383779,Traditional Investment Managers,0.01,USA
4355642,Everbright Pramerica Fund Management Co.,4137684,,0.01,China
4355642,Schroder Investment Management (Japan) Ltd.,4296648,Traditional Investment Managers,0.01,Japan
4355642,Tibet Eastmoney Fund Management Co.Ltd.,20057752,Traditional Investment Managers,0.01,China
4355642,Fideuram Asset Management (Ireland) DAC,4140503,Traditional Investment Managers,0.01,Ireland
4355642,Hangzhou Huisheng Investment Management Co. Ltd.,19448171,Traditional Investment Managers,0.01,China
4355642,Zhonghai Fund Management Co. Ltd.,4345268,Traditional Investment Managers,0.01,China
4355642,BlackRock Fund Management Ltd.,107988050,Traditional Investment Managers,0.01,China
4355642,Deka Investment GmbH,4137912,Traditional Investment Managers,0.01,Germany
4355642,PICC Asset Management Co. Ltd.,4341872,Traditional Investment Managers,0.01,China
4355642,Hongying Lin,,Individuals/Insiders,0.01,China
4355642,BNY Asset Management,4057506,Traditional Investment Managers,0.01,USA
4355642,Youcheng Zheng,,Individuals/Insiders,0.01,China
4355642,Thrivent Investment Management Inc.,4102247,Traditional Investment Managers,0.01,USA
4355642,AFH Independent Financial Services Limited,7794310,Traditional Investment Managers,0.01,United Kingdom
4355642,Eastspring Investments (Singapore) Ltd.,4138745,Traditional Investment Managers,0.01,Singapore
4355642,Honghui Wu,,Individuals/Insiders,0.01,China
4355642,Xionghui Xie,,Individuals/Insiders,0.01,China
4355642,SWS MU Fund Management Co. Ltd.,4139950,Traditional Investment Managers,0.01,China
4355642,BMO Asset Management Corp.,109988,Traditional Investment Managers,0.01,USA
4355642,Invesco Capital Management LLC,4117611,Traditional Investment Managers,0.01,USA
4355642,Taiping Fund Management Co. Ltd.,4954984,Traditional Investment Managers,0.01,China
4355642,Yi Long,,Individuals/Insiders,0.01,China
4355642,Shanghai Guotai Junan Securities Asset Management Co. Ltd.,4592065,Traditional Investment Managers,0.01,China
4355642,CIBC Asset Management Inc.,4048742,Traditional Investment Managers,0.01,Canada
4355642,Oaktree Fund Advisors LLC,10169175,Traditional Investment Managers,0.01,USA
4355642,Fortune And Royal Asset Management Co. Ltd.,5883003,Traditional Investment Managers,0.01,China
4355642,RHB Asset Management Sdn. Bhd.,4139625,Traditional Investment Managers,0.01,Malaysia
4355642,Mega International Investment Trust Co. Ltd.,4314602,Traditional Investment Managers,0.01,Taiwan
4355642,"Yingda Asset Management Co., Ltd.",7798890,Traditional Investment Managers,0.01,China
4355642,Sumitomo Mitsui Trust Asset Management Co. Ltd.,4318240,Traditional Investment Managers,0.01,Japan
4355642,Lion Global Investors Ltd.,4139819,Traditional Investment Managers,0.01,Singapore
4355642,BetaShares Capital Ltd.,4578944,Traditional Investment Managers,0.01,Australia
4355642,Jianhui Wu,,Individuals/Insiders,0.01,China
4355642,China Universal Fund Management Co. Ltd.,27663277,Traditional Investment Managers,0.01,#INVALID COMPANY ID
4355642,Amova Asset Management Co. Ltd.,4107954,,0.01,Japan
4355642,Xiangcai Fund Management Co. Ltd.,19312355,Traditional Investment Managers,0.01,China
4355642,Galaxy Asset Management Co. Ltd.,4138761,Traditional Investment Managers,0.01,China
4355642,Chun Wang,,Individuals/Insiders,0.01,China
4355642,"Gfund Management Co., Ltd.",6520584,Traditional Investment Managers,0.01,China
4355642,Horizon Asset Management Co. Ltd.,5883563,Traditional Investment Managers,0.01,China
4355642,Yuanhang Liao,,Individuals/Insiders,0.01,China
4355642,New China Fund Management Co. Ltd.,4345262,Traditional Investment Managers,0.01,China
4355642,"Jyah Asset Management Co., Ltd.",5877802,Traditional Investment Managers,0,China
4355642,First Trust Advisors LP,4033550,Traditional Investment Managers,0,USA
4355642,Banor Capital Ltd.,5813336,Traditional Investment Managers,0,United Kingdom
4355642,Brookfield Corp.,4066647,VC/PE Firms (<5% stake),0,Canada
4355642,First-Trust Fund Management Co. Ltd.,4140536,Traditional Investment Managers,0,China
4355642,Capital Investment Trust Corp.,4225018,Traditional Investment Managers,0,Taiwan
4355642,TD Asset Management Inc.,4093616,Traditional Investment Managers,0,Canada
4355642,BOSC Asset Management Ltd.,4553770,Traditional Investment Managers,0,China
4355642,Orient Fund Management Co. Ltd.,4138631,Traditional Investment Managers,0,China
4355642,FountainCap Research & Investment (Hong Kong) Co. Ltd.,8682054,Traditional Investment Managers,0,Hong Kong
4355642,Neuberger Berman Fund management (China) Co. Ltd.,106535824,Traditional Investment Managers,0,#INVALID COMPANY ID
4355642,PGIM Securities Investment Trust Enterprise,4240414,Traditional Investment Managers,0,Taiwan
4355642,Chaoyang Que,,Individuals/Insiders,0,China
4355642,Caitong Securities Asset Management Co.Ltd.,5810740,Traditional Investment Managers,0,China
4355642,Myriad Asset Management Advisors LLC,133018323,Traditional Investment Managers,0,USA
4355642,ICBC UBS Asset Management (International) Company Ltd.,4641730,Traditional Investment Managers,0,Hong Kong
4355642,Nissay Asset Management Corp.,4116134,Traditional Investment Managers,0,Japan
4355642,Fiera Capital Corporation,110287,Traditional Investment Managers,0,Canada
4355642,KBC Asset Management NV,4111901,Traditional Investment Managers,0,Belgium
4355642,Caitong Fund Management,4548312,Traditional Investment Managers,0,China
4355642,Santander Asset Management SA SGIIC,4187337,Hedge Fund Managers (<5% stake),0,Spain
4355642,CTBC Securities Investment Trust Co. Ltd.,4241120,Traditional Investment Managers,0,Taiwan
4355642,Yuanta Securities Investment Trust Co. Ltd.,4216438,Traditional Investment Managers,0,Taiwan
4355642,Veritas Asset Management LLP,4135100,Traditional Investment Managers,0,United Kingdom
4355642,Lombard Odier Asset Management (Switzerland) SA,7060057,Traditional Investment Managers,0,Switzerland
4355642,Voya Investment Management LLC,4048215,Traditional Investment Managers,0,USA
4355642,ChangAn Fund Management Co.Ltd,5826475,Traditional Investment Managers,0,China
4355642,"Zheshang Fund Management Co., Ltd.",5819977,Traditional Investment Managers,0,China
4355642,Hang Seng Investment Management Ltd.,4138797,Traditional Investment Managers,0,Hong Kong
4355642,Springs Fund Management Co.Ltd.,108037678,Traditional Investment Managers,0,China
4355642,"Federated Hermes, Inc.",110641,Traditional Investment Managers,0,USA
4355642,Fuhwa Securities Investment Trust Co. Ltd.,4240804,Traditional Investment Managers,0,Taiwan
4355642,Vanguard Investments Australia Ltd.,4138917,Traditional Investment Managers,0,Australia
4355642,Mackenzie Financial Corp.,106960,Traditional Investment Managers,0,Canada
4355642,Cathay Securities Investment Trust Co. LTD,4240614,Traditional Investment Managers,0,Taiwan
4355642,Purekind Fund Management Co.Ltd.,15947616,Traditional Investment Managers,0,China
4355642,Nomura Asset Management Taiwan Ltd.,4212913,Traditional Investment Managers,0,Taiwan
4355642,Prescient Investment Management Pty Ltd,4213196,Traditional Investment Managers,0,Japan
4355642,China Fund Management Co. Ltd.,5868824,Traditional Investment Managers,0,China
4355642,Nuode Asset Management Co. Ltd.,7789048,Traditional Investment Managers,0,China
4355642,Acadian Asset Management LLC,110495,Traditional Investment Managers,0,USA
4355642,Vanguard Global Advisers LLC,4337989,Traditional Investment Managers,0,USA
4355642,HSBC Jintrust Fund Management Co. Ltd.,4820048,Traditional Investment Managers,0,China
4355642,Huafu Fund Management Co. Ltd.,4138775,Traditional Investment Managers,0,China
4355642,BOCHK Asset Management Ltd.,4311273,Traditional Investment Managers,0,Hong Kong
4355642,NS Partners Ltd,4074095,Traditional Investment Managers,0,United Kingdom
4355642,Daiwa Asset Management Co. Ltd.,4137704,Traditional Investment Managers,0,Japan
4355642,GWL Investment Management Ltd.,4048184,Traditional Investment Managers,0,Canada
4355642,Huatai Securities (Shanghai) Asset Management Co. Ltd.,4621446,Traditional Investment Managers,0,China
4355642,Quanguo Fund Management Co. Ltd.,109508756,Traditional Investment Managers,0,#INVALID COMPANY ID
4355642,PGIM Inc.,4119440,Traditional Investment Managers,0,USA
4355642,Zhonggeng Fund Management Co. Ltd.,15135223,Traditional Investment Managers,0,China
4355642,Virtus Investment Advisers LLC,110527,Traditional Investment Managers,0,USA
4355642,AMG Funds LLC,4097957,Traditional Investment Managers,0,USA
4355642,Guolian Fund Management Company Ltd.,4878959,Traditional Investment Managers,0,China
4355642,Bank of Beijing Scotiabank Asset Management Co. Ltd.,4396635,Traditional Investment Managers,0,China
4355642,Mercer Global Investments Management Ltd,5830179,Traditional Investment Managers,0,Ireland
4355642,BOC International (China) Co. Ltd.,4315032,Traditional Investment Managers,0,China
4355642,Sumitomo Mitsui DS Asset Management Co. Ltd.,4140078,Traditional Investment Managers,0,Japan
4355642,IG Investment Management Ltd.,4005523,Traditional Investment Managers,0,Canada
4355642,Horizon Investments LLC,4118373,Traditional Investment Managers,0,USA
4355642,St James's Place Unit Trust Group Ltd.,5759900,Traditional Investment Managers,0,United Kingdom
4355642,Taikang Asset Management (Hong Kong) Co. Ltd.,4581365,Traditional Investment Managers,0,Hong Kong
4355642,China Galaxy International Asset Management (Hong Kong) Co. Ltd,5862433,Traditional Investment Managers,0,Hong Kong
4355642,Uni-President Assets Management Corp.,4281886,Traditional Investment Managers,0,Taiwan
4355642,Rosefinch Fund Management Co. Ltd.,19437756,Traditional Investment Managers,0,China
4355642,Mercer Investments LLC,4119790,Traditional Investment Managers,0,USA
4355642,Highbridge Capital Management LLC,4095386,Hedge Fund Managers (<5% stake),0,USA
4355642,Nippon Life India Asset Management Ltd.,4139779,Traditional Investment Managers,0,India
4355642,Taiping Assets Management (HK) Company Ltd.,4577892,Traditional Investment Managers,0,Hong Kong
4355642,Zhongtai Securities (Shanghai) Asset Management Co.Ltd.,5855481,Traditional Investment Managers,0,China
4355642,Nanhua Fund Management Co. Ltd.,11172585,Traditional Investment Managers,0,China
4355642,DWS Investments Singapore Ltd,4117833,Traditional Investment Managers,0,Singapore
4355642,Founder Fubon Fund Management Co. Ltd.,4336717,Traditional Investment Managers,0,China
4355642,JT Asset Management Co. Ltd,5853751,Traditional Investment Managers,0,China
4355642,Resona Asset Management Co. Ltd.,4629378,Traditional Investment Managers,0,Japan
4355642,Lincoln Financial Investments Corp.,4119651,Traditional Investment Managers,0,USA
4355642,Oberweis Asset Management Inc.,4001519,Traditional Investment Managers,0,USA
4355642,Desjardins Global Asset Management Inc.,4226520,Traditional Investment Managers,0,Canada
4355642,Asset Management One Co. Ltd.,4120033,Traditional Investment Managers,0,Japan
4355642,AXA Investment Managers UK Ltd.,4405395,Traditional Investment Managers,0,United Kingdom
4355642,Changjiang Securities(shanghai)Asset Management Co.Ltd.,5866758,Traditional Investment Managers,0,China
4355642,JK Capital Management Ltd.,4259935,Traditional Investment Managers,0,Hong Kong
4355642,"Goldstate Capital Fund Management Co., Ltd.",5777425,Traditional Investment Managers,0,China
4355642,10X Asset Management Pty. LTD,8532130,Traditional Investment Managers,0,South Africa
4355642,Sarasin & Partners LLP,4141040,Traditional Investment Managers,0,United Kingdom
4355642,Allianz Global Investors U.S. LLC,4262519,Traditional Investment Managers,0,USA
4355642,Towarzystwo Funduszy Inwestycyjnych PZU SA,4378744,Traditional Investment Managers,0,Poland
4355642,Swiss Life Asset Mgmt AG,4140617,Traditional Investment Managers,0,Switzerland
4355642,AllianceBernstein Fund Management Ltd.,123879915,Traditional Investment Managers,0,#INVALID COMPANY ID
4355642,Arrowstreet Capital Ltd. Partnership,4049161,Traditional Investment Managers,0,USA
4355642,Harding Loevner LP,110879,Traditional Investment Managers,0,USA
4355642,Fuanda Fund Management Co. Ltd.,5823548,Traditional Investment Managers,0,China
4355642,Sanlam Investment Management (Pty.) Ltd.,4672091,,0,South Africa
4355642,Taishin Securities Investment Trust Co. Ltd.,4278931,Traditional Investment Managers,0,Taiwan
4355642,AHAM Asset Management Bhd.,4190455,Traditional Investment Managers,0,Malaysia
4355642,"Yimin Asset Management Co., Ltd.",4345969,Traditional Investment Managers,0,China
4355642,China Merchants Securities Asset Management Co. Ltd.,4669111,Traditional Investment Managers,0,China
4355642,CR Yuanta Fund Management Co.Ltd.,5829542,Traditional Investment Managers,0,China
4355642,Degroof Petercam Asset Management,4377155,Traditional Investment Managers,0,Belgium
4355642,Xin Yuan Asset Management Co.,4557386,Traditional Investment Managers,0,China
4355642,Baring Asset Management Ltd. (Japan),4138374,Traditional Investment Managers,0,Japan
4355642,SunAmerica Asset Management LLC,111097,Traditional Investment Managers,0,USA
4355642,Ping An of China Asset Management (Hong Kong) Co. Ltd.,4560837,Traditional Investment Managers,0,Hong Kong
4355642,Putnam Fiduciary Trust Co.,1015222,Traditional Investment Managers,0,USA
4355642,Qianhai Alliance Asset Management,8364410,Traditional Investment Managers,0,China
4355642,CCM Partners LP,4055159,Traditional Investment Managers,0,USA
4355642,Australian Super Pty Ltd,4757367,Government Pension Sponsors,0,Australia
4355642,Frank Russell Co.,4025426,,0,USA
4355642,azValor Asset Management SGIIC S.A.U.,4873872,Traditional Investment Managers,0,Spain
4355642,SPARX Asset Management Co. Ltd.,4111802,Traditional Investment Managers,0,Japan
4355642,Themes Management Co.,112247511,Traditional Investment Managers,0,USA
4355642,Soochow Asset Management Co. Ltd.,4139902,Traditional Investment Managers,0,China
4355642,Xingyin Fund Management Co. Ltd.,7731166,Traditional Investment Managers,0,China
4355642,MSCI Inc.,4167462,Banks/Investment Banks,0,USA
4355642,Marlborough Fund Managers Ltd.,4138146,Traditional Investment Managers,0,United Kingdom
4355642,"Hongta Hotland Asset Management Co., Ltd.",5841553,Traditional Investment Managers,0,China
4355642,Liontrust Asset Management PLC,4139864,Traditional Investment Managers,0,United Kingdom
4355642,GuideStone Capital Management LLC,4115935,Traditional Investment Managers,0,USA
4355642,Pacific Investment Management Co. LLC,109687,Traditional Investment Managers,0,USA
4355642,Tebon Fund Management Co. Ltd.,4608579,Traditional Investment Managers,0,China
4355642,Segall Bryant & Hamill LLC,110793,Traditional Investment Managers,0,USA
4355642,Keywise Capital Management (HK) Ltd.,4288829,Hedge Fund Managers (<5% stake),0,Hong Kong
4355642,Fubon Asset Management Co. Ltd.,4281837,Traditional Investment Managers,0,Taiwan
4355642,MetLife Investment Management LLC,4187546,Traditional Investment Managers,0,USA
4355642,CCB International Asset Management Ltd.,4281020,Traditional Investment Managers,0,Hong Kong
4355642,Dongxing Asset Management Co. Ltd.,29518821,Traditional Investment Managers,0,China
4355642,Massachusetts Financial Services Company,109763,Traditional Investment Managers,0,USA
4355642,1832 Asset Management LP,4248288,Traditional Investment Managers,0,Canada
4355642,Zhejiang Zheshang Securities Asset Management Co. Ltd.,5843533,Traditional Investment Managers,0,China
4355642,Shin Kong Investment Trust Co. Ltd.,4248806,Traditional Investment Managers,0,Taiwan
4355642,Guotai Junan Assets (Asia) Ltd.,4213180,Traditional Investment Managers,0,Hong Kong
4355642,First Sentier Investors (Australia) IM Ltd,4135241,Traditional Investment Managers,0,Australia
4355642,ABN AMRO Investment Solutions SA,4260136,Traditional Investment Managers,0,France
4355642,Principal Asset Management Bhd.,4190959,Traditional Investment Managers,0,Malaysia
4355642,Abacus FCF Advisors LLC,4307010,Traditional Investment Managers,0,USA
4355642,Macquarie Investment Management Ltd.,4135240,Traditional Investment Managers,0,Australia
4355642,East Capital Asset Management S.A.,5849983,Traditional Investment Managers,0,Luxembourg
4355642,UOB Asset Management Ltd.,4139629,Traditional Investment Managers,0,Singapore
4355642,Huisheng Fund Management Co. Ltd.,106158792,Traditional Investment Managers,0,China
4355642,Cambria Investment Management L.P.,4272541,Traditional Investment Managers,0,USA
4355642,Tongtai Fund Management Co. Ltd.,19438254,Traditional Investment Managers,0,China
4355642,Integrity Fund Management Co. Ltd.,106229912,Traditional Investment Managers,0,China
4355642,China International Capital Corporation Hong Kong Asset Management Ltd.,4543599,Traditional Investment Managers,0,Hong Kong
4355642,Sygnia Asset Management (Pty) Ltd.,4264756,Traditional Investment Managers,0,South Africa
4355642,Old Mutual Multi-Managers,27729917,Traditional Investment Managers,0,South Africa
4355642,Intelligent Alpha LLC,120128743,Traditional Investment Managers,0,USA
4355642,Hexa Asset Management Co. Ltd.,19241294,Traditional Investment Managers,0,#INVALID COMPANY ID
4355642,Hood River Capital Management LLC,4377113,Traditional Investment Managers,0,USA
4355642,CoreCommodity Management LLC,4134208,Traditional Investment Managers,0,USA
4355642,Envestnet Asset Management Inc.,4072215,Traditional Investment Managers,0,USA
4355642,Wilshire Advisors LLC,4048818,Traditional Investment Managers,0,USA
4355642,CI Global Asset Management,4114882,Traditional Investment Managers,0,Canada
4355642,Lombard Odier Asset Management (Europe) Ltd.,4289501,Traditional Investment Managers,0,United Kingdom
4355642,"AVIC Fund Management Co., Ltd.",5880770,Traditional Investment Managers,0,China
4355642,ProShare Advisors LLC,4153606,Traditional Investment Managers,0,USA
4355642,Wilmington Funds Management Corp.,4026915,Traditional Investment Managers,0,USA
4355642,Thompson Siegel & Walmsley LLC,109931,Traditional Investment Managers,0,USA
4355642,China International Capital Corp. Ltd.,4138232,Banks/Investment Banks,0,China
4355642,Green Fund Management Co. Ltd.,11220187,Traditional Investment Managers,0,China
4355642,Virtus ETF Advisers LLC,4419277,,0,USA
4355642,Driehaus Capital Management LLC,111537,Traditional Investment Managers,0,USA
4355642,European And Global Advisers LLP,10346719,Traditional Investment Managers,0,United Kingdom
4355642,Topright Fund Management Co. Ltd.,109399086,Traditional Investment Managers,0,China
4355642,Bohai Huijin Securities Asset Management Co. Ltd.,4937020,Traditional Investment Managers,0,China
4355642,NFJ Investment Group LLC,26632854,Traditional Investment Managers,0,USA
4355642,Dongxing Securities Corporation Ltd.,4772536,Traditional Investment Managers,0,China
4355642,Lumyna Investments Ltd.,19350037,Traditional Investment Managers,0,United Kingdom
4355642,China Reform Securities Company Ltd.,4824802,Traditional Investment Managers,0,China
4355642,United Vision Asset Management Co. Ltd.,15102304,Traditional Investment Managers,0,China
4355642,Rhumbline Advisers Ltd Partnership,109968,Traditional Investment Managers,0,USA
4355642,Shanxi Securities Co. Ltd.,4319350,Traditional Investment Managers,0,China
4355642,Anima SGR SpA,4137693,Traditional Investment Managers,0,Italy
4355642,Hang Seng Qianhai Fund Management Co. Ltd.,4860042,Traditional Investment Managers,0,China
4355642,CCB Fund Management Co. Ltd.,28469313,Traditional Investment Managers,0,China
4355642,ICBC Asset Management (Global) Co. Ltd.,4270311,Traditional Investment Managers,0,Hong Kong
4355642,Beixin Ruifeng Fund Management Co. Ltd.,5853282,Traditional Investment Managers,0,China
4355642,Geometria Quant S.L.,25461354,Traditional Investment Managers,0,Spain
4355642,Sustainable Growth Advisers LP,4119489,Traditional Investment Managers,0,USA
4355642,PNC Financial Services Group Inc.,100406,Banks/Investment Banks,0,USA
4355642,TCW Group Inc.,109947,Traditional Investment Managers,0,USA
4355642,Astute Fund Management Bhd.,4138115,Traditional Investment Managers,0,Malaysia
4355642,Heron View Partners LLC,4055966,Traditional Investment Managers,0,USA
4355642,Old Mutual Investment Group (Pty) Ltd.,4140566,Traditional Investment Managers,0,South Africa
4355642,GAMMA Investing LLC,26480935,Traditional Investment Managers,0,USA
4355642,Yimi Fund Management Co. Ltd.,110719123,Traditional Investment Managers,0,#INVALID COMPANY ID
4355642,Vident Asset Management,4556203,Traditional Investment Managers,0,USA
4355642,Donghai Funds Management Co. Ltd.,4587777,Traditional Investment Managers,0,China
4355642,Ancora Advisors LLC,4117990,Traditional Investment Managers,0,USA
4355642,Jinxin Fund Management Co. Ltd.,5879050,Traditional Investment Managers,0,China
4355642,"CS Richland Asset Management Co., Ltd.",6892772,Traditional Investment Managers,0,China
4355642,IMA Advisory Services Inc.,4093059,Traditional Investment Managers,0,USA
4355642,BNP Paribas Securities Corp.,109247,Banks/Investment Banks,0,USA
4355642,Vanguard Group Inc.,109776,Traditional Investment Managers,0,USA
4355642,Lombard Odier (Hong Kong) Ltd.,4139728,Traditional Investment Managers,0,Hong Kong
4355642,AXA Investment Managers SA,4144380,Traditional Investment Managers,0,France
4355642,Jih Sun Securities Investment Trust Co. Ltd.,4239293,Traditional Investment Managers,0,Taiwan
4355642,Premia Partners,10533696,Traditional Investment Managers,0,Hong Kong
4355642,BNY Mellon ETF Investment Adviser LLC,19342220,Traditional Investment Managers,0,USA
4355642,Signature Equity Partners LLC,112689727,Traditional Investment Managers,0,USA
4355642,UBS Securities LLC,109295,Banks/Investment Banks,0,USA
4355642,Bank of America Corp.,100369,Banks/Investment Banks,-0.01,USA
4355642,Citigroup Inc.,4041896,Banks/Investment Banks,-0.05,USA
4121019,Capital Research and Management Co.,111195,Traditional Investment Managers,8.35,USA
4121019,BlackRock Inc.,4048287,Traditional Investment Managers,7.41,USA
4121019,Vanguard Capital Management LLC,137764443,Traditional Investment Managers,6.5,USA
4121019,Vanguard Portfolio Management LLC,137765036,Traditional Investment Managers,5.35,USA
4121019,State Street Global Advisors Inc.,110652,Traditional Investment Managers,4.43,USA
4121019,Geode Capital Management LLC,4119759,Traditional Investment Managers,2.91,USA
4121019,PRIMECAP Management Co.,110962,Traditional Investment Managers,2.26,USA
4121019,Two Sigma Investments LP,4110297,Hedge Fund Managers (<5% stake),1.97,USA
4121019,Van Eck Associates Corp.,109888,Traditional Investment Managers,1.71,USA
4121019,Bank of America Corp.,100369,Banks/Investment Banks,1.68,USA
4121019,The Toronto-Dominion Bank,100519,Traditional Investment Managers,1.46,Canada
4121019,EARNEST Partners LLC,4104362,Traditional Investment Managers,1.36,USA
4121019,Eaton Vance Management,109754,Traditional Investment Managers,1.26,USA
4121019,Invesco Capital Management LLC,4117611,Traditional Investment Managers,1.21,USA
4121019,UBS Asset Management AG,4674815,Traditional Investment Managers,1.15,Switzerland
4121019,D.E. Shaw & Co. LP,109290,Hedge Fund Managers (<5% stake),1.14,USA
4121019,JP Morgan Asset Management,110092,Traditional Investment Managers,1.07,USA
4121019,Northern Trust Global Investments,4272373,Traditional Investment Managers,1.03,United Kingdom
4121019,AQR Capital Management LLC,4119538,Hedge Fund Managers (<5% stake),1.02,USA
4121019,Norges Bank Investment Management,4138467,Sovereign Wealth Funds (<5% stake),0.99,Norway
4121019,Charles Schwab Investment Management Inc.,4048695,Traditional Investment Managers,0.98,USA
4121019,Dimensional Fund Advisors LP,111289,Traditional Investment Managers,0.91,USA
4121019,Mirae Asset Global Investments Co. Ltd.,4256114,Traditional Investment Managers,0.83,South Korea
4121019,Goldman Sachs Asset Management LP,110587,Traditional Investment Managers,0.8,USA
4121019,ProShare Advisors LLC,4153606,Traditional Investment Managers,0.8,USA
4121019,PGGM,4623978,Traditional Investment Managers,0.77,Netherlands
4121019,Grantham Mayo Van Otterloo & Co. LLC,110399,Traditional Investment Managers,0.77,USA
4121019,BNY Asset Management,4057506,Traditional Investment Managers,0.68,USA
4121019,Qube Research & Technologies Ltd.,9146348,Traditional Investment Managers,0.66,United Kingdom
4121019,Managed Account Advisors LLC,4187561,Traditional Investment Managers,0.65,USA
4121019,Barclays PLC,114508,Banks/Investment Banks,0.64,United Kingdom
4121019,Morgan Stanley,103042,Banks/Investment Banks,0.63,USA
4121019,JPMorgan Chase & Co.,100201,Banks/Investment Banks,0.63,USA
4121019,Renaissance Technologies LLC,4048646,Hedge Fund Managers (<5% stake),0.62,USA
4121019,Goldman Sachs Group Inc.,4039450,Traditional Investment Managers,0.59,USA
4121019,Vanguard Fiduciary Trust Co.,5752504,Traditional Investment Managers,0.56,USA
4121019,SEI Investments Co.,102729,Traditional Investment Managers,0.55,USA
4121019,Amundi Asset Management SAS,4026948,Traditional Investment Managers,0.53,France
4121019,Millennium Management LLC,4135463,Hedge Fund Managers (<5% stake),0.51,USA
4121019,Handelsbanken Asset Management,4140470,Traditional Investment Managers,0.51,Sweden
4121019,Empower Advisory Group LLC,4117125,Traditional Investment Managers,0.51,USA
4121019,Jacobs Levy Equity Management Inc,111247,Traditional Investment Managers,0.48,USA
4121019,Connor Clark & Lunn Investment Management Ltd.,4035990,Traditional Investment Managers,0.47,Canada
4121019,Deutsche Asset & Wealth Management,111219,Traditional Investment Managers,0.47,USA
4121019,Altshuler Shaham Ltd.,5755714,Traditional Investment Managers,0.45,Israel
4121019,LPL Financial LLC,4026057,Traditional Investment Managers,0.44,USA
4121019,Barclays Bank PLC,4041196,Banks/Investment Banks,0.41,United Kingdom
4121019,Franklin Resources Inc.,102719,Traditional Investment Managers,0.41,USA
4121019,AllianceBernstein LP,109806,Traditional Investment Managers,0.37,USA
4121019,Wells Fargo & Co.,100382,Banks/Investment Banks,0.37,USA
4121019,Citigroup Inc.,4041896,Banks/Investment Banks,0.35,USA
4121019,HB Wealth Management LLC,4029686,Traditional Investment Managers,0.34,USA
4121019,Voloridge Investment Management LLC,4256115,Hedge Fund Managers (<5% stake),0.32,USA
4121019,Capital Fund Management S.A.,4117333,Hedge Fund Managers (<5% stake),0.32,France
4121019,Russell Investment Management LLC,111359,Traditional Investment Managers,0.3,USA
4121019,HSBC Global Asset Management (UK) Ltd.,4115698,Traditional Investment Managers,0.28,United Kingdom
4121019,Legal & General Investment Management Ltd.,4139862,Traditional Investment Managers,0.28,United Kingdom
4121019,Baillie Gifford & Co.,4026973,Traditional Investment Managers,0.27,United Kingdom
4121019,Thrivent Investment Management Inc.,4102247,Traditional Investment Managers,0.26,USA
4121019,Allianz Asset Management GmbH,4208127,Traditional Investment Managers,0.25,Germany
4121019,BNP Paribas Financial Markets SNC,4310789,Traditional Investment Managers,0.25,France
4121019,BMO Asset Management Corp.,109988,Traditional Investment Managers,0.25,USA
4121019,DWS Investment Management Americas Inc.,4089578,Traditional Investment Managers,0.25,USA
4121019,Teachers Insurance and Annuity Association-College Retirement Equities Fund,4270330,Traditional Investment Managers,0.24,USA
4121019,Royal Bank of Canada,100522,Banks/Investment Banks,0.24,Canada
4121019,Susquehanna International Group LLP,4112715,Traditional Investment Managers,0.24,USA
4121019,Envestnet Asset Management Inc.,4072215,Traditional Investment Managers,0.23,USA
4121019,California Public Employees' Retirement System,4005175,Government Pension Sponsors,0.23,USA
4121019,T. Rowe Price Group Inc.,4055767,Traditional Investment Managers,0.23,USA
4121019,Tudor Investment Corp.,4022690,Hedge Fund Managers (<5% stake),0.23,USA
4121019,Pictet Asset Management Ltd.,111267,Traditional Investment Managers,0.22,United Kingdom
4121019,Natixis Advisors LLC,4119727,Traditional Investment Managers,0.21,USA
4121019,"ID-Sparinvest, Filial af Sparinvest S.A., Luxembourg",5776820,Traditional Investment Managers,0.21,Denmark
4121019,Vanguard Global Advisers LLC,4337989,Traditional Investment Managers,0.21,USA
4121019,Nordea Investment Management AB,4026994,Traditional Investment Managers,0.21,Sweden
4121019,Vest Financial LLC,4377128,Traditional Investment Managers,0.21,USA
4121019,Grandfield & Dodd LLC,4119339,Traditional Investment Managers,0.2,USA
4121019,RREEF America L.L.C.,4048674,Traditional Investment Managers,0.2,USA
4121019,Schweizerische Nationalbank,4218551,Banks/Investment Banks,0.2,Switzerland
4121019,Invesco Ltd.,103661,Traditional Investment Managers,0.2,USA
4121019,ALPS Advisors Inc.,4143440,Traditional Investment Managers,0.19,USA
4121019,Electron Capital Partners LLC,4425363,Hedge Fund Managers (<5% stake),0.19,USA
4121019,Merrill Lynch Pierce Fenner & Smith Inc.,3006816,Banks/Investment Banks,0.19,USA
4121019,Nomura Asset Management Co. Ltd.,4048507,Traditional Investment Managers,0.18,Japan
4121019,Himension Capital (Singapore) Pte Ltd.,19400125,Traditional Investment Managers,0.18,Singapore
4121019,Edward Jones Trust Co.,1000525,Traditional Investment Managers,0.17,USA
4121019,Assenagon Asset Management S.A.,5805166,Traditional Investment Managers,0.17,Luxembourg
4121019,Raymond James Financial Inc.,102771,Traditional Investment Managers,0.17,USA
4121019,Rhumbline Advisers Ltd Partnership,109968,Traditional Investment Managers,0.17,USA
4121019,SAMA Foreign Holdings,5807369,Sovereign Wealth Funds (<5% stake),0.17,Saudi Arabia
4121019,Pacific Heights Asset Management LLC,4115842,Traditional Investment Managers,0.17,USA
4121019,GWL Investment Management Ltd.,4048184,Traditional Investment Managers,0.17,Canada
4121019,FMR LLC,3000896,Traditional Investment Managers,0.17,USA
4121019,Carson Wealth Management Group,5750365,Traditional Investment Managers,0.17,USA
4121019,RobecoSAM AG,4233855,Traditional Investment Managers,0.17,Switzerland
4121019,First Trust Advisors LP,4033550,Traditional Investment Managers,0.16,USA
4121019,Holocene Advisors LP,4975443,Hedge Fund Managers (<5% stake),0.16,USA
4121019,Citadel Advisors LLC,4252195,Hedge Fund Managers (<5% stake),0.15,USA
4121019,Lord Abbett & Co. LLC,109849,Traditional Investment Managers,0.15,USA
4121019,SG Americas Securities LLC,4092965,Banks/Investment Banks,0.15,USA
4121019,National Bank Investments Inc.,4575993,Traditional Investment Managers,0.14,Canada
4121019,Algert Global LLC,4116616,Hedge Fund Managers (<5% stake),0.14,USA
4121019,Mitsubishi UFJ Asset Management Co. Ltd.,4607441,Traditional Investment Managers,0.14,Japan
4121019,AGF Management Ltd.,4156964,Traditional Investment Managers,0.14,Canada
4121019,Massachusetts Financial Services Company,109763,Traditional Investment Managers,0.14,USA
4121019,NFJ Investment Group LLC,26632854,Traditional Investment Managers,0.13,USA
4121019,Stifel Asset Management Corp.,5774712,Traditional Investment Managers,0.13,USA
4121019,Castle Hook Partners LP,4850159,Hedge Fund Managers (<5% stake),0.12,USA
4121019,BNP Paribas Asset Management Europe,4784107,Traditional Investment Managers,0.12,France
4121019,Gotham Asset Management LLC,4255620,Hedge Fund Managers (<5% stake),0.12,USA
4121019,California State Teachers' Retirement System,4047959,Government Pension Sponsors,0.12,USA
4121019,Amanah Holdings Trust,138320353,Traditional Investment Managers,0.11,#INVALID COMPANY ID
4121019,Squarepoint OPS LLC,4572787,Hedge Fund Managers (<5% stake),0.11,USA
4121019,Sparinvest SA (Luxembourg),4232927,Traditional Investment Managers,0.11,Luxembourg
4121019,Principal Global Investors LLC,4089114,Traditional Investment Managers,0.11,USA
4121019,Quantinno Capital Management LP,11227495,Traditional Investment Managers,0.11,USA
4121019,Davenport & Co LLC,109376,Traditional Investment Managers,0.11,USA
4121019,Hardman Johnston Global Advisors LLC,4028144,Traditional Investment Managers,0.1,USA
4121019,Janus Henderson Group Ltd.,4147331,Traditional Investment Managers,0.1,United Kingdom
4121019,Canada Pension Plan Investment Board,4153483,Government Pension Sponsors,0.1,Canada
4121019,Clifford Swan Investment Counsel LLC,110930,Family Offices/Trusts,0.1,USA
4121019,Schroder Investment Management Ltd.,4249110,Traditional Investment Managers,0.1,United Kingdom
4121019,U.S. Bancorp Asset Management Inc.,4073155,Traditional Investment Managers,0.1,USA
4121019,Aquatic Capital Management LLC,16894363,Hedge Fund Managers (<5% stake),0.09,USA
4121019,Adage Capital Management LP,4081046,Hedge Fund Managers (<5% stake),0.09,USA
4121019,Old National Bancorp,100391,Banks/Investment Banks,0.09,USA
4121019,State Board of Administration of Florida,4046428,Government Pension Sponsors,0.09,USA
4121019,Driehaus Capital Management LLC,111537,Traditional Investment Managers,0.08,USA
4121019,BIT Capital GmbH,20357377,Traditional Investment Managers,0.08,Germany
4121019,Vanguard Asset Management Ltd.,4723508,Traditional Investment Managers,0.08,United Kingdom
4121019,New York State Common Retirement Fund,4043174,Government Pension Sponsors,0.08,USA
4121019,New York State Teachers' Retirement System,4024165,Government Pension Sponsors,0.08,USA
4121019,Old West Investment Management LLC,4230918,Traditional Investment Managers,0.07,USA
4121019,Jerry Kent Masters Jr.,,Individuals/Insiders,0.07,China
4121019,Universal Investment GmbH,4630169,Traditional Investment Managers,0.07,Germany
4121019,Tidal Investments LLC,4338202,Traditional Investment Managers,0.07,USA
4121019,Voya Investment Management LLC,4048215,Traditional Investment Managers,0.07,USA
4121019,Brandywine Global Investment Management LLC,110295,Traditional Investment Managers,0.07,USA
4121019,PDT Partners LLC,4338363,Hedge Fund Managers (<5% stake),0.07,USA
4121019,Wealth High Governance Asset Management Ltda,109480890,Traditional Investment Managers,0.07,Brazil
4121019,State of Wisconsin Investment Board,4022450,Government Pension Sponsors,0.07,USA
4121019,Mariner LLC,4145924,Traditional Investment Managers,0.06,USA
4121019,Victory Capital Management Inc.,110674,Traditional Investment Managers,0.06,USA
4121019,Columbia Management Investment Advisers LLC,109789,Traditional Investment Managers,0.06,USA
4121019,Manulife Asset Management,5747632,Traditional Investment Managers,0.06,Canada
4121019,Global X Management (Aus) Ltd.,8365031,Traditional Investment Managers,0.06,Australia
4121019,STRS Ohio,4138856,Government Pension Sponsors,0.06,USA
4121019,Focus Partners Wealth LLC,4048984,Traditional Investment Managers,0.06,USA
4121019,Dorsey Wright & Associates LLC,4028811,Traditional Investment Managers,0.06,USA
4121019,ZKB Asset Management,5753419,Traditional Investment Managers,0.06,Switzerland
4121019,Allianz Global Investors U.S. LLC,4262519,Traditional Investment Managers,0.05,USA
4121019,Janney Montgomery Scott LLC,109355,Banks/Investment Banks,0.05,USA
4121019,Bank J. Safra Sarasin AG,4138267,Traditional Investment Managers,0.05,Switzerland
4121019,Walleye Capital LLC,5837967,Hedge Fund Managers (<5% stake),0.05,USA
4121019,IEQ Capital LLC,15092837,Traditional Investment Managers,0.05,USA
4121019,Quadrature Capital Limited,5866138,Hedge Fund Managers (<5% stake),0.05,United Kingdom
4121019,Greenline Partners LLC,4338213,Traditional Investment Managers,0.05,USA
4121019,Vontobel Asset Management Inc.,110470,Traditional Investment Managers,0.05,USA
4121019,TD Asset Management Inc.,4093616,Traditional Investment Managers,0.05,Canada
4121019,CTBC Securities Investment Trust Co. Ltd.,4241120,Traditional Investment Managers,0.05,Taiwan
4121019,Chevy Chase Trust Co.,4072617,Traditional Investment Managers,0.05,USA
4121019,PGIM Inc.,4119440,Traditional Investment Managers,0.05,USA
4121019,Brevan Howard Capital Management LP,4338027,Traditional Investment Managers,0.05,Jersey
4121019,Yousif Capital Management LLC,27861143,Traditional Investment Managers,0.05,USA
4121019,Amova Asset Management Co. Ltd.,4107954,,0.05,Japan
4121019,Counterpoint Mutual Funds LLC,4562830,Traditional Investment Managers,0.05,USA
4121019,State Of New Jersey Police And Firemen's Retirement System,15145549,Government Pension Sponsors,0.05,USA
4121019,&Partners LLC,109413,Traditional Investment Managers,0.05,USA
4121019,Argenta Bank- en Verzekeringsgroep nv,4242091,Traditional Investment Managers,0.04,Belgium
4121019,Kadensa Capital Ltd,7830442,Hedge Fund Managers (<5% stake),0.04,Hong Kong
4121019,Frontier Capital Management Co LLC,111287,Traditional Investment Managers,0.04,USA
4121019,Edgestream Partners L.P.,4320624,Hedge Fund Managers (<5% stake),0.04,USA
4121019,North Carolina Department of State Treasurer,7102056,State Owned Shares,0.04,USA
4121019,W. H. Reaves & Co. Inc.,109166,Traditional Investment Managers,0.04,USA
4121019,Cambridge Investment Research Advisors Inc.,4117795,Traditional Investment Managers,0.04,USA
4121019,Morgan Stanley Asia Ltd.,4222061,Traditional Investment Managers,0.04,Hong Kong
4121019,LBBW Asset Management Investment GmbH,4242466,Traditional Investment Managers,0.04,Germany
4121019,ClearArc Capital Inc.,4073490,Traditional Investment Managers,0.04,USA
4121019,NISA Investment Advisors LLC,110752,Traditional Investment Managers,0.04,USA
4121019,Sicart Associates LLC,4830350,Traditional Investment Managers,0.04,USA
4121019,Schonfeld Strategic Advisors LLC,4663442,Hedge Fund Managers (<5% stake),0.04,USA
4121019,BBVA Asset Management S.A. S.G.I.I.C,4138393,Traditional Investment Managers,0.04,Spain
4121019,American Century Investment Management Inc,111074,Traditional Investment Managers,0.04,USA
4121019,Commonwealth Equity Services LLC,4026737,Traditional Investment Managers,0.04,USA
4121019,SAVA INFOND druzba za upravljanje d.o.o.,4139244,Traditional Investment Managers,0.04,Slovenia
4121019,The Bank of Nova Scotia,100521,Traditional Investment Managers,0.04,Canada
4121019,Cetera Investment Advisers LLC,4115973,Traditional Investment Managers,0.04,USA
4121019,Fourth Swedish National Pension Fund (AP4),4140538,Government Pension Sponsors,0.04,Sweden
4121019,Marshall Wace LLP,4135104,Hedge Fund Managers (<5% stake),0.04,United Kingdom
4121019,Hotchkis & Wiley Capital Management LLC,111254,Traditional Investment Managers,0.04,USA
4121019,Cerity Partners LLC,4255907,Traditional Investment Managers,0.04,USA
4121019,RBC Dominion Securities Inc.,4056453,Banks/Investment Banks,0.04,Canada
4121019,BW Gestao de Investimentos Ltda.,4548258,Family Offices/Trusts,0.04,Brazil
4121019,Great Lakes Advisors LLC,111481,Traditional Investment Managers,0.04,USA
4121019,Merchbanc S.A. S.G.I.I.C,5758410,Traditional Investment Managers,0.04,Spain
4121019,Wealth High Governance Capital Ltda.,28702408,Traditional Investment Managers,0.04,Brazil
4121019,Jennison Associates LLC,109844,Traditional Investment Managers,0.04,USA
4121019,Tennessee Department of Treasury,8321131,State Owned Shares,0.04,USA
4121019,Sarasin & Partners LLP,4141040,Traditional Investment Managers,0.04,United Kingdom
4121019,BNY Mellon Advisors Inc.,4118652,Traditional Investment Managers,0.04,USA
4121019,New Jersey Division of Investment,4138462,Government Pension Sponsors,0.03,USA
4121019,Osaic Wealth Inc.,109232,Traditional Investment Managers,0.03,USA
4121019,SCS Capital Management LLC,4119698,Traditional Investment Managers,0.03,USA
4121019,CIBC World Markets Corp.,109323,Banks/Investment Banks,0.03,USA
4121019,Leonteq AG,4773635,Traditional Investment Managers,0.03,Switzerland
4121019,Bedell Frazier Investment Counselling LLC.,4027116,Traditional Investment Managers,0.03,USA
4121019,AXA Investment Managers UK Ltd.,4405395,Traditional Investment Managers,0.03,United Kingdom
4121019,Pinnacle Associates Ltd.,110322,Traditional Investment Managers,0.03,USA
4121019,Acadian Asset Management LLC,110495,Traditional Investment Managers,0.03,USA
4121019,Rockefeller & Co. LLC,4026892,Traditional Investment Managers,0.03,USA
4121019,Eric W. Norris,,Individuals/Insiders,0.03,China
4121019,Strategic Advisers LLC,4102073,Traditional Investment Managers,0.03,USA
4121019,"Federated Hermes, Inc.",110641,Traditional Investment Managers,0.03,USA
4121019,Netha N. Johnson Jr.,,Individuals/Insiders,0.03,China
4121019,PNC Financial Services Group Inc.,100406,Banks/Investment Banks,0.03,USA
4121019,WealthPLAN Partners LLC,4320477,Traditional Investment Managers,0.03,USA
4121019,Cathay Securities Investment Trust Co. LTD,4240614,Traditional Investment Managers,0.03,Taiwan
4121019,Ohio Public Employees Retirement System,4005755,Government Pension Sponsors,0.03,USA
4121019,Niche Asset Management Limited,13969643,Traditional Investment Managers,0.03,United Kingdom
4121019,Engineers Gate Manager LP,4562926,Hedge Fund Managers (<5% stake),0.03,USA
4121019,Moneta Group Investment Advisors LLC,3005846,Family Offices/Trusts,0.03,USA
4121019,Ceská Národní Banka,4235357,State Owned Shares,0.03,Czechia
4121019,Public Sector Pension Investment Board,4150190,Government Pension Sponsors,0.03,Canada
4121019,DJE Kapital AG,4212529,Traditional Investment Managers,0.03,Germany
4121019,Union Investment Management Group,14361979,Traditional Investment Managers,0.03,USA
4121019,Sir Capital Management L.P.,4226407,Hedge Fund Managers (<5% stake),0.03,USA
4121019,Bridgewater Associates LP,111192,Hedge Fund Managers (<5% stake),0.03,USA
4121019,Occidental Asset Management LLC,4413790,Traditional Investment Managers,0.03,USA
4121019,Arizona State Retirement System,4341361,Government Pension Sponsors,0.03,USA
4121019,DNB Asset Management AS,4343973,Traditional Investment Managers,0.03,Norway
4121019,Stanley-Laman Group Ltd.,4118668,Traditional Investment Managers,0.03,USA
4121019,Waratah Capital Advisors Ltd.,4555673,Hedge Fund Managers (<5% stake),0.03,Canada
4121019,New York Life Investment Management LLC,4073190,Traditional Investment Managers,0.03,USA
4121019,The State of Michigan Retirement Systems,5746518,Government Pension Sponsors,0.03,USA
4121019,Fideuram Asset Management Sgr,101449874,Traditional Investment Managers,0.03,Italy
4121019,Old North State Wealth Management LLC,4230756,Traditional Investment Managers,0.03,USA
4121019,Vanguard Investments Australia Ltd.,4138917,Traditional Investment Managers,0.03,Australia
4121019,Sumitomo Mitsui Trust Asset Management Co. Ltd.,4318240,Traditional Investment Managers,0.03,Japan
4121019,Creative Planning LLC,4117421,Traditional Investment Managers,0.02,USA
4121019,Goldman Sachs Towarzystwo Funduszy Inwestycyjnych SA,7786445,Traditional Investment Managers,0.02,Poland
4121019,"Wilmington Trust Company, Banking & Trust Investments",5781500,Banks/Investment Banks,0.02,USA
4121019,Lincoln Financial Investments Corp.,4119651,Traditional Investment Managers,0.02,USA
4121019,Wealth Enhancement Advisory Services LLC,4117722,Traditional Investment Managers,0.02,USA
4121019,Nationwide Fund Advisors,4087052,Traditional Investment Managers,0.02,USA
4121019,Neuberger Berman Investment Advisers LLC,109731,Traditional Investment Managers,0.02,USA
4121019,MetLife Investment Management LLC,4187546,Traditional Investment Managers,0.02,USA
4121019,HANSAINVEST Hanseatische Investment-GmbH,4425813,Traditional Investment Managers,0.02,Germany
4121019,J.P. Morgan Mansart Management Limited,5856158,Traditional Investment Managers,0.02,United Kingdom
4121019,CIBC Asset Management Inc.,4048742,Traditional Investment Managers,0.02,Canada
4121019,KLP Kapitalforvaltning AS,4138888,Traditional Investment Managers,0.02,Norway
4121019,Pennsylvania Public School Employees' Retirement System,4047402,Government Pension Sponsors,0.02,USA
4121019,Legacy Trust,11893276,Family Offices/Trusts,0.02,USA
4121019,BB&T Trust,5743773,Traditional Investment Managers,0.02,USA
4121019,Putnam LLC,26566323,Traditional Investment Managers,0.02,USA
4121019,Mercer Global Advisors Inc.,111511,Traditional Investment Managers,0.02,USA
4121019,Retirement Systems Of Alabama,4138194,Government Pension Sponsors,0.02,USA
4121019,Blue Edge Capital LLC,4388645,Traditional Investment Managers,0.02,USA
4121019,Goldman Sachs Wealth Services LP,4027098,Traditional Investment Managers,0.02,USA
4121019,Jane Street Group LLC,4437851,Traditional Investment Managers,0.02,USA
4121019,HighTower Advisors LLC,4222753,Traditional Investment Managers,0.02,USA
4121019,Corient Private Wealth LP,101288928,Traditional Investment Managers,0.02,USA
4121019,Boston Partners Global Investors Inc.,4158830,Traditional Investment Managers,0.02,USA
4121019,Mml Investors Services LLC Brokerage Investments,5858996,Insurance Companies,0.02,USA
4121019,Independent Advisor Alliance LLC,4421918,Traditional Investment Managers,0.02,USA
4121019,Waverly Advisors LLC,4118104,Traditional Investment Managers,0.02,USA
4121019,Deka Investment GmbH,4137912,Traditional Investment Managers,0.02,Germany
4121019,Portman Square Capital LLP,5813249,Hedge Fund Managers (<5% stake),0.02,United Kingdom
4121019,Quantbot Technologies LP,4280559,Hedge Fund Managers (<5% stake),0.02,USA
4121019,Pinkerton Wealth LLC,4037111,Traditional Investment Managers,0.02,USA
4121019,Scotiabank Global Banking and Markets Asset Management Division,5752951,Traditional Investment Managers,0.02,Canada
4121019,EPIQ Partners LLC,6676879,Traditional Investment Managers,0.02,USA
4121019,Regions Investment Management Inc.,4048459,Traditional Investment Managers,0.02,USA
4121019,Canadian Imperial Bank of Commerce,100515,Banks/Investment Banks,0.02,Canada
4121019,McMillan Office Inc.,4305229,Family Offices/Trusts,0.02,USA
4121019,Neo Ivy Capital Management LLC,7511087,Hedge Fund Managers (<5% stake),0.02,USA
4121019,Knuff & Co. LLC,11227331,Family Offices/Trusts,0.02,USA
4121019,CWA Asset Management Group LLC,4550962,Traditional Investment Managers,0.02,USA
4121019,Ethic Inc.,4669066,Traditional Investment Managers,0.02,USA
4121019,Comerica Bank,1004911,Traditional Investment Managers,0.02,USA
4121019,Amalgamated Bank's Trust & Investment Services Group,5751335,Traditional Investment Managers,0.02,USA
4121019,AHL Partners LLP,4539092,Hedge Fund Managers (<5% stake),0.02,United Kingdom
4121019,Parkway Wealth Management Group LLC,133113002,Traditional Investment Managers,0.02,USA
4121019,Sprott Inc.,4271661,Traditional Investment Managers,0.02,Canada
4121019,Howard Capital Management Inc.,109842,Family Offices/Trusts,0.02,USA
4121019,Howard Capital Management LLC,4049060,Traditional Investment Managers,0.02,USA
4121019,Utah Retirement Systems,4284141,Government Pension Sponsors,0.02,USA
4121019,Donald J. LaBauve Jr.,,Individuals/Insiders,0.02,China
4121019,Equitile Investments Ltd,8307279,Traditional Investment Managers,0.02,United Kingdom
4121019,XTX Markets Ltd.,4853822,Traditional Investment Managers,0.02,United Kingdom
4121019,Wellington Management Group LLP,4579014,Traditional Investment Managers,0.02,USA
4121019,Vanguard Personalized Indexing Management,13980941,Traditional Investment Managers,0.02,USA
4121019,Northwestern Mutual Wealth Management Co.,4054540,Traditional Investment Managers,0.02,USA
4121019,Y-Intercept (Hong Kong) Ltd.,11146742,Traditional Investment Managers,0.02,Hong Kong
4121019,Krane Funds Advisors LLC,4383779,Traditional Investment Managers,0.02,USA
4121019,Woodline Partners LP,13652109,Hedge Fund Managers (<5% stake),0.02,USA
4121019,Intermede Investment Partners Ltd.,5849830,Traditional Investment Managers,0.02,United Kingdom
4121019,Cavalier Investments LLC,4627242,Traditional Investment Managers,0.02,USA
4121019,Blue Capital Inc.,29232093,Family Offices/Trusts,0.02,USA
4121019,O'Shaughnessy Asset Management LLC,4166919,Traditional Investment Managers,0.02,USA
4121019,Wilmington Trust Investment Advisors Inc.,4026952,Traditional Investment Managers,0.02,USA
4121019,Brown Brothers Harriman & Co.,109183,Traditional Investment Managers,0.01,USA
4121019,Impax Asset Management Group Plc,4144879,Traditional Investment Managers,0.01,United Kingdom
4121019,Empowered Funds LLC,4556191,Traditional Investment Managers,0.01,USA
4121019,Voleon Capital Management LP,4251523,Hedge Fund Managers (<5% stake),0.01,USA
4121019,Daiwa Asset Management Co. Ltd.,4137704,Traditional Investment Managers,0.01,Japan
4121019,Kennondale Capital Management LLC,132981299,Traditional Investment Managers,0.01,#INVALID COMPANY ID
4121019,Erste Towarzystwo Funduszy Inwestycyjnych SA,4138111,Traditional Investment Managers,0.01,Poland
4121019,10X Investments (Pty) Ltd,5842278,Traditional Investment Managers,0.01,South Africa
4121019,NEOS Investment Management LLC,106567697,Traditional Investment Managers,0.01,USA
4121019,Sagefield Capital,14945846,Hedge Fund Managers (<5% stake),0.01,USA
4121019,INTECH Investment Management LLC,111528,Traditional Investment Managers,0.01,USA
4121019,La Banque Postale Asset Management,4139945,Traditional Investment Managers,0.01,France
4121019,Cornerstone Planning LLC,23232760,Traditional Investment Managers,0.01,USA
4121019,Eagle Bluffs Wealth Management LLC,19545927,Traditional Investment Managers,0.01,USA
4121019,BNPP Asset Management Holding,13582910,Traditional Investment Managers,0.01,France
4121019,Blackstone Inc.,4157397,VC/PE Firms (<5% stake),0.01,USA
4121019,Nuveen Investments Inc.,102757,Traditional Investment Managers,0.01,USA
4121019,Atria Investments Inc.,4186534,Traditional Investment Managers,0.01,USA
4121019,Entropy Technologies LP,106602149,Traditional Investment Managers,0.01,USA
4121019,Soltis Investment Advisors LLC,4318601,Traditional Investment Managers,0.01,USA
4121019,IHT Wealth Management LLC,4550921,Traditional Investment Managers,0.01,USA
4121019,Meiji Yasuda Life Insurance Co.,4005681,Corporate Pension Sponsors,0.01,Japan
4121019,Mason Street Advisors LLC,4111157,Insurance Companies,0.01,USA
4121019,Three Seasons Wealth,111449096,Family Offices/Trusts,0.01,USA
4121019,DEVK Asset Management GmbH,4420792,Traditional Investment Managers,0.01,Germany
4121019,"Medivalor, A.V. Agencia de Valores, S.A.",7609147,Traditional Investment Managers,0.01,Spain
4121019,JT Stratford LLC,4621949,Traditional Investment Managers,0.01,USA
4121019,Pathstone Family Office LLC,4255945,Family Offices/Trusts,0.01,USA
4121019,ING Bank NV,4092030,Structured Finance Pool Managers,0.01,Netherlands
4121019,Catalyst Funds Management Pty. Ltd.,29586471,Hedge Fund Managers (<5% stake),0.01,Australia
4121019,Healthcare of Ontario Pension Plan Trust Fund,9877883,Government Pension Sponsors,0.01,Canada
4121019,Numeric Investors LLC,110153,Hedge Fund Managers (<5% stake),0.01,USA
4121019,Manning & Napier Advisors LLC,110939,Traditional Investment Managers,0.01,USA
4121019,Caption Management LLC,7384223,Hedge Fund Managers (<5% stake),0.01,USA
4121019,Xponance Inc.,4034531,Traditional Investment Managers,0.01,USA
4121019,Naples Global Advisors LLC,4320250,Traditional Investment Managers,0.01,USA
4121019,Mackenzie Financial Corp.,106960,Traditional Investment Managers,0.01,Canada
4121019,U.S. Capital Wealth Advisors LLC,6516031,Traditional Investment Managers,0.01,USA
4121019,Oregon Public Employees Retirement Fund,4251507,Government Pension Sponsors,0.01,USA
4121019,Cove Private Wealth LLC,101296674,Traditional Investment Managers,0.01,USA
4121019,Smart Money Group LLC,4765418,Traditional Investment Managers,0.01,USA
4121019,Alejandro Daniel Wolff,,Individuals/Insiders,0.01,China
4121019,BNY Mellon ETF Investment Adviser LLC,19342220,Traditional Investment Managers,0.01,USA
4121019,Mary Lauren Brlas,,Individuals/Insiders,0.01,China
4121019,Allstate Investments LLC,6336348,Insurance Companies,0.01,USA
4121019,Caitong International Asset Management Co. Ltd,9337684,Traditional Investment Managers,0.01,Hong Kong
4121019,Resona Asset Management Co. Ltd.,4629378,Traditional Investment Managers,0.01,Japan
4121019,Landscape Capital Management LLC,4538918,Hedge Fund Managers (<5% stake),0.01,USA
4121019,Mutual of America Capital Management LLC,111168,Insurance Companies,0.01,USA
4121019,Creutz & Partners,4138332,Traditional Investment Managers,0.01,Luxembourg
4121019,PERA Colorado,4047991,Government Pension Sponsors,0.01,USA
4121019,Prelude Capital Management LLC,4134726,Hedge Fund Managers (<5% stake),0.01,USA
4121019,Kestra Advisory Services LLC,4679925,Traditional Investment Managers,0.01,USA
4121019,AMJ Financial Wealth Management LLC,11226113,Traditional Investment Managers,0.01,USA
4121019,UniSuper Management Pty. Ltd.,4214610,Traditional Investment Managers,0.01,Australia
4121019,Jacobi Capital Management LLC,4231303,Traditional Investment Managers,0.01,USA
4121019,Summit Trail Advisors LLC,4617168,Traditional Investment Managers,0.01,USA
4121019,Realta Investment Advisors Inc,4186456,Traditional Investment Managers,0.01,USA
4121019,Hershey Financial Advisers LLC,111741106,Traditional Investment Managers,0.01,USA
4121019,Taylor Hoffman Capital Management LLC,20875413,Traditional Investment Managers,0.01,USA
4121019,Great Wall Fund Management Co. Ltd.,4138760,Traditional Investment Managers,0.01,China
4121019,Monetta Financial Services Inc.,111401,Traditional Investment Managers,0.01,USA
4121019,Gerald A. Steiner,,Individuals/Insiders,0.01,China
4121019,First Sentier Investors (Australia) IM Ltd,4135241,Traditional Investment Managers,0.01,Australia
4121019,Teacher Retirement System of Texas,4139256,Government Pension Sponsors,0.01,USA
4121019,Allspring Global Investments LLC,110570,Traditional Investment Managers,0.01,USA
4121019,Alaska Retirement Management Board,4142680,Government Pension Sponsors,0.01,USA
4121019,GuideStone Capital Management LLC,4115935,Traditional Investment Managers,0.01,USA
4121019,Morgan Stanley Investment Management Inc.,109721,Traditional Investment Managers,0.01,USA
4121019,Arkadios Wealth Advisors LLC,7357690,Traditional Investment Managers,0.01,USA
4121019,Koss-Olinger Consulting LLC,4028162,Traditional Investment Managers,0.01,USA
4121019,Regatta Capital Group LLC,4218931,Traditional Investment Managers,0.01,USA
4121019,Peninsula Asset Management Inc,110345,Traditional Investment Managers,0.01,USA
4121019,Money Concepts International Inc.,4216148,Banks/Investment Banks,0.01,USA
4121019,Patton Fund Management Inc.,4117916,Hedge Fund Managers (<5% stake),0.01,USA
4121019,DBX Advisors LLC,4318598,Traditional Investment Managers,0.01,USA
4121019,SunAmerica Asset Management LLC,111097,Traditional Investment Managers,0.01,USA
4121019,Tower Research Capital Europe Limited,5818434,Banks/Investment Banks,0.01,United Kingdom
4121019,Point Windward Advisors Inc.,4119137,Traditional Investment Managers,0.01,USA
4121019,CapFinancial Partners LLC,4585255,Traditional Investment Managers,0.01,USA
4121019,Virginia Retirement System,4020850,Government Pension Sponsors,0.01,USA
4121019,Omega Global Investors Pty Ltd.,4318315,Traditional Investment Managers,0.01,Australia
4121019,Independent Financial Group LLC,4065531,Traditional Investment Managers,0.01,#INVALID COMPANY ID
4121019,Mitsubishi UFJ Asset Management (UK) Ltd.,4164925,Traditional Investment Managers,0.01,United Kingdom
4121019,Symphonia Società di Gestione del Risparmio SpA,5848328,Traditional Investment Managers,0.01,Italy
4121019,Readystate Asset Management LP,101276038,Hedge Fund Managers (<5% stake),0.01,USA
4121019,Level Wealth Management LLC,107552928,Traditional Investment Managers,0.01,USA
4121019,Parrish Capital LLC,120044509,Traditional Investment Managers,0.01,USA
4121019,United Capital Financial Advisors,4146337,Traditional Investment Managers,0.01,USA
4121019,Storebrand Asset Management AS,4336776,Traditional Investment Managers,0.01,Norway
4121019,A Priori Investment Management Llc,10066781,VC/PE Firms (<5% stake),0.01,USA
4121019,Merewether Investment Management LP,10223830,Hedge Fund Managers (<5% stake),0.01,USA
4121019,Eurizon Capital SGR SpA,4324456,Traditional Investment Managers,0.01,Italy
4121019,AIA Investment Management Private Limited,6594844,Traditional Investment Managers,0.01,Singapore
4121019,Triagen Wealth Management LLC,20282675,Traditional Investment Managers,0.01,USA
4121019,Rothschild Investment LLC,109478,Traditional Investment Managers,0.01,USA
4121019,Williamson Legacy Group LLC,105764139,Traditional Investment Managers,0.01,USA
4121019,Natixis SA,4077805,Banks/Investment Banks,0.01,France
4121019,Venerable Investment Advisers LLC,117285549,Hedge Fund Managers (<5% stake),0.01,USA
4121019,Prudent Man Advisors LLC,4037129,Traditional Investment Managers,0.01,USA
4121019,Dean L. Seavers,,Individuals/Insiders,0.01,China
4121019,Teachers' Retirement System of the State of Kentucky,4324992,Government Pension Sponsors,0.01,USA
4121019,Vontobel Asset Management SA,4825704,Traditional Investment Managers,0.01,Luxembourg
4121019,K.J. Harrison & Partners Inc.,4139212,Traditional Investment Managers,0.01,Canada
4121019,Rafferty Asset Management LLC,4037235,Traditional Investment Managers,0.01,USA
4121019,Cpc Advisors LLC,4027228,Traditional Investment Managers,0.01,USA
4121019,Swiss Life Asset Mgmt AG,4140617,Traditional Investment Managers,0.01,Switzerland
4121019,Norway Savings Asset Management Group,5801829,Family Offices/Trusts,0.01,Norway
4121019,Uncommon Cents Investing Inc.,9091776,Traditional Investment Managers,0.01,USA
4121019,NewEdge Advisors LLC,4556217,Traditional Investment Managers,0.01,USA
4121019,Integrated Wealth Concepts LLC,4785392,Traditional Investment Managers,0.01,USA
4121019,Jackson Creek Investment Advisors LLC,20284388,Traditional Investment Managers,0.01,USA
4121019,Northcrest Asset Management LLC,29155540,Traditional Investment Managers,0.01,USA
4121019,Argenta Asset Management NV Luxembourg Branch,4260241,Traditional Investment Managers,0.01,Luxembourg
4121019,Miller Global Investments LLC,10854337,Family Offices/Trusts,0.01,USA
4121019,GAMMA Investing LLC,26480935,Traditional Investment Managers,0.01,USA
4121019,Jones Kertz & Associates Inc.,4027966,Family Offices/Trusts,0.01,USA
4121019,Clear Street LLC,15038624,Banks/Investment Banks,0.01,USA
4121019,Leibman Financial Servces Inc.,108629926,Traditional Investment Managers,0.01,USA
4121019,Advisors Asset Management Inc.,4093038,Traditional Investment Managers,0.01,USA
4121019,SlateStone Wealth LLC,4937201,Traditional Investment Managers,0.01,USA
4121019,Cloverfields Capital Group LP,19863545,Traditional Investment Managers,0.01,USA
4121019,Charter Research & Investment Group Inc.,4119571,Traditional Investment Managers,0.01,USA
4121019,Oppenheimer Asset Management Inc.,110379,Traditional Investment Managers,0.01,USA
4121019,Arax Advisory Partners LLC,4145387,Traditional Investment Managers,0.01,USA
4121019,Universal-Investment-Luxembourg S.A. Niederlassung Frankfurt Am Main,16073228,Traditional Investment Managers,0.01,Germany
4121019,Twin Tree Management LP,4318557,Hedge Fund Managers (<5% stake),0.01,USA
4121019,Convergence Investment Partners LLC,4224273,Traditional Investment Managers,0.01,USA
4121019,Vinva Investment Management Ltd.,4397028,Hedge Fund Managers (<5% stake),0.01,Australia
4121019,Lazard Asset Management LLC,110386,Traditional Investment Managers,0.01,USA
4121019,The Retirement Planning Company of New England Inc.,4036107,Traditional Investment Managers,0.01,USA
4121019,Kovack Advisors Inc.,4118203,Traditional Investment Managers,0.01,USA
4121019,AXQ Capital LP,105908838,Hedge Fund Managers (<5% stake),0.01,USA
4121019,Norinchukin Zenkyoren Asset Management Co. Ltd.,4138513,Traditional Investment Managers,0.01,Japan
4121019,Clare Market Investments LLC,14335977,Traditional Investment Managers,0.01,USA
4121019,Keystone Financial Group LLC,4434810,Traditional Investment Managers,0.01,USA
4121019,Arrow Capital Management Inc.,4612971,Traditional Investment Managers,0.01,Canada
4121019,Aberdeen Group PLC,4145085,Traditional Investment Managers,0.01,United Kingdom
4121019,William Blair Investment Management LLC,4578628,Traditional Investment Managers,0.01,USA
4121019,Cresset Asset Management LLC,7324562,Traditional Investment Managers,0.01,USA
4121019,Diarmuid B. O'Connell,,Individuals/Insiders,0.01,China
4121019,The Glenmede Trust Company NA,4072625,Traditional Investment Managers,0.01,USA
4121019,Roffman Milller Associates Inc,4030178,Traditional Investment Managers,0.01,USA
4121019,The Ameriflex Group Inc.,19727203,Traditional Investment Managers,0.01,USA
4121019,Machina Capital SAS,5884686,Traditional Investment Managers,0.01,France
4121019,Pacer Advisors Inc.,4539004,Traditional Investment Managers,0.01,USA
4121019,Adams Natural Resources Fund Inc.,4783704,Traditional Investment Managers,0.01,USA
4121019,Greenleaf Trust NA,4032621,Traditional Investment Managers,0.01,USA
4121019,Mizuho Financial Group Inc.,4087990,Traditional Investment Managers,0.01,Japan
4121019,Desjardins Global Asset Management Inc.,4226520,Traditional Investment Managers,0.01,Canada
4121019,Inspire Investing LLC,4904663,Traditional Investment Managers,0.01,USA
4121019,Forty Three Eighteen Advisors LLC,117301104,Traditional Investment Managers,0.01,USA
4121019,Wells Fargo Investment Institute Inc.,4118400,Traditional Investment Managers,0.01,USA
4121019,Infrastructure Capital Advisors LLC,4556202,Traditional Investment Managers,0.01,USA
4121019,Compagnie de Gestion Privée du Patrimoine,4245888,Traditional Investment Managers,0.01,France
4121019,Anchor Capital (Pty) Ltd.,5852503,Traditional Investment Managers,0.01,South Africa
4121019,Jordan Park Group LLC,4975164,Traditional Investment Managers,0.01,USA
4121019,Merit Financial Group LLC,4205871,Traditional Investment Managers,0.01,USA
4121019,Meiji Yasuda Asset Management Co. Ltd.,4586390,Traditional Investment Managers,0.01,Japan
4121019,Two Sigma Securities LLC,4254077,Banks/Investment Banks,0.01,USA
4121019,Quent Capital LLC,20114757,Traditional Investment Managers,0.01,USA
4121019,Wilmington Trust NA,1024488,Banks/Investment Banks,0.01,USA
4121019,Fora Capital LLC,19547874,Hedge Fund Managers (<5% stake),0.01,USA
4121019,Leap Investments LP,19110619,Traditional Investment Managers,0.01,USA
4121019,Hartford Investment Management Co.,110221,Traditional Investment Managers,0.01,USA
4121019,Ensign Peak Advisors Inc.,4108901,Traditional Investment Managers,0.01,USA
4121019,La Caisse de dépôt et placement du Québec,110573,Government Pension Sponsors,0.01,Canada
4121019,Drh VermÖGensverwaltung GmbH,6989270,Traditional Investment Managers,0.01,Germany
4121019,Mystic Asset Management Inc.,4537714,Traditional Investment Managers,0.01,USA
4121019,Marex Group Ltd.,4853792,Banks/Investment Banks,0.01,United Kingdom
4121019,Recurrent Investment Advisors LLC,7357269,Traditional Investment Managers,0.01,USA
4121019,AIGEN Investment Management LP,11041042,Hedge Fund Managers (<5% stake),0.01,USA
4121019,Brown Advisory Inc.,4142541,Traditional Investment Managers,0.01,USA
4121019,Davidson Investment Advisors Inc.,110979,Traditional Investment Managers,0.01,USA
4121019,Bosera Asset Management Co. Ltd.,4329445,Traditional Investment Managers,0.01,China
4121019,CoreCommodity Management LLC,4134208,Traditional Investment Managers,0.01,USA
4121019,DZ Bank AG,4142663,Traditional Investment Managers,0.01,Germany
4121019,Laird Norton Tyee Trust Co.,4048290,Family Offices/Trusts,0.01,USA
4121019,BCV Asset Management,4138167,Traditional Investment Managers,0.01,Switzerland
4121019,Boothbay Fund Management LLC,4560909,Hedge Fund Managers (<5% stake),0.01,USA
4121019,amandea Vermögensverwaltung AG,6729479,Traditional Investment Managers,0.01,Germany
4121019,Bovay & Partenaires SA,5848043,Traditional Investment Managers,0.01,Switzerland
4121019,Louisiana State Employees' Retirement System,4142455,Government Pension Sponsors,0.01,USA
4121019,Thematica SA,9313998,Traditional Investment Managers,0.01,Switzerland
4121019,Park Avenue Securities LLC,4057426,Traditional Investment Managers,0.01,USA
4121019,Glenda J. Minor,,Individuals/Insiders,0.01,China
4121019,Maryland State Retirement and Pension System,4646668,Government Pension Sponsors,0,USA
4121019,Kristin Buchholz Coleman,,Individuals/Insiders,0,China
4121019,Focus Partners Advisor Solutions LLC,4134418,Traditional Investment Managers,0,USA
4121019,Wealthfront Corp.,13486437,Traditional Investment Managers,0,USA
4121019,Mark R. Mummert,,Individuals/Insiders,0,China
4121019,Benjamin Edwards Inc.,4247410,Traditional Investment Managers,0,USA
4121019,Concurrent Investment Advisors LLC,20208578,Traditional Investment Managers,0,USA
4121019,KeyBank NA,1007545,Banks/Investment Banks,0,USA
4121019,AMF Capital AG,4546465,Traditional Investment Managers,0,Germany
4121019,Sierra Summit Advisors LLC,113607650,Family Offices/Trusts,0,USA
4121019,KCM Investment Advisors LLC,4035145,Traditional Investment Managers,0,USA
4121019,WESPAC Advisors LLC,4034609,Traditional Investment Managers,0,USA
4121019,New Mexico Educational Retirement Board,4048488,Government Pension Sponsors,0,USA
4121019,James J. O’Brien,,Individuals/Insiders,0,China
4352438,Christopher James Ellison,,Individuals/Insiders,10.56,China
4352438,Australian Super Pty Ltd,4757367,Government Pension Sponsors,9.35,Australia
4352438,State Street Global Advisors Inc.,110652,Traditional Investment Managers,6.33,USA
4352438,Norges Bank Investment Management,4138467,Sovereign Wealth Funds (<5% stake),4.92,Norway
4352438,UBS Asset Management AG,4674815,Traditional Investment Managers,4.9,Switzerland
4352438,JPMorgan Chase & Co.,100201,Banks/Investment Banks,4.81,USA
4352438,BlackRock Inc.,4048287,Traditional Investment Managers,3.71,USA
4352438,L1 Capital Pty. Ltd.,4402221,Traditional Investment Managers,3.42,Australia
4352438,Citigroup Inc.,4041896,Banks/Investment Banks,3.16,USA
4352438,Vanguard Capital Management LLC,137764443,Traditional Investment Managers,2.48,USA
4352438,L1 Capital Strategic Equity Management Pty. Ltd..,108591303,Corporations (Private),1.98,Australia
4352438,Vanguard Investments Australia Ltd.,4138917,Traditional Investment Managers,1.96,Australia
4352438,Dimensional Fund Advisors LP,111289,Traditional Investment Managers,0.96,USA
4352438,Vanguard Fiduciary Trust Co.,5752504,Traditional Investment Managers,0.76,USA
4352438,Van Eck Associates Corp.,109888,Traditional Investment Managers,0.67,USA
4352438,BetaShares Capital Ltd.,4578944,Traditional Investment Managers,0.54,Australia
4352438,Mirae Asset Global Investments Co. Ltd.,4256114,Traditional Investment Managers,0.49,South Korea
4352438,Thornburg Investment Management Inc.,110829,Traditional Investment Managers,0.44,USA
4352438,Invesco Ltd.,103661,Traditional Investment Managers,0.39,USA
4352438,Nordea Investment Management AB,4026994,Traditional Investment Managers,0.37,Sweden
4352438,Mackenzie Financial Corp.,106960,Traditional Investment Managers,0.36,Canada
4352438,Legal & General Investment Management Ltd.,4139862,Traditional Investment Managers,0.31,United Kingdom
4352438,Charles Schwab Investment Management Inc.,4048695,Traditional Investment Managers,0.3,USA
4352438,Vanguard Asset Management Ltd.,4723508,Traditional Investment Managers,0.24,United Kingdom
4352438,American Century Investment Management Inc,111074,Traditional Investment Managers,0.24,USA
4352438,Wilson Asset Management (International) P,4139656,Traditional Investment Managers,0.2,Australia
4352438,Goldman Sachs Asset Management LP,110587,Traditional Investment Managers,0.18,USA
4352438,Bessemer Investment Management LLC,4118993,Traditional Investment Managers,0.17,USA
4352438,JP Morgan Asset Management,110092,Traditional Investment Managers,0.16,USA
4352438,Global X Management (Aus) Ltd.,8365031,Traditional Investment Managers,0.15,Australia
4352438,Geode Capital Management LLC,4119759,Traditional Investment Managers,0.14,USA
4352438,Premier Fund Managers Ltd.,4138723,Traditional Investment Managers,0.1,United Kingdom
4352438,Smartshares Ltd.,4139976,Traditional Investment Managers,0.08,New Zealand
4352438,Northern Trust Global Investments,4272373,Traditional Investment Managers,0.07,United Kingdom
4352438,Teachers Insurance and Annuity Association-College Retirement Equities Fund,4270330,Traditional Investment Managers,0.07,USA
4352438,Invesco Capital Management LLC,4117611,Traditional Investment Managers,0.06,USA
4352438,Oberweis Asset Management Inc.,4001519,Traditional Investment Managers,0.06,USA
4352438,Driehaus Capital Management LLC,111537,Traditional Investment Managers,0.05,USA
4352438,Aberdeen Group PLC,4145085,Traditional Investment Managers,0.05,United Kingdom
4352438,Indus Capital Partners LLC,4134533,Hedge Fund Managers (<5% stake),0.04,USA
4352438,Ausbil Investment Management Ltd.,4565421,Traditional Investment Managers,0.04,Australia
4352438,Royal London Asset Management Ltd.,4138770,Traditional Investment Managers,0.04,United Kingdom
4352438,Mark G. Wilson,,Individuals/Insiders,0.03,China
4352438,Macquarie Investment Management Global Ltd.,4654230,Traditional Investment Managers,0.03,Australia
4352438,Amundi Asset Management SAS,4026948,Traditional Investment Managers,0.03,France
4352438,HSBC Global Asset Management (UK) Ltd.,4115698,Traditional Investment Managers,0.02,United Kingdom
4352438,IG Investment Management Ltd.,4005523,Traditional Investment Managers,0.02,Canada
4352438,Tidal Investments LLC,4338202,Traditional Investment Managers,0.02,USA
4352438,KLP Kapitalforvaltning AS,4138888,Traditional Investment Managers,0.02,Norway
4352438,Vanguard Global Advisers LLC,4337989,Traditional Investment Managers,0.02,USA
4352438,James Timothy McClements,,Individuals/Insiders,0.02,China
4352438,Scotia Wealth Management,5873663,Banks/Investment Banks,0.02,Canada
4352438,AllianceBernstein LP,109806,Traditional Investment Managers,0.01,USA
4352438,Thrivent Investment Management Inc.,4102247,Traditional Investment Managers,0.01,USA
4352438,LGPS Central Limited,7108293,VC/PE Firms (<5% stake),0.01,United Kingdom
4352438,Krane Funds Advisors LLC,4383779,Traditional Investment Managers,0.01,USA
4352438,GWL Investment Management Ltd.,4048184,Traditional Investment Managers,0.01,Canada
4352438,Canada Life Investment Management Ltd.,27584974,Traditional Investment Managers,0.01,Canada
4352438,Ninety One UK Ltd.,4138889,Traditional Investment Managers,0.01,United Kingdom
4352438,New York Life Investment Management LLC,4073190,Traditional Investment Managers,0.01,USA
4352438,CapSolutions GmbH,14833261,Traditional Investment Managers,0.01,Germany
4352438,IS Asset Management,4139199,Traditional Investment Managers,0.01,Türkiye
4352438,Xi Xi,,Individuals/Insiders,0.01,China
4352438,Franklin Resources Inc.,102719,Traditional Investment Managers,0.01,USA
4352438,ProShare Advisors LLC,4153606,Traditional Investment Managers,0.01,USA
4352438,ANZ New Zealand Investments Ltd.,4139073,Traditional Investment Managers,0.01,New Zealand
4352438,Justin Langer,,Individuals/Insiders,0.01,China
4352438,Susan Jane Corlett,,Individuals/Insiders,0,China
4352438,BNY Asset Management,4057506,Traditional Investment Managers,0,USA
4352438,Malcolm Peter Bundey,,Individuals/Insiders,0,China
4352438,Colleen Hayward,,Individuals/Insiders,0,China
4352438,CoreCommodity Management LLC,4134208,Traditional Investment Managers,0,USA
4352438,Lulezim Hysni Meka,,Individuals/Insiders,0,China
4352438,DJE Kapital AG,4212529,Traditional Investment Managers,0,Germany
4352438,Zurich Invest Bank AG,6337027,Traditional Investment Managers,0,Switzerland
4352438,BTG Pactual Global Asset Management Ltd.,4252258,Traditional Investment Managers,0,Bermuda
4352438,Deutsche Asset & Wealth Management,111219,Traditional Investment Managers,0,USA
4352438,Russell Investment Management LLC,111359,Traditional Investment Managers,0,USA
4352438,Denise Patricia McComish,,Individuals/Insiders,0,China
4352438,Mercer Global Investments Europe Limited,5759394,Traditional Investment Managers,0,Ireland
4352438,Green Arrow Capital SGR SpA,5745911,VC/PE Firms (<5% stake),0,Italy
4352438,Ross Anthony Carroll,,Individuals/Insiders,0,China
4352438,Jacqueline Elizabeth McGill,,Individuals/Insiders,0,China
4352438,Colin Francis Moorhead,,Individuals/Insiders,0,China
4352438,Aviva Investors Global Services Ltd.,4376121,Traditional Investment Managers,0,United Kingdom
4352438,Massachusetts Financial Services Company,109763,Traditional Investment Managers,0,USA
4352438,Lawrence John Tremaine,,Individuals/Insiders,0,China
4352438,CI Global Asset Management,4114882,Traditional Investment Managers,0,Canada
4352438,Themes Management Co.,112247511,Traditional Investment Managers,0,USA
4352438,Pacific Investment Management Co. LLC,109687,Traditional Investment Managers,0,USA
4352438,Anima SGR SpA,4137693,Traditional Investment Managers,0,Italy
4352438,Susan Ferrier,,Individuals/Insiders,0,China
4352438,Nomura Asset Management Co. Ltd.,4048507,Traditional Investment Managers,0,Japan
4352438,FMR LLC,3000896,Traditional Investment Managers,0,USA
4352438,First Trust Advisors LP,4033550,Traditional Investment Managers,0,USA
4352438,Evli Fund Management Co. Ltd.,4198648,Traditional Investment Managers,0,Finland
4352438,Wilshire Advisors LLC,4048818,Traditional Investment Managers,0,USA
4352438,Innovator Capital Management LLC,4975908,Traditional Investment Managers,0,USA
4352438,SEI Investments Co.,102729,Traditional Investment Managers,0,USA
4352438,Lombard Odier Asset Management (Europe) Ltd.,4289501,Traditional Investment Managers,0,United Kingdom
4352438,Lombard Odier Asset Management (Switzerland) SA,7060057,Traditional Investment Managers,0,Switzerland
4352438,Morgan Stanley Investment Management Inc.,109721,Traditional Investment Managers,0,USA
4352438,USCF Advisers LLC,4560796,Traditional Investment Managers,0,USA
4352438,Sumitomo Mitsui Trust Asset Management Co. Ltd.,4318240,Traditional Investment Managers,0,Japan
4352438,Resona Asset Management Co. Ltd.,4629378,Traditional Investment Managers,0,Japan
4352438,Vanguard Group Inc.,109776,Traditional Investment Managers,0,USA
4352438,Asset Management One Co. Ltd.,4120033,Traditional Investment Managers,0,Japan
4352438,Connor Clark & Lunn Investment Management Ltd.,4035990,Traditional Investment Managers,-0.01,Canada
4352438,AQR Capital Management LLC,4119538,Hedge Fund Managers (<5% stake),-0.09,USA
4355642,Minxi Xinghang State-owned Assets Investment Operation Co.Ltd.,4403255,Corporations (Private),23.04,China
4355642,BlackRock Inc.,4048287,Traditional Investment Managers,2.15,USA
4355642,China Securities Finance Corporation Ltd.,4416934,Banks/Investment Banks,1.66,China
4355642,UBS Asset Management AG,4674815,Traditional Investment Managers,1.34,Switzerland
4355642,GIC Pte. Ltd.,4005446,Sovereign Wealth Funds (<5% stake),1.11,Singapore
4355642,Van Eck Associates Corp.,109888,Traditional Investment Managers,1.1,USA
4355642,JP Morgan Asset Management,110092,Traditional Investment Managers,1.03,USA
4355642,Guoxin Investment Co. Ltd.,4843554,Corporations (Private),0.96,China
4355642,Harvest Fund Management Co. Ltd.,4140486,Traditional Investment Managers,0.94,China
4355642,FMR LLC,3000896,Traditional Investment Managers,0.94,USA
4355642,Vanguard Capital Management LLC,137764443,Traditional Investment Managers,0.93,USA
4355642,China Life AMP Asset Management Co. Ltd.,4559567,Traditional Investment Managers,0.76,China
4355642,China Life Asset Management Company Ltd.,4236979,Traditional Investment Managers,0.76,China
4355642,E Fund Management Co. Ltd.,4137681,Traditional Investment Managers,0.74,China
4355642,Perseverance Asset Management LLP,5884796,Traditional Investment Managers,0.68,China
4355642,China Universal Asset Management Co. Ltd.,9020942,Traditional Investment Managers,0.67,China
4355642,Invesco Great Wall Fund Management Co. Ltd,5762318,Traditional Investment Managers,0.65,China
4355642,BNP Paribas SA,3001689,Traditional Investment Managers,0.63,France
4355642,"Zhong Ou Fund Management Co., Ltd",5860959,Traditional Investment Managers,0.6,China
4355642,China Asset Management (Hong Kong) Ltd.,4388745,Traditional Investment Managers,0.59,Hong Kong
4355642,Abu Dhabi Investment Authority,4137795,Sovereign Wealth Funds (<5% stake),0.52,United Arab Emirates
4355642,BNP Paribas Financial Markets SNC,4310789,Traditional Investment Managers,0.51,France
4355642,HSBC Global Asset Management (UK) Ltd.,4115698,Traditional Investment Managers,0.51,United Kingdom
4355642,China Asset Management Co. Ltd.,4139271,Traditional Investment Managers,0.51,China
4355642,Huatai-PineBridge Fund Management Co. Ltd.,4345275,Traditional Investment Managers,0.5,China
4355642,Ping An Asset Management Co. Ltd.,10875409,Traditional Investment Managers,0.48,China
4355642,ICBC Credit Suisse Fund Management Co. Ltd.,4139311,Traditional Investment Managers,0.48,China
4355642,Schroder Investment Management Ltd.,4249110,Traditional Investment Managers,0.44,United Kingdom
4355642,Fullgoal Fund Management Co. Ltd.,4137668,Traditional Investment Managers,0.4,China
4355642,Mirae Asset Global Investments Co. Ltd.,4256114,Traditional Investment Managers,0.4,South Korea
4355642,Schroder Investment Management (Hong Kong) Ltd.,4139954,Traditional Investment Managers,0.38,Hong Kong
4355642,Morgan Stanley,103042,Banks/Investment Banks,0.36,USA
4355642,JPMorgan Chase & Co.,100201,Banks/Investment Banks,0.35,USA
4355642,GF Fund Management Co. Ltd.,4138625,Traditional Investment Managers,0.35,China
4355642,China Southern Asset Management Co. Ltd.,4435100,Traditional Investment Managers,0.31,China
4355642,AEGON-Industrial Fund Mgmt Co.,4139225,Traditional Investment Managers,0.3,China
4355642,Schroder Investment Management North America Inc.,109872,Traditional Investment Managers,0.29,USA
4355642,Bosera Asset Management Co. Ltd.,4329445,Traditional Investment Managers,0.27,China
4355642,Strategic Advisers LLC,4102073,Traditional Investment Managers,0.26,USA
4355642,Shanghai Orient Securities Asset Management Co. Ltd.,5812793,Traditional Investment Managers,0.25,China
4355642,Vanguard Fiduciary Trust Co.,5752504,Traditional Investment Managers,0.24,USA
4355642,Guotai Asset Mgmt Co. Ltd.,4138799,Traditional Investment Managers,0.23,China
4355642,Fidelity International Ltd.,4020980,Traditional Investment Managers,0.22,Bermuda
4355642,Baillie Gifford & Co.,4026973,Traditional Investment Managers,0.22,United Kingdom
4355642,Huashang Fund Management Co. Ltd.,7059915,Traditional Investment Managers,0.19,China
4355642,HuaAn Fund Management Company Ltd.,4138661,Traditional Investment Managers,0.19,China
4355642,Allianz Asset Management GmbH,4208127,Traditional Investment Managers,0.19,Germany
4355642,Maxwealth Fund Management Co. Ltd.,4536183,Traditional Investment Managers,0.18,China
4355642,Zijin Mining Group Company Limited ESOP,19309699,ESOP,0.16,China
4355642,Capital Research and Management Co.,111195,Traditional Investment Managers,0.16,USA
4355642,Dimensional Fund Advisors LP,111289,Traditional Investment Managers,0.16,USA
4355642,Geode Capital Management LLC,4119759,Traditional Investment Managers,0.14,USA
4355642,Yinhua Fund Management Co. Ltd.,4139415,Traditional Investment Managers,0.13,China
4355642,Wellington Management Group LLP,4579014,Traditional Investment Managers,0.12,USA
4355642,American Century Investment Management Inc,111074,Traditional Investment Managers,0.12,USA
4355642,Essence Fund Management Co. Ltd,5837129,Traditional Investment Managers,0.12,China
4355642,Bank of Communications Schroder Fund Management Co. Ltd.,4137941,Traditional Investment Managers,0.12,China
4355642,State Street Global Advisors Inc.,110652,Traditional Investment Managers,0.12,USA
4355642,Invesco Ltd.,103661,Traditional Investment Managers,0.11,USA
4355642,Wanjia Asset Management Co. Ltd.,4606392,Traditional Investment Managers,0.1,China
4355642,Ruiyuan Fund Management Company LTD,15508432,Traditional Investment Managers,0.09,China
4355642,Ping An UOB Fund Management Co. Ltd.,4556995,Traditional Investment Managers,0.09,China
4355642,Teachers Insurance and Annuity Association-College Retirement Equities Fund,4270330,Traditional Investment Managers,0.08,USA
4355642,AllianceBernstein LP,109806,Traditional Investment Managers,0.08,USA
4355642,Penghua Fund Management Co. Ltd.,4345260,Traditional Investment Managers,0.07,China
4355642,Dacheng Fund Management Co. Ltd.,4137754,Traditional Investment Managers,0.07,China
4355642,Pictet Asset Management Ltd.,111267,Traditional Investment Managers,0.06,United Kingdom
4355642,T. Rowe Price Group Inc.,4055767,Traditional Investment Managers,0.06,USA
4355642,ABC-CA Fund Management Co. Ltd.,4316929,Traditional Investment Managers,0.06,China
4355642,Tianhong Asset Management Co. Ltd.,4345965,Traditional Investment Managers,0.06,China
4355642,Charles Schwab Investment Management Inc.,4048695,Traditional Investment Managers,0.06,USA
4355642,Broad Asset Management Co. Ltd.,15012201,Traditional Investment Managers,0.06,China
4355642,Value Partners Hong Kong Ltd.,4304908,Traditional Investment Managers,0.06,Hong Kong
4355642,Minsheng Royal Fund Management Co. Ltd.,4316799,Traditional Investment Managers,0.06,China
4355642,Rongtong Fund Management Co. Ltd.,4139739,Traditional Investment Managers,0.06,China
4355642,HFT Investment Management Co. Ltd. (Group,4784142,Traditional Investment Managers,0.06,China
4355642,HSBC Global Asset Management (Hong Kong) Ltd.,4100281,Traditional Investment Managers,0.05,Hong Kong
4355642,Deutsche Asset & Wealth Management,111219,Traditional Investment Managers,0.05,USA
4355642,RBC Global Asset Management Inc.,4281265,Traditional Investment Managers,0.05,Canada
4355642,Taikang Asset Management Co. Ltd.,4436408,Traditional Investment Managers,0.05,China
4355642,UBS SDIC Fund Management Co. Ltd.,4417406,Traditional Investment Managers,0.05,China
4355642,Vanguard Asset Management Ltd.,4723508,Traditional Investment Managers,0.05,United Kingdom
4355642,Lion Fund Management Co. Ltd.,4139789,Traditional Investment Managers,0.05,China
4355642,"First Seafront Fund Management Co., Ltd",5851125,Traditional Investment Managers,0.04,China
4355642,Northern Trust Global Investments,4272373,Traditional Investment Managers,0.04,United Kingdom
4355642,Goldman Sachs Asset Management LP,110587,Traditional Investment Managers,0.04,USA
4355642,China Post & Capital Fund Management Co. Ltd.,4322244,Traditional Investment Managers,0.04,China
4355642,Taikang Fund Management Co. Ltd.,109523595,Traditional Investment Managers,0.04,China
4355642,Hwabao WP Fund Management Co. Ltd.,4137720,Traditional Investment Managers,0.04,China
4355642,CITIC-Prudential Fund Management Company Ltd.,4345966,Traditional Investment Managers,0.04,China
4355642,Schroder Investment Mgmt (Singapore) Ltd.,4139955,Traditional Investment Managers,0.04,Singapore
4355642,Morgan Stanley Investment Management Inc.,109721,Traditional Investment Managers,0.04,USA
4355642,China Merchants Fund Management Co. Ltd.,4325258,Traditional Investment Managers,0.04,China
4355642,Invesco Hong Kong Ltd.,4120029,Traditional Investment Managers,0.04,Hong Kong
4355642,Pinebridge Investments Asia Ltd.,4138005,VC/PE Firms (<5% stake),0.04,Hong Kong
4355642,Principal Global Investors LLC,4089114,Traditional Investment Managers,0.04,USA
4355642,Changsheng Fund Management Co. Ltd.,4311270,Traditional Investment Managers,0.04,China
4355642,CCB Principal Asset Management Co. Ltd.,4138221,Traditional Investment Managers,0.04,China
4355642,Jupiter Fund Management PLC,4271664,Traditional Investment Managers,0.04,United Kingdom
4355642,Victory Capital Management Inc.,110674,Traditional Investment Managers,0.04,USA
4355642,Global X Management (Aus) Ltd.,8365031,Traditional Investment Managers,0.04,Australia
4355642,CIB Fund Management Co. Ltd,4404664,Traditional Investment Managers,0.04,China
4355642,Fullerton Fund Management Co. Ltd.,4209761,Traditional Investment Managers,0.03,Singapore
4355642,Russell Investment Management LLC,111359,Traditional Investment Managers,0.03,USA
4355642,Bank of China Investment Management Co. Ltd.,4137999,Traditional Investment Managers,0.03,China
4355642,Cullen Capital Management LLC,4099072,Traditional Investment Managers,0.03,USA
4355642,Mitsubishi UFJ Asset Management Co. Ltd.,4607441,Traditional Investment Managers,0.03,Japan
4355642,"Truvalue Asset Management Co.,Ltd.",5866754,Traditional Investment Managers,0.03,China
4355642,Amundi Asset Management SAS,4026948,Traditional Investment Managers,0.03,France
4355642,CSOP Asset Management Ltd.,4408592,Traditional Investment Managers,0.03,Hong Kong
4355642,Aviva Investors Global Services Ltd.,4376121,Traditional Investment Managers,0.03,United Kingdom
4355642,Matthews International Capital Management LLC,110787,Traditional Investment Managers,0.03,USA
4355642,DBX Advisors LLC,4318598,Traditional Investment Managers,0.03,USA
4355642,Value Partners Ltd.,4120036,Hedge Fund Managers (<5% stake),0.03,Hong Kong
4355642,AXA SPDB Investment Managers Co. Ltd.,4332537,Traditional Investment Managers,0.02,China
4355642,Legal & General Investment Management Ltd.,4139862,Traditional Investment Managers,0.02,United Kingdom
4355642,CPIC Fund Management Co. Ltd.,4379197,Traditional Investment Managers,0.02,China
4355642,Lazard Asset Management LLC,110386,Traditional Investment Managers,0.02,USA
4355642,Chang Xin Asset Management Corp. Ltd.,4345964,Traditional Investment Managers,0.02,China
4355642,Franklin Resources Inc.,102719,Traditional Investment Managers,0.02,USA
4355642,Eurizon Capital SGR SpA,4324456,Traditional Investment Managers,0.02,Italy
4355642,Manulife Asset Management,5747632,Traditional Investment Managers,0.02,Canada
4355642,Baoying Fund Management Co. Ltd.,4138088,Traditional Investment Managers,0.02,China
4355642,BEA Union Investment Management Ltd.,4208762,Traditional Investment Managers,0.02,Hong Kong
4355642,Putnam LLC,26566323,Traditional Investment Managers,0.02,USA
4355642,Great Wall Fund Management Co. Ltd.,4138760,Traditional Investment Managers,0.02,China
4355642,Nomura Investment Management Business Trust,109913,Traditional Investment Managers,0.02,USA
4355642,Golden Eagle Asset Management Co. Ltd.,4138496,Traditional Investment Managers,0.02,China
4355642,National Bank Trust Inc.,4099895,Banks/Investment Banks,0.02,Canada
4355642,Royal London Asset Management Ltd.,4138770,Traditional Investment Managers,0.02,United Kingdom
4355642,Golden Trust SinoPac Fund Management Co. Ltd.,4574748,Traditional Investment Managers,0.02,China
4355642,Columbia Management Investment Advisers LLC,109789,Traditional Investment Managers,0.02,USA
4355642,Baring Asset Management Ltd.,111272,Traditional Investment Managers,0.02,United Kingdom
4355642,Border To Coast Pensions Partnership Ltd.,10499632,Government Pension Sponsors,0.02,United Kingdom
4355642,Causeway Capital Management LLC,4095848,Traditional Investment Managers,0.02,USA
4355642,BOCI-Prudential Asset Management Ltd.,4138118,Traditional Investment Managers,0.02,Hong Kong
4355642,Peng Yang Fund Management Co. Ltd.,11183019,Traditional Investment Managers,0.02,China
4355642,SEI Investments Co.,102729,Traditional Investment Managers,0.02,USA
4355642,Franklin Templeton Sealand Fund Management Co. Ltd.,4550448,Traditional Investment Managers,0.02,China
4355642,Laichang Zou,,Individuals/Insiders,0.02,China
4355642,Hongde Fund Management Co. Ltd.,5877799,Traditional Investment Managers,0.02,China
4355642,TT International Asset Management Ltd,4026891,Traditional Investment Managers,0.02,United Kingdom
4355642,Eaton Vance Management,109754,Traditional Investment Managers,0.02,USA
4355642,AZ Investment Management Singapore Ltd.,5804546,Hedge Fund Managers (<5% stake),0.01,Singapore
4355642,Western Leadbank Fund Management Co. Ltd.,4890277,Traditional Investment Managers,0.01,China
4355642,"Da Cheng International Asset Management Co., Ltd.",4549477,Traditional Investment Managers,0.01,Hong Kong
4355642,CICC Fund Management Co. Ltd.,4677331,Traditional Investment Managers,0.01,China
4355642,Mercer Global Investments Europe Limited,5759394,Traditional Investment Managers,0.01,Ireland
4355642,Focusbridge Investments Ltd.,15102002,Traditional Investment Managers,0.01,China
4355642,Fullgoal Asset Management (HK) Ltd,5854382,Traditional Investment Managers,0.01,Hong Kong
4355642,Numeric Investors LLC,110153,Hedge Fund Managers (<5% stake),0.01,USA
4355642,Aberdeen Group PLC,4145085,Traditional Investment Managers,0.01,United Kingdom
4355642,Jpmorgan Asset Management (China) Company Ltd.,5879252,Traditional Investment Managers,0.01,China
4355642,RWC Partners Ltd.,4135098,Traditional Investment Managers,0.01,United Kingdom
4355642,Huatai Baoxing Fund Management Co. Ltd.,10181318,Traditional Investment Managers,0.01,China
4355642,Morgan Stanley Fund Management (China) Co. Ltd.,4138826,Traditional Investment Managers,0.01,China
4355642,Janus Henderson Group Ltd.,4147331,Traditional Investment Managers,0.01,United Kingdom
4355642,Rothschild & Cie Gestion,4139846,Traditional Investment Managers,0.01,France
4355642,Allspring Global Investments LLC,110570,Traditional Investment Managers,0.01,USA
4355642,Nationwide Fund Advisors,4087052,Traditional Investment Managers,0.01,USA
4355642,Hongfu Lin,,Individuals/Insiders,0.01,China
4355642,Belgrave Capital Management Ltd.,4332718,Traditional Investment Managers,0.01,United Kingdom
4355642,First State Cinda Fund Management Co. Ltd.,4368709,Traditional Investment Managers,0.01,China
4355642,Phoenix Unit Trust Managers Limited,7834181,Traditional Investment Managers,0.01,United Kingdom
4355642,Shaoyang Shen,,Individuals/Insiders,0.01,China
4355642,Pzena Investment Management Inc.,4162576,Traditional Investment Managers,0.01,USA
4355642,Boston Partners Global Investors Inc.,4158830,Traditional Investment Managers,0.01,USA
4355642,Krane Funds Advisors LLC,4383779,Traditional Investment Managers,0.01,USA
4355642,Everbright Pramerica Fund Management Co.,4137684,,0.01,China
4355642,Schroder Investment Management (Japan) Ltd.,4296648,Traditional Investment Managers,0.01,Japan
4355642,Tibet Eastmoney Fund Management Co.Ltd.,20057752,Traditional Investment Managers,0.01,China
4355642,Fideuram Asset Management (Ireland) DAC,4140503,Traditional Investment Managers,0.01,Ireland
4355642,Hangzhou Huisheng Investment Management Co. Ltd.,19448171,Traditional Investment Managers,0.01,China
4355642,Zhonghai Fund Management Co. Ltd.,4345268,Traditional Investment Managers,0.01,China
4355642,BlackRock Fund Management Ltd.,107988050,Traditional Investment Managers,0.01,China
4355642,Deka Investment GmbH,4137912,Traditional Investment Managers,0.01,Germany
4355642,PICC Asset Management Co. Ltd.,4341872,Traditional Investment Managers,0.01,China
4355642,Hongying Lin,,Individuals/Insiders,0.01,China
4355642,BNY Asset Management,4057506,Traditional Investment Managers,0.01,USA
4355642,Youcheng Zheng,,Individuals/Insiders,0.01,China
4355642,Thrivent Investment Management Inc.,4102247,Traditional Investment Managers,0.01,USA
4355642,AFH Independent Financial Services Limited,7794310,Traditional Investment Managers,0.01,United Kingdom
4355642,Eastspring Investments (Singapore) Ltd.,4138745,Traditional Investment Managers,0.01,Singapore
4355642,Honghui Wu,,Individuals/Insiders,0.01,China
4355642,Xionghui Xie,,Individuals/Insiders,0.01,China
4355642,SWS MU Fund Management Co. Ltd.,4139950,Traditional Investment Managers,0.01,China
4355642,BMO Asset Management Corp.,109988,Traditional Investment Managers,0.01,USA
4355642,Invesco Capital Management LLC,4117611,Traditional Investment Managers,0.01,USA
4355642,Taiping Fund Management Co. Ltd.,4954984,Traditional Investment Managers,0.01,China
4355642,Yi Long,,Individuals/Insiders,0.01,China
4355642,Shanghai Guotai Junan Securities Asset Management Co. Ltd.,4592065,Traditional Investment Managers,0.01,China
4355642,CIBC Asset Management Inc.,4048742,Traditional Investment Managers,0.01,Canada
4355642,Oaktree Fund Advisors LLC,10169175,Traditional Investment Managers,0.01,USA
4355642,Fortune And Royal Asset Management Co. Ltd.,5883003,Traditional Investment Managers,0.01,China
4355642,RHB Asset Management Sdn. Bhd.,4139625,Traditional Investment Managers,0.01,Malaysia
4355642,Mega International Investment Trust Co. Ltd.,4314602,Traditional Investment Managers,0.01,Taiwan
4355642,"Yingda Asset Management Co., Ltd.",7798890,Traditional Investment Managers,0.01,China
4355642,Sumitomo Mitsui Trust Asset Management Co. Ltd.,4318240,Traditional Investment Managers,0.01,Japan
4355642,Lion Global Investors Ltd.,4139819,Traditional Investment Managers,0.01,Singapore
4355642,BetaShares Capital Ltd.,4578944,Traditional Investment Managers,0.01,Australia
4355642,Jianhui Wu,,Individuals/Insiders,0.01,China
4355642,China Universal Fund Management Co. Ltd.,27663277,Traditional Investment Managers,0.01,#INVALID COMPANY ID
4355642,Amova Asset Management Co. Ltd.,4107954,,0.01,Japan
4355642,Xiangcai Fund Management Co. Ltd.,19312355,Traditional Investment Managers,0.01,China
4355642,Galaxy Asset Management Co. Ltd.,4138761,Traditional Investment Managers,0.01,China
4355642,Chun Wang,,Individuals/Insiders,0.01,China
4355642,"Gfund Management Co., Ltd.",6520584,Traditional Investment Managers,0.01,China
4355642,Horizon Asset Management Co. Ltd.,5883563,Traditional Investment Managers,0.01,China
4355642,Yuanhang Liao,,Individuals/Insiders,0.01,China
4355642,New China Fund Management Co. Ltd.,4345262,Traditional Investment Managers,0.01,China
4355642,"Jyah Asset Management Co., Ltd.",5877802,Traditional Investment Managers,0,China
4355642,First Trust Advisors LP,4033550,Traditional Investment Managers,0,USA
4355642,Banor Capital Ltd.,5813336,Traditional Investment Managers,0,United Kingdom
4355642,Brookfield Corp.,4066647,VC/PE Firms (<5% stake),0,Canada
4355642,First-Trust Fund Management Co. Ltd.,4140536,Traditional Investment Managers,0,China
4355642,Capital Investment Trust Corp.,4225018,Traditional Investment Managers,0,Taiwan
4355642,TD Asset Management Inc.,4093616,Traditional Investment Managers,0,Canada
4355642,BOSC Asset Management Ltd.,4553770,Traditional Investment Managers,0,China
4355642,Orient Fund Management Co. Ltd.,4138631,Traditional Investment Managers,0,China
4355642,FountainCap Research & Investment (Hong Kong) Co. Ltd.,8682054,Traditional Investment Managers,0,Hong Kong
4355642,Neuberger Berman Fund management (China) Co. Ltd.,106535824,Traditional Investment Managers,0,#INVALID COMPANY ID
4355642,PGIM Securities Investment Trust Enterprise,4240414,Traditional Investment Managers,0,Taiwan
4355642,Chaoyang Que,,Individuals/Insiders,0,China
4355642,Caitong Securities Asset Management Co.Ltd.,5810740,Traditional Investment Managers,0,China
4355642,Myriad Asset Management Advisors LLC,133018323,Traditional Investment Managers,0,USA
4355642,ICBC UBS Asset Management (International) Company Ltd.,4641730,Traditional Investment Managers,0,Hong Kong
4355642,Nissay Asset Management Corp.,4116134,Traditional Investment Managers,0,Japan
4355642,Fiera Capital Corporation,110287,Traditional Investment Managers,0,Canada
4355642,KBC Asset Management NV,4111901,Traditional Investment Managers,0,Belgium
4355642,Caitong Fund Management,4548312,Traditional Investment Managers,0,China
4355642,Santander Asset Management SA SGIIC,4187337,Hedge Fund Managers (<5% stake),0,Spain
4355642,CTBC Securities Investment Trust Co. Ltd.,4241120,Traditional Investment Managers,0,Taiwan
4355642,Yuanta Securities Investment Trust Co. Ltd.,4216438,Traditional Investment Managers,0,Taiwan
4355642,Veritas Asset Management LLP,4135100,Traditional Investment Managers,0,United Kingdom
4355642,Lombard Odier Asset Management (Switzerland) SA,7060057,Traditional Investment Managers,0,Switzerland
4355642,Voya Investment Management LLC,4048215,Traditional Investment Managers,0,USA
4355642,ChangAn Fund Management Co.Ltd,5826475,Traditional Investment Managers,0,China
4355642,"Zheshang Fund Management Co., Ltd.",5819977,Traditional Investment Managers,0,China
4355642,Hang Seng Investment Management Ltd.,4138797,Traditional Investment Managers,0,Hong Kong
4355642,Springs Fund Management Co.Ltd.,108037678,Traditional Investment Managers,0,China
4355642,"Federated Hermes, Inc.",110641,Traditional Investment Managers,0,USA
4355642,Fuhwa Securities Investment Trust Co. Ltd.,4240804,Traditional Investment Managers,0,Taiwan
4355642,Vanguard Investments Australia Ltd.,4138917,Traditional Investment Managers,0,Australia
4355642,Mackenzie Financial Corp.,106960,Traditional Investment Managers,0,Canada
4355642,Cathay Securities Investment Trust Co. LTD,4240614,Traditional Investment Managers,0,Taiwan
4355642,Purekind Fund Management Co.Ltd.,15947616,Traditional Investment Managers,0,China
4355642,Nomura Asset Management Taiwan Ltd.,4212913,Traditional Investment Managers,0,Taiwan
4355642,Prescient Investment Management Pty Ltd,4213196,Traditional Investment Managers,0,Japan
4355642,China Fund Management Co. Ltd.,5868824,Traditional Investment Managers,0,China
4355642,Nuode Asset Management Co. Ltd.,7789048,Traditional Investment Managers,0,China
4355642,Acadian Asset Management LLC,110495,Traditional Investment Managers,0,USA
4355642,Vanguard Global Advisers LLC,4337989,Traditional Investment Managers,0,USA
4355642,HSBC Jintrust Fund Management Co. Ltd.,4820048,Traditional Investment Managers,0,China
4355642,Huafu Fund Management Co. Ltd.,4138775,Traditional Investment Managers,0,China
4355642,BOCHK Asset Management Ltd.,4311273,Traditional Investment Managers,0,Hong Kong
4355642,NS Partners Ltd,4074095,Traditional Investment Managers,0,United Kingdom
4355642,Daiwa Asset Management Co. Ltd.,4137704,Traditional Investment Managers,0,Japan
4355642,GWL Investment Management Ltd.,4048184,Traditional Investment Managers,0,Canada
4355642,Huatai Securities (Shanghai) Asset Management Co. Ltd.,4621446,Traditional Investment Managers,0,China
4355642,Quanguo Fund Management Co. Ltd.,109508756,Traditional Investment Managers,0,#INVALID COMPANY ID
4355642,PGIM Inc.,4119440,Traditional Investment Managers,0,USA
4355642,Zhonggeng Fund Management Co. Ltd.,15135223,Traditional Investment Managers,0,China
4355642,Virtus Investment Advisers LLC,110527,Traditional Investment Managers,0,USA
4355642,AMG Funds LLC,4097957,Traditional Investment Managers,0,USA
4355642,Guolian Fund Management Company Ltd.,4878959,Traditional Investment Managers,0,China
4355642,Bank of Beijing Scotiabank Asset Management Co. Ltd.,4396635,Traditional Investment Managers,0,China
4355642,Mercer Global Investments Management Ltd,5830179,Traditional Investment Managers,0,Ireland
4355642,BOC International (China) Co. Ltd.,4315032,Traditional Investment Managers,0,China
4355642,Sumitomo Mitsui DS Asset Management Co. Ltd.,4140078,Traditional Investment Managers,0,Japan
4355642,IG Investment Management Ltd.,4005523,Traditional Investment Managers,0,Canada
4355642,Horizon Investments LLC,4118373,Traditional Investment Managers,0,USA
4355642,St James's Place Unit Trust Group Ltd.,5759900,Traditional Investment Managers,0,United Kingdom
4355642,Taikang Asset Management (Hong Kong) Co. Ltd.,4581365,Traditional Investment Managers,0,Hong Kong
4355642,China Galaxy International Asset Management (Hong Kong) Co. Ltd,5862433,Traditional Investment Managers,0,Hong Kong
4355642,Uni-President Assets Management Corp.,4281886,Traditional Investment Managers,0,Taiwan
4355642,Rosefinch Fund Management Co. Ltd.,19437756,Traditional Investment Managers,0,China
4355642,Mercer Investments LLC,4119790,Traditional Investment Managers,0,USA
4355642,Highbridge Capital Management LLC,4095386,Hedge Fund Managers (<5% stake),0,USA
4355642,Nippon Life India Asset Management Ltd.,4139779,Traditional Investment Managers,0,India
4355642,Taiping Assets Management (HK) Company Ltd.,4577892,Traditional Investment Managers,0,Hong Kong
4355642,Zhongtai Securities (Shanghai) Asset Management Co.Ltd.,5855481,Traditional Investment Managers,0,China
4355642,Nanhua Fund Management Co. Ltd.,11172585,Traditional Investment Managers,0,China
4355642,DWS Investments Singapore Ltd,4117833,Traditional Investment Managers,0,Singapore
4355642,Founder Fubon Fund Management Co. Ltd.,4336717,Traditional Investment Managers,0,China
4355642,JT Asset Management Co. Ltd,5853751,Traditional Investment Managers,0,China
4355642,Resona Asset Management Co. Ltd.,4629378,Traditional Investment Managers,0,Japan
4355642,Lincoln Financial Investments Corp.,4119651,Traditional Investment Managers,0,USA
4355642,Oberweis Asset Management Inc.,4001519,Traditional Investment Managers,0,USA
4355642,Desjardins Global Asset Management Inc.,4226520,Traditional Investment Managers,0,Canada
4355642,Asset Management One Co. Ltd.,4120033,Traditional Investment Managers,0,Japan
4355642,AXA Investment Managers UK Ltd.,4405395,Traditional Investment Managers,0,United Kingdom
4355642,Changjiang Securities(shanghai)Asset Management Co.Ltd.,5866758,Traditional Investment Managers,0,China
4355642,JK Capital Management Ltd.,4259935,Traditional Investment Managers,0,Hong Kong
4355642,"Goldstate Capital Fund Management Co., Ltd.",5777425,Traditional Investment Managers,0,China
4355642,10X Asset Management Pty. LTD,8532130,Traditional Investment Managers,0,South Africa
4355642,Sarasin & Partners LLP,4141040,Traditional Investment Managers,0,United Kingdom
4355642,Allianz Global Investors U.S. LLC,4262519,Traditional Investment Managers,0,USA
4355642,Towarzystwo Funduszy Inwestycyjnych PZU SA,4378744,Traditional Investment Managers,0,Poland
4355642,Swiss Life Asset Mgmt AG,4140617,Traditional Investment Managers,0,Switzerland
4355642,AllianceBernstein Fund Management Ltd.,123879915,Traditional Investment Managers,0,#INVALID COMPANY ID
4355642,Arrowstreet Capital Ltd. Partnership,4049161,Traditional Investment Managers,0,USA
4355642,Harding Loevner LP,110879,Traditional Investment Managers,0,USA
4355642,Fuanda Fund Management Co. Ltd.,5823548,Traditional Investment Managers,0,China
4355642,Sanlam Investment Management (Pty.) Ltd.,4672091,,0,South Africa
4355642,Taishin Securities Investment Trust Co. Ltd.,4278931,Traditional Investment Managers,0,Taiwan
4355642,AHAM Asset Management Bhd.,4190455,Traditional Investment Managers,0,Malaysia
4355642,"Yimin Asset Management Co., Ltd.",4345969,Traditional Investment Managers,0,China
4355642,China Merchants Securities Asset Management Co. Ltd.,4669111,Traditional Investment Managers,0,China
4355642,CR Yuanta Fund Management Co.Ltd.,5829542,Traditional Investment Managers,0,China
4355642,Degroof Petercam Asset Management,4377155,Traditional Investment Managers,0,Belgium
4355642,Xin Yuan Asset Management Co.,4557386,Traditional Investment Managers,0,China
4355642,Baring Asset Management Ltd. (Japan),4138374,Traditional Investment Managers,0,Japan
4355642,SunAmerica Asset Management LLC,111097,Traditional Investment Managers,0,USA
4355642,Ping An of China Asset Management (Hong Kong) Co. Ltd.,4560837,Traditional Investment Managers,0,Hong Kong
4355642,Putnam Fiduciary Trust Co.,1015222,Traditional Investment Managers,0,USA
4355642,Qianhai Alliance Asset Management,8364410,Traditional Investment Managers,0,China
4355642,CCM Partners LP,4055159,Traditional Investment Managers,0,USA
4355642,Australian Super Pty Ltd,4757367,Government Pension Sponsors,0,Australia
4355642,Frank Russell Co.,4025426,,0,USA
4355642,azValor Asset Management SGIIC S.A.U.,4873872,Traditional Investment Managers,0,Spain
4355642,SPARX Asset Management Co. Ltd.,4111802,Traditional Investment Managers,0,Japan
4355642,Themes Management Co.,112247511,Traditional Investment Managers,0,USA
4355642,Soochow Asset Management Co. Ltd.,4139902,Traditional Investment Managers,0,China
4355642,Xingyin Fund Management Co. Ltd.,7731166,Traditional Investment Managers,0,China
4355642,MSCI Inc.,4167462,Banks/Investment Banks,0,USA
4355642,Marlborough Fund Managers Ltd.,4138146,Traditional Investment Managers,0,United Kingdom
4355642,"Hongta Hotland Asset Management Co., Ltd.",5841553,Traditional Investment Managers,0,China
4355642,Liontrust Asset Management PLC,4139864,Traditional Investment Managers,0,United Kingdom
4355642,GuideStone Capital Management LLC,4115935,Traditional Investment Managers,0,USA
4355642,Pacific Investment Management Co. LLC,109687,Traditional Investment Managers,0,USA
4355642,Tebon Fund Management Co. Ltd.,4608579,Traditional Investment Managers,0,China
4355642,Segall Bryant & Hamill LLC,110793,Traditional Investment Managers,0,USA
4355642,Keywise Capital Management (HK) Ltd.,4288829,Hedge Fund Managers (<5% stake),0,Hong Kong
4355642,Fubon Asset Management Co. Ltd.,4281837,Traditional Investment Managers,0,Taiwan
4355642,MetLife Investment Management LLC,4187546,Traditional Investment Managers,0,USA
4355642,CCB International Asset Management Ltd.,4281020,Traditional Investment Managers,0,Hong Kong
4355642,Dongxing Asset Management Co. Ltd.,29518821,Traditional Investment Managers,0,China
4355642,Massachusetts Financial Services Company,109763,Traditional Investment Managers,0,USA
4355642,1832 Asset Management LP,4248288,Traditional Investment Managers,0,Canada
4355642,Zhejiang Zheshang Securities Asset Management Co. Ltd.,5843533,Traditional Investment Managers,0,China
4355642,Shin Kong Investment Trust Co. Ltd.,4248806,Traditional Investment Managers,0,Taiwan
4355642,Guotai Junan Assets (Asia) Ltd.,4213180,Traditional Investment Managers,0,Hong Kong
4355642,First Sentier Investors (Australia) IM Ltd,4135241,Traditional Investment Managers,0,Australia
4355642,ABN AMRO Investment Solutions SA,4260136,Traditional Investment Managers,0,France
4355642,Principal Asset Management Bhd.,4190959,Traditional Investment Managers,0,Malaysia
4355642,Abacus FCF Advisors LLC,4307010,Traditional Investment Managers,0,USA
4355642,Macquarie Investment Management Ltd.,4135240,Traditional Investment Managers,0,Australia
4355642,East Capital Asset Management S.A.,5849983,Traditional Investment Managers,0,Luxembourg
4355642,UOB Asset Management Ltd.,4139629,Traditional Investment Managers,0,Singapore
4355642,Huisheng Fund Management Co. Ltd.,106158792,Traditional Investment Managers,0,China
4355642,Cambria Investment Management L.P.,4272541,Traditional Investment Managers,0,USA
4355642,Tongtai Fund Management Co. Ltd.,19438254,Traditional Investment Managers,0,China
4355642,Integrity Fund Management Co. Ltd.,106229912,Traditional Investment Managers,0,China
4355642,China International Capital Corporation Hong Kong Asset Management Ltd.,4543599,Traditional Investment Managers,0,Hong Kong
4355642,Sygnia Asset Management (Pty) Ltd.,4264756,Traditional Investment Managers,0,South Africa
4355642,Old Mutual Multi-Managers,27729917,Traditional Investment Managers,0,South Africa
4355642,Intelligent Alpha LLC,120128743,Traditional Investment Managers,0,USA
4355642,Hexa Asset Management Co. Ltd.,19241294,Traditional Investment Managers,0,#INVALID COMPANY ID
4355642,Hood River Capital Management LLC,4377113,Traditional Investment Managers,0,USA
4355642,CoreCommodity Management LLC,4134208,Traditional Investment Managers,0,USA
4355642,Envestnet Asset Management Inc.,4072215,Traditional Investment Managers,0,USA
4355642,Wilshire Advisors LLC,4048818,Traditional Investment Managers,0,USA
4355642,CI Global Asset Management,4114882,Traditional Investment Managers,0,Canada
4355642,Lombard Odier Asset Management (Europe) Ltd.,4289501,Traditional Investment Managers,0,United Kingdom
4355642,"AVIC Fund Management Co., Ltd.",5880770,Traditional Investment Managers,0,China
4355642,ProShare Advisors LLC,4153606,Traditional Investment Managers,0,USA
4355642,Wilmington Funds Management Corp.,4026915,Traditional Investment Managers,0,USA
4355642,Thompson Siegel & Walmsley LLC,109931,Traditional Investment Managers,0,USA
4355642,China International Capital Corp. Ltd.,4138232,Banks/Investment Banks,0,China
4355642,Green Fund Management Co. Ltd.,11220187,Traditional Investment Managers,0,China
4355642,Virtus ETF Advisers LLC,4419277,,0,USA
4355642,Driehaus Capital Management LLC,111537,Traditional Investment Managers,0,USA
4355642,European And Global Advisers LLP,10346719,Traditional Investment Managers,0,United Kingdom
4355642,Topright Fund Management Co. Ltd.,109399086,Traditional Investment Managers,0,China
4355642,Bohai Huijin Securities Asset Management Co. Ltd.,4937020,Traditional Investment Managers,0,China
4355642,NFJ Investment Group LLC,26632854,Traditional Investment Managers,0,USA
4355642,Dongxing Securities Corporation Ltd.,4772536,Traditional Investment Managers,0,China
4355642,Lumyna Investments Ltd.,19350037,Traditional Investment Managers,0,United Kingdom
4355642,China Reform Securities Company Ltd.,4824802,Traditional Investment Managers,0,China
4355642,United Vision Asset Management Co. Ltd.,15102304,Traditional Investment Managers,0,China
4355642,Rhumbline Advisers Ltd Partnership,109968,Traditional Investment Managers,0,USA
4355642,Shanxi Securities Co. Ltd.,4319350,Traditional Investment Managers,0,China
4355642,Anima SGR SpA,4137693,Traditional Investment Managers,0,Italy
4355642,Hang Seng Qianhai Fund Management Co. Ltd.,4860042,Traditional Investment Managers,0,China
4355642,CCB Fund Management Co. Ltd.,28469313,Traditional Investment Managers,0,China
4355642,ICBC Asset Management (Global) Co. Ltd.,4270311,Traditional Investment Managers,0,Hong Kong
4355642,Beixin Ruifeng Fund Management Co. Ltd.,5853282,Traditional Investment Managers,0,China
4355642,Geometria Quant S.L.,25461354,Traditional Investment Managers,0,Spain
4355642,Sustainable Growth Advisers LP,4119489,Traditional Investment Managers,0,USA
4355642,PNC Financial Services Group Inc.,100406,Banks/Investment Banks,0,USA
4355642,TCW Group Inc.,109947,Traditional Investment Managers,0,USA
4355642,Astute Fund Management Bhd.,4138115,Traditional Investment Managers,0,Malaysia
4355642,Heron View Partners LLC,4055966,Traditional Investment Managers,0,USA
4355642,Old Mutual Investment Group (Pty) Ltd.,4140566,Traditional Investment Managers,0,South Africa
4355642,GAMMA Investing LLC,26480935,Traditional Investment Managers,0,USA
4355642,Yimi Fund Management Co. Ltd.,110719123,Traditional Investment Managers,0,#INVALID COMPANY ID
4355642,Vident Asset Management,4556203,Traditional Investment Managers,0,USA
4355642,Donghai Funds Management Co. Ltd.,4587777,Traditional Investment Managers,0,China
4355642,Ancora Advisors LLC,4117990,Traditional Investment Managers,0,USA
4355642,Jinxin Fund Management Co. Ltd.,5879050,Traditional Investment Managers,0,China
4355642,"CS Richland Asset Management Co., Ltd.",6892772,Traditional Investment Managers,0,China
4355642,IMA Advisory Services Inc.,4093059,Traditional Investment Managers,0,USA
4355642,BNP Paribas Securities Corp.,109247,Banks/Investment Banks,0,USA
4355642,Vanguard Group Inc.,109776,Traditional Investment Managers,0,USA
4355642,Lombard Odier (Hong Kong) Ltd.,4139728,Traditional Investment Managers,0,Hong Kong
4355642,AXA Investment Managers SA,4144380,Traditional Investment Managers,0,France
4355642,Jih Sun Securities Investment Trust Co. Ltd.,4239293,Traditional Investment Managers,0,Taiwan
4355642,Premia Partners,10533696,Traditional Investment Managers,0,Hong Kong
4355642,BNY Mellon ETF Investment Adviser LLC,19342220,Traditional Investment Managers,0,USA
4355642,Signature Equity Partners LLC,112689727,Traditional Investment Managers,0,USA
4355642,UBS Securities LLC,109295,Banks/Investment Banks,0,USA
4355642,Bank of America Corp.,100369,Banks/Investment Banks,-0.01,USA
4355642,Citigroup Inc.,4041896,Banks/Investment Banks,-0.05,USA
4984938,Shenzhen Chengtun Industrial Development Co. Ltd.,7755796,Corporations (Private),16.25,China
4984938,BYD Company Ltd.,4217796,Corporations (Public),5.34,China
4984938,Jian Hua Li,,Individuals/Insiders,2.76,China
4984938,Hong Kong Exchanges and Clearing Ltd.,4322619,Banks/Investment Banks,2.54,Hong Kong
4984938,Sichuan Development Holding Co.Ltd.,4899056,Corporations (Private),2.48,China
4984938,Xiamen Tunchu Investment Partnership (Limited Partnership),20327114,Corporations (Private),2.36,China
4984938,Wuhan Changshixin Industry And Trade Co. Ltd.,9393371,Corporations (Private),1.68,China
4984938,GF Fund Management Co. Ltd.,4138625,Traditional Investment Managers,1.62,China
4984938,SDIC Chuangyi Industry Fund Management Co. Ltd.,10437602,VC/PE Firms (<5% stake),1.55,China
4984938,UBS SDIC Fund Management Co. Ltd.,4417406,Traditional Investment Managers,1.38,China
4984938,Invesco Great Wall Fund Management Co. Ltd,5762318,Traditional Investment Managers,1.21,China
4984938,China Southern Asset Management Co. Ltd.,4435100,Traditional Investment Managers,1.19,China
4984938,China Asset Management Co. Ltd.,4139271,Traditional Investment Managers,1.14,China
4984938,Fullgoal Fund Management Co. Ltd.,4137668,Traditional Investment Managers,1.05,China
4984938,Fujian Shengtun Trading Co. Ltd.,14251480,Corporations (Private),0.98,China
4984938,Harvest Fund Management Co. Ltd.,4140486,Traditional Investment Managers,0.96,China
4984938,Fujian Huamin Import and Export Co. Ltd.,7280941,Corporations (Private),0.93,China
4984938,ABC-CA Fund Management Co. Ltd.,4316929,Traditional Investment Managers,0.68,China
4984938,First-Trust Fund Management Co. Ltd.,4140536,Traditional Investment Managers,0.54,China
4984938,Orient Fund Management Co. Ltd.,4138631,Traditional Investment Managers,0.44,China
4984938,China Universal Asset Management Co. Ltd.,9020942,Traditional Investment Managers,0.38,China
4984938,Guotai Asset Mgmt Co. Ltd.,4138799,Traditional Investment Managers,0.32,China
4984938,E Fund Management Co. Ltd.,4137681,Traditional Investment Managers,0.27,China
4984938,Western Leadbank Fund Management Co. Ltd.,4890277,Traditional Investment Managers,0.25,China
4984938,New China Fund Management Co. Ltd.,4345262,Traditional Investment Managers,0.24,China
4984938,Penghua Fund Management Co. Ltd.,4345260,Traditional Investment Managers,0.23,China
4984938,Vanguard Capital Management LLC,137764443,Traditional Investment Managers,0.22,USA
4984938,First State Cinda Fund Management Co. Ltd.,4368709,Traditional Investment Managers,0.22,China
4984938,Bank of Communications Schroder Fund Management Co. Ltd.,4137941,Traditional Investment Managers,0.2,China
4984938,Huatai-PineBridge Fund Management Co. Ltd.,4345275,Traditional Investment Managers,0.2,China
4984938,Broad Asset Management Co. Ltd.,15012201,Traditional Investment Managers,0.14,China
4984938,"Gfund Management Co., Ltd.",6520584,Traditional Investment Managers,0.14,China
4984938,GWL Investment Management Ltd.,4048184,Traditional Investment Managers,0.14,Canada
4984938,China Post & Capital Fund Management Co. Ltd.,4322244,Traditional Investment Managers,0.12,China
4984938,Yi Zhou,,Individuals/Insiders,0.11,China
4984938,Bosera Asset Management Co. Ltd.,4329445,Traditional Investment Managers,0.1,China
4984938,Zhonggeng Fund Management Co. Ltd.,15135223,Traditional Investment Managers,0.1,China
4984938,Ping An UOB Fund Management Co. Ltd.,4556995,Traditional Investment Managers,0.1,China
4984938,Weijun Deng,,Individuals/Insiders,0.09,China
4984938,Dimensional Fund Advisors LP,111289,Traditional Investment Managers,0.07,USA
4984938,Tibet Eastmoney Fund Management Co.Ltd.,20057752,Traditional Investment Managers,0.07,China
4984938,Tianhong Asset Management Co. Ltd.,4345965,Traditional Investment Managers,0.06,China
4984938,Vanguard Fiduciary Trust Co.,5752504,Traditional Investment Managers,0.06,USA
4984938,Caitong Fund Management,4548312,Traditional Investment Managers,0.06,China
4984938,UOB Asset Management Ltd.,4139629,Traditional Investment Managers,0.06,Singapore
4984938,China Life AMP Asset Management Co. Ltd.,4559567,Traditional Investment Managers,0.06,China
4984938,Shanghai Orient Securities Asset Management Co. Ltd.,5812793,Traditional Investment Managers,0.06,China
4984938,HuaAn Fund Management Company Ltd.,4138661,Traditional Investment Managers,0.05,China
4984938,Kai Lin Yao,,Individuals/Insiders,0.05,China
4984938,Changjiang Securities(shanghai)Asset Management Co.Ltd.,5866758,Traditional Investment Managers,0.05,China
4984938,Wang Qi,,Individuals/Insiders,0.04,China
4984938,ICBC Credit Suisse Fund Management Co. Ltd.,4139311,Traditional Investment Managers,0.04,China
4984938,Yi Fang,,Individuals/Insiders,0.03,China
4984938,Yinhua Fund Management Co. Ltd.,4139415,Traditional Investment Managers,0.03,China
4984938,China Merchants Fund Management Co. Ltd.,4325258,Traditional Investment Managers,0.03,China
4984938,William Blair Investment Management LLC,4578628,Traditional Investment Managers,0.02,USA
4984938,Changsheng Fund Management Co. Ltd.,4311270,Traditional Investment Managers,0.02,China
4984938,China Universal Fund Management Co. Ltd.,27663277,Traditional Investment Managers,0.02,#INVALID COMPANY ID
4984938,Hwabao WP Fund Management Co. Ltd.,4137720,Traditional Investment Managers,0.02,China
4984938,Founder Fubon Fund Management Co. Ltd.,4336717,Traditional Investment Managers,0.02,China
4984938,Zhonghai Fund Management Co. Ltd.,4345268,Traditional Investment Managers,0.02,China
4984938,Rongtong Fund Management Co. Ltd.,4139739,Traditional Investment Managers,0.02,China
4984938,Limin Lei,,Individuals/Insiders,0.01,China
4984938,BlackRock Inc.,4048287,Traditional Investment Managers,0.01,USA
4984938,"Truvalue Asset Management Co.,Ltd.",5866754,Traditional Investment Managers,0.01,China
4984938,ChangAn Fund Management Co.Ltd,5826475,Traditional Investment Managers,0.01,China
4984938,Huafu Fund Management Co. Ltd.,4138775,Traditional Investment Managers,0.01,China
4984938,Charles Schwab Investment Management Inc.,4048695,Traditional Investment Managers,0.01,USA
4984938,ProShare Advisors LLC,4153606,Traditional Investment Managers,0.01,USA
4984938,JP Morgan Asset Management,110092,Traditional Investment Managers,0.01,USA
4984938,HFT Investment Management Co. Ltd. (Group,4784142,Traditional Investment Managers,0.01,China
4984938,Qianhai Alliance Asset Management,8364410,Traditional Investment Managers,0.01,China
4984938,Krane Funds Advisors LLC,4383779,Traditional Investment Managers,0.01,USA
4984938,Wanjia Asset Management Co. Ltd.,4606392,Traditional Investment Managers,0.01,China
4984938,Vanguard Asset Management Ltd.,4723508,Traditional Investment Managers,0,United Kingdom
4984938,Soochow Asset Management Co. Ltd.,4139902,Traditional Investment Managers,0,China
4984938,CCB Principal Asset Management Co. Ltd.,4138221,Traditional Investment Managers,0,China
4984938,Franklin Resources Inc.,102719,Traditional Investment Managers,0,USA
4984938,State Street Global Advisors Inc.,110652,Traditional Investment Managers,0,USA
4984938,Van Eck Associates Corp.,109888,Traditional Investment Managers,0,USA
4984938,CPIC Fund Management Co. Ltd.,4379197,Traditional Investment Managers,0,China
4984938,Legal & General Investment Management Ltd.,4139862,Traditional Investment Managers,0,United Kingdom
4984938,SWS MU Fund Management Co. Ltd.,4139950,Traditional Investment Managers,0,China
4984938,Mirae Asset Global Investments Co. Ltd.,4256114,Traditional Investment Managers,0,South Korea
4984938,Dacheng Fund Management Co. Ltd.,4137754,Traditional Investment Managers,0,China
4984938,Vanguard Investments Australia Ltd.,4138917,Traditional Investment Managers,0,Australia
4984938,Mercer Global Investments Europe Limited,5759394,Traditional Investment Managers,0,Ireland
4984938,Horizon Asset Management Co. Ltd.,5883563,Traditional Investment Managers,0,China
4984938,Morgan Stanley Fund Management (China) Co. Ltd.,4138826,Traditional Investment Managers,0,China
4984938,Amundi Asset Management SAS,4026948,Traditional Investment Managers,0,France
4984938,UBS Asset Management AG,4674815,Traditional Investment Managers,0,Switzerland
4984938,Galaxy Asset Management Co. Ltd.,4138761,Traditional Investment Managers,0,China
4984938,Hongde Fund Management Co. Ltd.,5877799,Traditional Investment Managers,0,China
4984938,DBX Advisors LLC,4318598,Traditional Investment Managers,0,USA
4984938,Goldman Sachs Asset Management LP,110587,Traditional Investment Managers,0,USA
4984938,BlackRock Fund Management Ltd.,107988050,Traditional Investment Managers,0,China
4984938,Boyuan Asset Management Co. Ltd.,25838827,VC/PE Firms (<5% stake),0,China
4984938,Vanguard Group Inc.,109776,Traditional Investment Managers,0,USA
4365897,Chengdu Tianqi Industry Group Co. Ltd.,4357834,Corporations (Private),24.33,China
4365897,Weiping Jiang,,Individuals/Insiders,4.01,China
4365897,Hong Kong Exchanges and Clearing Ltd.,4322619,Banks/Investment Banks,3.98,Hong Kong
4365897,HSBC Global Asset Management (UK) Ltd.,4115698,Traditional Investment Managers,3.11,United Kingdom
4365897,China Securities Finance Corporation Ltd.,4416934,Banks/Investment Banks,1.63,China
4365897,JPMorgan Chase & Co.,100201,Banks/Investment Banks,1.06,USA
4365897,Huatai-PineBridge Fund Management Co. Ltd.,4345275,Traditional Investment Managers,1,China
4365897,UBS Asset Management AG,4674815,Traditional Investment Managers,0.96,Switzerland
4365897,Pacific Asset Management Co. Ltd.,4562690,Traditional Investment Managers,0.85,China
4365897,Harvest Fund Management Co. Ltd.,4140486,Traditional Investment Managers,0.72,China
4365897,E Fund Management Co. Ltd.,4137681,Traditional Investment Managers,0.71,China
4365897,LG Chem Ltd.,4336566,Corporations (Public),0.65,South Korea
4365897,Jane Street Group LLC,4437851,Traditional Investment Managers,0.61,USA
4365897,Vanguard Capital Management LLC,137764443,Traditional Investment Managers,0.59,USA
4365897,China Southern Asset Management Co. Ltd.,4435100,Traditional Investment Managers,0.58,China
4365897,China Asset Management Co. Ltd.,4139271,Traditional Investment Managers,0.54,China
4365897,Orient Fund Management Co. Ltd.,4138631,Traditional Investment Managers,0.44,China
4365897,Greenwoods Asset Management Ltd.,4135197,Hedge Fund Managers (<5% stake),0.42,China
4365897,China Universal Asset Management Co. Ltd.,9020942,Traditional Investment Managers,0.4,China
4365897,CITIC Fund Management Co. Ltd.,4140115,Traditional Investment Managers,0.39,China
4365897,Morgan Stanley,103042,Banks/Investment Banks,0.38,USA
4365897,Mirae Asset Global Investments Co. Ltd.,4256114,Traditional Investment Managers,0.38,South Korea
4365897,GF Fund Management Co. Ltd.,4138625,Traditional Investment Managers,0.35,China
4365897,Fullgoal Fund Management Co. Ltd.,4137668,Traditional Investment Managers,0.35,China
4365897,Guotai Asset Mgmt Co. Ltd.,4138799,Traditional Investment Managers,0.33,China
4365897,BlackRock Inc.,4048287,Traditional Investment Managers,0.3,USA
4365897,Candriam Société En Commandite Par Actions,4578989,Traditional Investment Managers,0.22,Luxembourg
4365897,ICBC Credit Suisse Fund Management Co. Ltd.,4139311,Traditional Investment Managers,0.22,China
4365897,Shanghai Orient Securities Asset Management Co. Ltd.,5812793,Traditional Investment Managers,0.2,China
4365897,JP Morgan Asset Management,110092,Traditional Investment Managers,0.18,USA
4365897,First-Trust Fund Management Co. Ltd.,4140536,Traditional Investment Managers,0.18,China
4365897,Millennium Management LLC,4135463,Hedge Fund Managers (<5% stake),0.17,USA
4365897,Vanguard Fiduciary Trust Co.,5752504,Traditional Investment Managers,0.16,USA
4365897,Barclays Bank PLC,4041196,Banks/Investment Banks,0.15,United Kingdom
4365897,"Gfund Management Co., Ltd.",6520584,Traditional Investment Managers,0.13,China
4365897,Penghua Fund Management Co. Ltd.,4345260,Traditional Investment Managers,0.13,China
4365897,HuaAn Fund Management Company Ltd.,4138661,Traditional Investment Managers,0.12,China
4365897,Dimensional Fund Advisors LP,111289,Traditional Investment Managers,0.12,USA
4365897,Mackenzie Financial Corp.,106960,Traditional Investment Managers,0.1,Canada
4365897,Bosera Asset Management Co. Ltd.,4329445,Traditional Investment Managers,0.09,China
4365897,China Merchants Fund Management Co. Ltd.,4325258,Traditional Investment Managers,0.09,China
4365897,Ping An UOB Fund Management Co. Ltd.,4556995,Traditional Investment Managers,0.08,China
4365897,Tianhong Asset Management Co. Ltd.,4345965,Traditional Investment Managers,0.08,China
4365897,ALPS Advisors Inc.,4143440,Traditional Investment Managers,0.06,USA
4365897,CITIC-Prudential Fund Management Company Ltd.,4345966,Traditional Investment Managers,0.06,China
4365897,Bank of Communications Schroder Fund Management Co. Ltd.,4137941,Traditional Investment Managers,0.06,China
4365897,Tibet Eastmoney Fund Management Co.Ltd.,20057752,Traditional Investment Managers,0.06,China
4365897,Causeway Capital Management LLC,4095848,Traditional Investment Managers,0.06,USA
4365897,Amundi Asset Management SAS,4026948,Traditional Investment Managers,0.06,France
4365897,GWL Investment Management Ltd.,4048184,Traditional Investment Managers,0.05,Canada
4365897,Zhonghai Fund Management Co. Ltd.,4345268,Traditional Investment Managers,0.05,China
4365897,"Truvalue Asset Management Co.,Ltd.",5866754,Traditional Investment Managers,0.05,China
4365897,Baillie Gifford & Co.,4026973,Traditional Investment Managers,0.05,United Kingdom
4365897,Lion Fund Management Co. Ltd.,4139789,Traditional Investment Managers,0.05,China
4365897,Changjiang Securities(shanghai)Asset Management Co.Ltd.,5866758,Traditional Investment Managers,0.04,China
4365897,State Street Global Advisors Inc.,110652,Traditional Investment Managers,0.04,USA
4365897,SWS MU Fund Management Co. Ltd.,4139950,Traditional Investment Managers,0.04,China
4365897,Invesco Great Wall Fund Management Co. Ltd,5762318,Traditional Investment Managers,0.04,China
4365897,Rongtong Fund Management Co. Ltd.,4139739,Traditional Investment Managers,0.04,China
4365897,Hwabao WP Fund Management Co. Ltd.,4137720,Traditional Investment Managers,0.04,China
4365897,Bank of Communications Schroder Asset Management Co. Ltd.,5879924,Traditional Investment Managers,0.03,China
4365897,China Asset Management (Hong Kong) Ltd.,4388745,Traditional Investment Managers,0.03,Hong Kong
4365897,Yinhua Fund Management Co. Ltd.,4139415,Traditional Investment Managers,0.03,China
4365897,Wanjia Asset Management Co. Ltd.,4606392,Traditional Investment Managers,0.03,China
4365897,Geode Capital Management LLC,4119759,Traditional Investment Managers,0.03,USA
4365897,Dacheng Fund Management Co. Ltd.,4137754,Traditional Investment Managers,0.03,China
4365897,Wei Guo,,Individuals/Insiders,0.03,China
4365897,DBX Advisors LLC,4318598,Traditional Investment Managers,0.03,USA
4365897,New China Fund Management Co. Ltd.,4345262,Traditional Investment Managers,0.03,China
4365897,CITIC Securities Asset Management (HK) Ltd.,5806591,Traditional Investment Managers,0.02,Hong Kong
4365897,Charles Schwab Investment Management Inc.,4048695,Traditional Investment Managers,0.02,USA
4365897,Baoying Fund Management Co. Ltd.,4138088,Traditional Investment Managers,0.02,China
4365897,CTBC Securities Investment Trust Co. Ltd.,4241120,Traditional Investment Managers,0.02,Taiwan
4365897,Peng Yang Fund Management Co. Ltd.,11183019,Traditional Investment Managers,0.02,China
4365897,Vanguard Asset Management Ltd.,4723508,Traditional Investment Managers,0.02,United Kingdom
4365897,"Goldstate Capital Fund Management Co., Ltd.",5777425,Traditional Investment Managers,0.02,China
4365897,Northern Trust Global Investments,4272373,Traditional Investment Managers,0.02,United Kingdom
4365897,Neuberger Berman Fund management (China) Co. Ltd.,106535824,Traditional Investment Managers,0.02,#INVALID COMPANY ID
4365897,Strategic Advisers LLC,4102073,Traditional Investment Managers,0.02,USA
4365897,IG Investment Management Ltd.,4005523,Traditional Investment Managers,0.02,Canada
4365897,Matthews International Capital Management LLC,110787,Traditional Investment Managers,0.02,USA
4365897,Taikang Fund Management Co. Ltd.,109523595,Traditional Investment Managers,0.02,China
4365897,Eurizon Capital SGR SpA,4324456,Traditional Investment Managers,0.02,Italy
4365897,Norges Bank Investment Management,4138467,Sovereign Wealth Funds (<5% stake),0.02,Norway
4365897,First State Cinda Fund Management Co. Ltd.,4368709,Traditional Investment Managers,0.02,China
4365897,China Universal Fund Management Co. Ltd.,27663277,Traditional Investment Managers,0.02,#INVALID COMPANY ID
4365897,Tidal Investments LLC,4338202,Traditional Investment Managers,0.01,USA
4365897,Goldman Sachs Asset Management LP,110587,Traditional Investment Managers,0.01,USA
4365897,Deutsche Asset & Wealth Management,111219,Traditional Investment Managers,0.01,USA
4365897,Soochow Asset Management Co. Ltd.,4139902,Traditional Investment Managers,0.01,China
4365897,Fidelity Fund Management (China) Co. Ltd.,108500939,Traditional Investment Managers,0.01,China
4365897,WisdomTree Asset Management Inc.,4145691,Traditional Investment Managers,0.01,USA
4365897,Franklin Resources Inc.,102719,Traditional Investment Managers,0.01,USA
4365897,Mercer Global Investments Europe Limited,5759394,Traditional Investment Managers,0.01,Ireland
4365897,Taikang Asset Management Co. Ltd.,4436408,Traditional Investment Managers,0.01,China
4365897,Essence Fund Management Co. Ltd,5837129,Traditional Investment Managers,0.01,China
4365897,Changsheng Fund Management Co. Ltd.,4311270,Traditional Investment Managers,0.01,China
4365897,CCB Principal Asset Management Co. Ltd.,4138221,Traditional Investment Managers,0.01,China
4365897,BetaShares Capital Ltd.,4578944,Traditional Investment Managers,0.01,Australia
4365897,HFT Investment Management Co. Ltd. (Group,4784142,Traditional Investment Managers,0.01,China
4365897,CPIC Fund Management Co. Ltd.,4379197,Traditional Investment Managers,0.01,China
4365897,UBS SDIC Fund Management Co. Ltd.,4417406,Traditional Investment Managers,0.01,China
4365897,CSOP Asset Management Ltd.,4408592,Traditional Investment Managers,0.01,Hong Kong
4365897,Founder Fubon Fund Management Co. Ltd.,4336717,Traditional Investment Managers,0.01,China
4365897,"First Seafront Fund Management Co., Ltd",5851125,Traditional Investment Managers,0.01,China
4365897,Minsheng Royal Fund Management Co. Ltd.,4316799,Traditional Investment Managers,0.01,China
4365897,Huafu Fund Management Co. Ltd.,4138775,Traditional Investment Managers,0.01,China
4365897,Legal & General Investment Management Ltd.,4139862,Traditional Investment Managers,0.01,United Kingdom
4365897,China Life AMP Asset Management Co. Ltd.,4559567,Traditional Investment Managers,0.01,China
4365897,Fuanda Fund Management Co. Ltd.,5823548,Traditional Investment Managers,0.01,China
4365897,Acadian Asset Management LLC,110495,Traditional Investment Managers,0.01,USA
4365897,Aberdeen Group PLC,4145085,Traditional Investment Managers,0.01,United Kingdom
4365897,Krane Funds Advisors LLC,4383779,Traditional Investment Managers,0.01,USA
4365897,Capital Investment Trust Corp.,4225018,Traditional Investment Managers,0.01,Taiwan
4365897,Invesco Capital Management LLC,4117611,Traditional Investment Managers,0.01,USA
4365897,Principal Global Investors LLC,4089114,Traditional Investment Managers,0,USA
4365897,Western Leadbank Fund Management Co. Ltd.,4890277,Traditional Investment Managers,0,China
4365897,Teachers Insurance and Annuity Association-College Retirement Equities Fund,4270330,Traditional Investment Managers,0,USA
4365897,Bank of Beijing Scotiabank Asset Management Co. Ltd.,4396635,Traditional Investment Managers,0,China
4365897,Fidelity International Ltd.,4020980,Traditional Investment Managers,0,Bermuda
4365897,ABC-CA Fund Management Co. Ltd.,4316929,Traditional Investment Managers,0,China
4365897,BOCI-Prudential Asset Management Ltd.,4138118,Traditional Investment Managers,0,Hong Kong
4365897,Great Wall Fund Management Co. Ltd.,4138760,Traditional Investment Managers,0,China
4365897,SEI Investments Co.,102729,Traditional Investment Managers,0,USA
4365897,ICBC UBS Asset Management (International) Company Ltd.,4641730,Traditional Investment Managers,0,Hong Kong
4365897,Mitsubishi UFJ Asset Management Co. Ltd.,4607441,Traditional Investment Managers,0,Japan
4365897,AllianceBernstein LP,109806,Traditional Investment Managers,0,USA
4365897,Citic Securities Co. Ltd.,4290440,Banks/Investment Banks,0,China
4365897,Straits Investment Management Pte. Ltd.,14821347,Traditional Investment Managers,0,Singapore
4365897,ProShare Advisors LLC,4153606,Traditional Investment Managers,0,USA
4365897,Aviva Investors Global Services Ltd.,4376121,Traditional Investment Managers,0,United Kingdom
4365897,Springs Fund Management Co.Ltd.,108037678,Traditional Investment Managers,0,China
4365897,"Hongta Hotland Asset Management Co., Ltd.",5841553,Traditional Investment Managers,0,China
4365897,BNP Paribas Asset Management Europe,4784107,Traditional Investment Managers,0,France
4365897,BMO Asset Management Corp.,109988,Traditional Investment Managers,0,USA
4365897,Van Eck Associates Corp.,109888,Traditional Investment Managers,0,USA
4365897,Bank of China Investment Management Co. Ltd.,4137999,Traditional Investment Managers,0,China
4365897,Guolian Fund Management Company Ltd.,4878959,Traditional Investment Managers,0,China
4365897,Neuberger Berman Investment Advisers LLC,109731,Traditional Investment Managers,0,USA
4365897,PICC Asset Management Co. Ltd.,4341872,Traditional Investment Managers,0,China
4365897,CIBC Asset Management Inc.,4048742,Traditional Investment Managers,0,Canada
4365897,Broad Asset Management Co. Ltd.,15012201,Traditional Investment Managers,0,China
4365897,First Trust Advisors LP,4033550,Traditional Investment Managers,0,USA
4365897,Pictet Asset Management Ltd.,111267,Traditional Investment Managers,0,United Kingdom
4365897,Vanguard Investments Australia Ltd.,4138917,Traditional Investment Managers,0,Australia
4365897,Huisheng Fund Management Co. Ltd.,106158792,Traditional Investment Managers,0,China
4365897,Maxwealth Fund Management Co. Ltd.,4536183,Traditional Investment Managers,0,China
4365897,Hongde Fund Management Co. Ltd.,5877799,Traditional Investment Managers,0,China
4365897,"Yimin Asset Management Co., Ltd.",4345969,Traditional Investment Managers,0,China
4365897,"Zhong Ou Fund Management Co., Ltd",5860959,Traditional Investment Managers,0,China
4365897,Numeric Investors LLC,110153,Hedge Fund Managers (<5% stake),0,USA
4365897,BNY Asset Management,4057506,Traditional Investment Managers,0,USA
4365897,Danske Bank A/S,4080954,Traditional Investment Managers,0,Denmark
4365897,Galaxy Asset Management Co. Ltd.,4138761,Traditional Investment Managers,0,China
4365897,Eaton Vance Management,109754,Traditional Investment Managers,0,USA
4365897,Themes Management Co.,112247511,Traditional Investment Managers,0,USA
4365897,Global X Management (Aus) Ltd.,8365031,Traditional Investment Managers,0,Australia
4365897,KLP Kapitalforvaltning AS,4138888,Traditional Investment Managers,0,Norway
4365897,Keywise Capital Management (HK) Ltd.,4288829,Hedge Fund Managers (<5% stake),0,Hong Kong
4365897,Amova Asset Management Co. Ltd.,4107954,,0,Japan
4365897,Invesco Hong Kong Ltd.,4120029,Traditional Investment Managers,0,Hong Kong
4365897,Sumitomo Mitsui Trust Asset Management Co. Ltd.,4318240,Traditional Investment Managers,0,Japan
4365897,Pacific Investment Management Co. LLC,109687,Traditional Investment Managers,0,USA
4365897,Caitong Fund Management,4548312,Traditional Investment Managers,0,China
4365897,Manulife Asset Management,5747632,Traditional Investment Managers,0,Canada
4365897,KBC Asset Management NV,4111901,Traditional Investment Managers,0,Belgium
4365897,Degroof Petercam Asset Management,4377155,Traditional Investment Managers,0,Belgium
4365897,CIB Fund Management Co. Ltd,4404664,Traditional Investment Managers,0,China
4365897,MultiConcept Fund Management S.A.,5760837,Traditional Investment Managers,0,Luxembourg
4365897,Zhongtai Securities (Shanghai) Asset Management Co.Ltd.,5855481,Traditional Investment Managers,0,China
4365897,Voya Investment Management LLC,4048215,Traditional Investment Managers,0,USA
4365897,Focusbridge Investments Ltd.,15102002,Traditional Investment Managers,0,China
4365897,RBC Global Asset Management Inc.,4281265,Traditional Investment Managers,0,Canada
4365897,China Post & Capital Fund Management Co. Ltd.,4322244,Traditional Investment Managers,0,China
4365897,Allianz Asset Management GmbH,4208127,Traditional Investment Managers,0,Germany
4365897,Harding Loevner LP,110879,Traditional Investment Managers,0,USA
4365897,Security Kapitalanlage AG,4140057,Traditional Investment Managers,0,Austria
4365897,Tongtai Fund Management Co. Ltd.,19438254,Traditional Investment Managers,0,China
4365897,Swiss Life Asset Mgmt AG,4140617,Traditional Investment Managers,0,Switzerland
4365897,China Fund Management Co. Ltd.,5868824,Traditional Investment Managers,0,China
4365897,Lazard Asset Management LLC,110386,Traditional Investment Managers,0,USA
4365897,Guodu Securities Co.Ltd.,4297985,Traditional Investment Managers,0,China
4365897,BNPP Asset Management Holding,13582910,Traditional Investment Managers,0,France
4365897,AXA SPDB Investment Managers Co. Ltd.,4332537,Traditional Investment Managers,0,China
4365897,BOSC Asset Management Ltd.,4553770,Traditional Investment Managers,0,China
4365897,Hang Seng Investment Management Ltd.,4138797,Traditional Investment Managers,0,Hong Kong
4365897,Franklin Templeton Sealand Fund Management Co. Ltd.,4550448,Traditional Investment Managers,0,China
4365897,Resona Asset Management Co. Ltd.,4629378,Traditional Investment Managers,0,Japan
4365897,BlackRock Fund Management Ltd.,107988050,Traditional Investment Managers,0,China
4365897,SunAmerica Asset Management LLC,111097,Traditional Investment Managers,0,USA
4365897,1832 Asset Management LP,4248288,Traditional Investment Managers,0,Canada
4365897,"AVIC Fund Management Co., Ltd.",5880770,Traditional Investment Managers,0,China
4365897,Russell Investment Management LLC,111359,Traditional Investment Managers,0,USA
4365897,Nissay Asset Management Corp.,4116134,Traditional Investment Managers,0,Japan
4365897,China International Capital Corp. Ltd.,4138232,Banks/Investment Banks,0,China
4365897,Horizon Asset Management Co. Ltd.,5883563,Traditional Investment Managers,0,China
4365897,China Merchants Securities Asset Management Co. Ltd.,4669111,Traditional Investment Managers,0,China
4365897,Everbright Pramerica Fund Management Co.,4137684,,0,China
4365897,Dongxing Asset Management Co. Ltd.,29518821,Traditional Investment Managers,0,China
4365897,HSBC Jintrust Fund Management Co. Ltd.,4820048,Traditional Investment Managers,0,China
4365897,USCF Advisers LLC,4560796,Traditional Investment Managers,0,USA
4365897,BOC International (China) Co. Ltd.,4315032,Traditional Investment Managers,0,China
4365897,Lincoln Financial Investments Corp.,4119651,Traditional Investment Managers,0,USA
4365897,Qianhai Alliance Asset Management,8364410,Traditional Investment Managers,0,China
4365897,BNY Mellon ETF Investment Adviser LLC,19342220,Traditional Investment Managers,0,USA
4365897,Vanguard Group Inc.,109776,Traditional Investment Managers,0,USA
4365897,Jane Street Capital LLC,4110759,Banks/Investment Banks,0,USA
4365897,CICC Fund Management Co. Ltd.,4677331,Traditional Investment Managers,-0.89,China
4354854,Tibet Mining Asset Operation Co. Ltd.,8346705,Corporations (Private),20.88,China
4354854,E Fund Management Co. Ltd.,4137681,Traditional Investment Managers,11.45,China
4354854,Hong Kong Exchanges and Clearing Ltd.,4322619,Banks/Investment Banks,2.03,Hong Kong
4354854,First-Trust Fund Management Co. Ltd.,4140536,Traditional Investment Managers,0.99,China
4354854,Chengdu Tianqi Industry Group Co. Ltd.,4357834,Corporations (Private),0.88,China
4354854,China Southern Asset Management Co. Ltd.,4435100,Traditional Investment Managers,0.73,China
4354854,China Asset Management Co. Ltd.,4139271,Traditional Investment Managers,0.46,China
4354854,UBS Asset Management AG,4674815,Traditional Investment Managers,0.42,Switzerland
4354854,Fullgoal Fund Management Co. Ltd.,4137668,Traditional Investment Managers,0.4,China
4354854,China Universal Asset Management Co. Ltd.,9020942,Traditional Investment Managers,0.4,China
4354854,Harvest Fund Management Co. Ltd.,4140486,Traditional Investment Managers,0.38,China
4354854,GF Fund Management Co. Ltd.,4138625,Traditional Investment Managers,0.33,China
4354854,Vanguard Capital Management LLC,137764443,Traditional Investment Managers,0.23,USA
4354854,Ping An UOB Fund Management Co. Ltd.,4556995,Traditional Investment Managers,0.11,China
4354854,Penghua Fund Management Co. Ltd.,4345260,Traditional Investment Managers,0.08,China
4354854,Dacheng Fund Management Co. Ltd.,4137754,Traditional Investment Managers,0.08,China
4354854,Tianhong Asset Management Co. Ltd.,4345965,Traditional Investment Managers,0.07,China
4354854,Tibet Eastmoney Fund Management Co.Ltd.,20057752,Traditional Investment Managers,0.07,China
4354854,Guotai Asset Mgmt Co. Ltd.,4138799,Traditional Investment Managers,0.07,China
4354854,Vanguard Fiduciary Trust Co.,5752504,Traditional Investment Managers,0.06,USA
4354854,Dimensional Fund Advisors LP,111289,Traditional Investment Managers,0.05,USA
4354854,Bosera Asset Management Co. Ltd.,4329445,Traditional Investment Managers,0.04,China
4354854,China Merchants Fund Management Co. Ltd.,4325258,Traditional Investment Managers,0.04,China
4354854,China Post & Capital Fund Management Co. Ltd.,4322244,Traditional Investment Managers,0.04,China
4354854,ICBC Credit Suisse Fund Management Co. Ltd.,4139311,Traditional Investment Managers,0.04,China
4354854,Huatai-PineBridge Fund Management Co. Ltd.,4345275,Traditional Investment Managers,0.03,China
4354854,Western Leadbank Fund Management Co. Ltd.,4890277,Traditional Investment Managers,0.03,China
4354854,HuaAn Fund Management Company Ltd.,4138661,Traditional Investment Managers,0.02,China
4354854,ProShare Advisors LLC,4153606,Traditional Investment Managers,0.02,USA
4354854,GWL Investment Management Ltd.,4048184,Traditional Investment Managers,0.02,Canada
4354854,China Universal Fund Management Co. Ltd.,27663277,Traditional Investment Managers,0.02,#INVALID COMPANY ID
4354854,Zhonghai Fund Management Co. Ltd.,4345268,Traditional Investment Managers,0.02,China
4354854,Wanjia Asset Management Co. Ltd.,4606392,Traditional Investment Managers,0.01,China
4354854,Huafu Fund Management Co. Ltd.,4138775,Traditional Investment Managers,0.01,China
4354854,State Street Global Advisors Inc.,110652,Traditional Investment Managers,0.01,USA
4354854,HFT Investment Management Co. Ltd. (Group,4784142,Traditional Investment Managers,0.01,China
4354854,Yinhua Fund Management Co. Ltd.,4139415,Traditional Investment Managers,0.01,China
4354854,Jintao Zhang,,Individuals/Insiders,0.01,China
4354854,Tai Zeng,,Individuals/Insiders,0.01,China
4354854,Yingchun Wang,,Individuals/Insiders,0,China
4354854,Buqiong Tsering,,Individuals/Insiders,0,China
4354854,Hwabao WP Fund Management Co. Ltd.,4137720,Traditional Investment Managers,0,China
4354854,Huashang Fund Management Co. Ltd.,7059915,Traditional Investment Managers,0,China
4354854,Golden Eagle Asset Management Co. Ltd.,4138496,Traditional Investment Managers,0,China
4354854,Hongde Fund Management Co. Ltd.,5877799,Traditional Investment Managers,0,China
4354854,JP Morgan Asset Management,110092,Traditional Investment Managers,0,USA
4354854,SWS MU Fund Management Co. Ltd.,4139950,Traditional Investment Managers,0,China
4354854,La Ni,,Individuals/Insiders,0,China
4354854,Minsheng Royal Fund Management Co. Ltd.,4316799,Traditional Investment Managers,0,China
4354854,Vanguard Asset Management Ltd.,4723508,Traditional Investment Managers,0,United Kingdom
4354854,Invesco Great Wall Fund Management Co. Ltd,5762318,Traditional Investment Managers,0,China
4354854,Caitong Securities Asset Management Co.Ltd.,5810740,Traditional Investment Managers,0,China
4354854,Orient Fund Management Co. Ltd.,4138631,Traditional Investment Managers,0,China
4354854,ABC-CA Fund Management Co. Ltd.,4316929,Traditional Investment Managers,0,China
4354854,First State Cinda Fund Management Co. Ltd.,4368709,Traditional Investment Managers,0,China
4354854,Caitong Fund Management,4548312,Traditional Investment Managers,0,China
4354854,Vanguard Group Inc.,109776,Traditional Investment Managers,0,USA
